{
"type": "FeatureCollection",
"name": "buildings",
"crs": { "type": "name", "properties": { "name": "urn:ogc:def:crs:OGC:1.3:CRS84" } },
"features": [
{ "type": "Feature", "properties": { "name": "Judging Pavilion", "building": "yes", "building:levels": null, "amenity": null, "cuisine": null, "shop": null, "osm_id": "node/368166622" }, "geometry": { "type": "Point", "coordinates": [ -119.7395879, 36.8168942 ] } },
{ "type": "Feature", "properties": { "name": "Horse Unit", "building": "yes", "building:levels": null, "amenity": null, "cuisine": null, "shop": null, "osm_id": "node/368166623" }, "geometry": { "type": "Point", "coordinates": [ -119.743477, 36.8163387 ] } },
{ "type": "Feature", "properties": { "name": "Dairy Unit", "building": "yes", "building:levels": null, "amenity": null, "cuisine": null, "shop": null, "osm_id": "node/368166624" }, "geometry": { "type": "Point", "coordinates": [ -119.7365323, 36.817172 ] } },
{ "type": "Feature", "properties": { "name": "California Agricultural Technical Institute", "building": "yes", "building:levels": null, "amenity": null, "cuisine": null, "shop": null, "osm_id": "node/368166626" }, "geometry": { "type": "Point", "coordinates": [ -119.7370878, 36.8160609 ] } },
{ "type": "Feature", "properties": { "name": "Beef Unit", "building": "yes", "building:levels": null, "amenity": null, "cuisine": null, "shop": null, "osm_id": "node/368166627" }, "geometry": { "type": "Point", "coordinates": [ -119.7423659, 36.8168942 ] } },
{ "type": "Feature", "properties": { "name": "Swine Unite", "building": "yes", "building:levels": null, "amenity": null, "cuisine": null, "shop": null, "osm_id": "node/368166671" }, "geometry": { "type": "Point", "coordinates": [ -119.7393101, 36.8168942 ] } },
{ "type": "Feature", "properties": { "name": "Post Harvest Laboratory", "building": "yes", "building:levels": null, "amenity": null, "cuisine": null, "shop": null, "osm_id": "node/368173031" }, "geometry": { "type": "Point", "coordinates": [ -119.7356988, 36.8155054 ] } },
{ "type": "Feature", "properties": { "name": "Center for Irrigation Technology", "building": "yes", "building:levels": null, "amenity": null, "cuisine": null, "shop": null, "osm_id": "node/368173034" }, "geometry": { "type": "Point", "coordinates": [ -119.7368352, 36.8155307 ] } },
{ "type": "Feature", "properties": { "name": "Downing Planetarium", "building": "yes", "building:levels": null, "amenity": null, "cuisine": null, "shop": null, "osm_id": "node/4553174206" }, "geometry": { "type": "Point", "coordinates": [ -119.7443421, 36.8145649 ] } },
{ "type": "Feature", "properties": { "name": "University Business Center", "building": "university", "building:levels": null, "amenity": null, "cuisine": null, "shop": null, "osm_id": "node/8819928339" }, "geometry": { "type": "Point", "coordinates": [ -119.743124, 36.8129567 ] } },
{ "type": "Feature", "properties": { "name": "Valley Children's Stadium", "building": "stadium", "building:levels": null, "amenity": null, "cuisine": null, "shop": null, "osm_id": "relation/2520557" }, "geometry": { "type": "Polygon", "coordinates": [ [ [ -119.7581415, 36.8151614 ], [ -119.7580074, 36.8151592 ], [ -119.758002, 36.8152473 ], [ -119.7578116, 36.8152237 ], [ -119.7577928, 36.8152688 ], [ -119.7576399, 36.8152194 ], [ -119.7575702, 36.8151764 ], [ -119.7575541, 36.8152 ], [ -119.7574844, 36.8151592 ], [ -119.7574602, 36.8151786 ], [ -119.7574012, 36.8151163 ], [ -119.7573664, 36.8151378 ], [ -119.7573073, 36.8150734 ], [ -119.7572913, 36.8150819 ], [ -119.757243, 36.8150025 ], [ -119.7572108, 36.8150175 ], [ -119.7571598, 36.8149252 ], [ -119.7570123, 36.8149445 ], [ -119.7569882, 36.8147663 ], [ -119.7569452, 36.8146782 ], [ -119.7569479, 36.8145279 ], [ -119.7569023, 36.8145236 ], [ -119.7569023, 36.8142681 ], [ -119.7569452, 36.814266 ], [ -119.7569479, 36.8141156 ], [ -119.7569908, 36.814019 ], [ -119.757023, 36.8138472 ], [ -119.7571759, 36.8138644 ], [ -119.7572725, 36.8137119 ], [ -119.7574093, 36.8135938 ], [ -119.7575809, 36.8135015 ], [ -119.7577821, 36.8134371 ], [ -119.7583722, 36.8134392 ], [ -119.7585626, 36.8134972 ], [ -119.758737, 36.8135874 ], [ -119.7588818, 36.8137012 ], [ -119.7589703, 36.8138709 ], [ -119.7589891, 36.813946 ], [ -119.7591822, 36.8139482 ], [ -119.7591661, 36.8148629 ], [ -119.758981, 36.8148651 ], [ -119.7589569, 36.814951 ], [ -119.7589194, 36.8150175 ], [ -119.7588872, 36.8150046 ], [ -119.758841, 36.8150844 ], [ -119.7588308, 36.8150776 ], [ -119.7587665, 36.8151431 ], [ -119.7587343, 36.8151227 ], [ -119.7586753, 36.8151829 ], [ -119.7586485, 36.8151635 ], [ -119.7585868, 36.8152022 ], [ -119.7585653, 36.8151807 ], [ -119.7585009, 36.8152215 ], [ -119.758348, 36.8152688 ], [ -119.7583346, 36.8152258 ], [ -119.7581378, 36.8152486 ], [ -119.7581415, 36.8151614 ] ], [ [ -119.7582153, 36.8150111 ], [ -119.7582837, 36.8149982 ], [ -119.7584667, 36.8149254 ], [ -119.7584714, 36.814689 ], [ -119.7584553, 36.8146825 ], [ -119.7584607, 36.814135 ], [ -119.7584768, 36.8141242 ], [ -119.7584795, 36.8138966 ], [ -119.7584634, 36.8138687 ], [ -119.7584419, 36.8138451 ], [ -119.7583883, 36.8138193 ], [ -119.7582837, 36.813785 ], [ -119.7582032, 36.8137764 ], [ -119.7579377, 36.8137764 ], [ -119.7578652, 36.8137914 ], [ -119.7577606, 36.8138343 ], [ -119.7577285, 36.813858 ], [ -119.7577124, 36.8138837 ], [ -119.7577043, 36.8139224 ], [ -119.7576963, 36.8149187 ], [ -119.7578679, 36.8149939 ], [ -119.757943, 36.8150089 ], [ -119.7582153, 36.8150111 ] ] ] } },
{ "type": "Feature", "properties": { "name": null, "building": "yes", "building:levels": null, "amenity": null, "cuisine": null, "shop": null, "osm_id": "relation/13132420" }, "geometry": { "type": "Polygon", "coordinates": [ [ [ -119.7574115, 36.8168514 ], [ -119.7574117, 36.8168656 ], [ -119.7573529, 36.8168654 ], [ -119.7573526, 36.8168204 ], [ -119.7573259, 36.8168211 ], [ -119.7573254, 36.8168654 ], [ -119.7572876, 36.8168658 ], [ -119.7572876, 36.8168718 ], [ -119.7572158, 36.8168721 ], [ -119.7572156, 36.8168647 ], [ -119.7571802, 36.8168647 ], [ -119.7571795, 36.8168155 ], [ -119.75716, 36.816816 ], [ -119.7571607, 36.8168652 ], [ -119.7571253, 36.8168653 ], [ -119.7571254, 36.8168718 ], [ -119.75705, 36.816872 ], [ -119.7570495, 36.8168642 ], [ -119.7570155, 36.8168653 ], [ -119.7570146, 36.8168164 ], [ -119.756995, 36.816816 ], [ -119.7569961, 36.8168654 ], [ -119.7569626, 36.8168646 ], [ -119.7569626, 36.8168718 ], [ -119.7568852, 36.8168713 ], [ -119.7568846, 36.8168644 ], [ -119.7568511, 36.8168644 ], [ -119.7568519, 36.8168147 ], [ -119.7568315, 36.8168148 ], [ -119.756832, 36.8168643 ], [ -119.7567969, 36.8168644 ], [ -119.7567971, 36.8168706 ], [ -119.7567235, 36.8168707 ], [ -119.7567233, 36.8168641 ], [ -119.756687, 36.8168642 ], [ -119.7566859, 36.8168197 ], [ -119.7566594, 36.8168198 ], [ -119.7566591, 36.8168644 ], [ -119.7566012, 36.8168646 ], [ -119.7566006, 36.8168495 ], [ -119.7565458, 36.8168504 ], [ -119.7565455, 36.8168219 ], [ -119.7565403, 36.8168221 ], [ -119.7565389, 36.8167628 ], [ -119.7565489, 36.8167629 ], [ -119.7565478, 36.8167322 ], [ -119.7566084, 36.8167331 ], [ -119.7566082, 36.8167178 ], [ -119.7565473, 36.8167166 ], [ -119.7565458, 36.8166889 ], [ -119.7565387, 36.8166891 ], [ -119.7565379, 36.8166284 ], [ -119.7565472, 36.8166286 ], [ -119.7565448, 36.8166057 ], [ -119.7566107, 36.816605 ], [ -119.7566099, 36.8165861 ], [ -119.7565456, 36.8165859 ], [ -119.7565458, 36.8165593 ], [ -119.7565388, 36.816559 ], [ -119.7565365, 36.8164956 ], [ -119.7565491, 36.816495 ], [ -119.7565481, 36.816467 ], [ -119.7566006, 36.8164687 ], [ -119.756601, 36.8164324 ], [ -119.7565464, 36.8164323 ], [ -119.7565475, 36.8164032 ], [ -119.756539, 36.8164027 ], [ -119.7565394, 36.8163413 ], [ -119.756547, 36.8163423 ], [ -119.756546, 36.816315 ], [ -119.7566086, 36.8163152 ], [ -119.7566088, 36.8162991 ], [ -119.7565487, 36.8162991 ], [ -119.7565475, 36.8162718 ], [ -119.7565394, 36.8162722 ], [ -119.7565396, 36.8162113 ], [ -119.7565491, 36.8162116 ], [ -119.7565468, 36.8161833 ], [ -119.7566099, 36.8161833 ], [ -119.7566097, 36.8161681 ], [ -119.7565481, 36.8161684 ], [ -119.7565477, 36.8161392 ], [ -119.756539, 36.816139 ], [ -119.7565369, 36.8160809 ], [ -119.7565512, 36.8160803 ], [ -119.7565489, 36.81605 ], [ -119.7566032, 36.8160513 ], [ -119.7566022, 36.8160374 ], [ -119.7566597, 36.816036 ], [ -119.7566613, 36.8160805 ], [ -119.756688, 36.8160805 ], [ -119.7566896, 36.816037 ], [ -119.7567262, 36.8160366 ], [ -119.7567264, 36.8160305 ], [ -119.7567977, 36.8160305 ], [ -119.7567979, 36.8160376 ], [ -119.7568349, 36.8160371 ], [ -119.7568349, 36.8160859 ], [ -119.7568535, 36.8160862 ], [ -119.7568539, 36.8160379 ], [ -119.7568869, 36.8160378 ], [ -119.7568865, 36.8160302 ], [ -119.7569636, 36.8160308 ], [ -119.7569638, 36.8160374 ], [ -119.7569973, 36.8160383 ], [ -119.7569973, 36.8160861 ], [ -119.7570167, 36.8160862 ], [ -119.7570177, 36.8160383 ], [ -119.7570501, 36.8160376 ], [ -119.7570499, 36.8160307 ], [ -119.757128, 36.8160315 ], [ -119.757128, 36.8160384 ], [ -119.7571617, 36.8160371 ], [ -119.7571632, 36.8160859 ], [ -119.7571822, 36.8160864 ], [ -119.7571822, 36.8160371 ], [ -119.7572167, 36.816037 ], [ -119.7572158, 36.8160303 ], [ -119.7572912, 36.8160301 ], [ -119.7572912, 36.8160373 ], [ -119.7573278, 36.8160371 ], [ -119.7573278, 36.8160822 ], [ -119.7573554, 36.8160817 ], [ -119.7573557, 36.8160368 ], [ -119.7574136, 36.8160376 ], [ -119.7574136, 36.8160511 ], [ -119.7574669, 36.8160526 ], [ -119.7574681, 36.816081 ], [ -119.7574763, 36.816081 ], [ -119.7574759, 36.8161401 ], [ -119.7574678, 36.8161399 ], [ -119.7574684, 36.816169 ], [ -119.7574049, 36.81617 ], [ -119.7574061, 36.8161853 ], [ -119.7574672, 36.8161858 ], [ -119.7574678, 36.8162116 ], [ -119.7574747, 36.8162116 ], [ -119.7574753, 36.8162745 ], [ -119.7574665, 36.8162745 ], [ -119.7574665, 36.8163023 ], [ -119.7574055, 36.8163008 ], [ -119.757407, 36.8163166 ], [ -119.7574675, 36.8163171 ], [ -119.7574672, 36.8163439 ], [ -119.7574748, 36.8163439 ], [ -119.7574745, 36.8164058 ], [ -119.7574672, 36.816406 ], [ -119.7574659, 36.8164329 ], [ -119.7574119, 36.816434 ], [ -119.757412, 36.8164683 ], [ -119.7574665, 36.8164693 ], [ -119.7574665, 36.8164978 ], [ -119.7574748, 36.8164978 ], [ -119.7574744, 36.81656 ], [ -119.7574665, 36.81656 ], [ -119.7574665, 36.8165884 ], [ -119.7574049, 36.8165884 ], [ -119.7574062, 36.816602 ], [ -119.7574657, 36.8166023 ], [ -119.7574665, 36.8166294 ], [ -119.7574748, 36.8166301 ], [ -119.7574748, 36.816692 ], [ -119.7574669, 36.8166916 ], [ -119.7574673, 36.8167184 ], [ -119.7574062, 36.8167181 ], [ -119.7574066, 36.816734 ], [ -119.7574673, 36.8167337 ], [ -119.7574673, 36.8167624 ], [ -119.7574752, 36.8167621 ], [ -119.7574744, 36.8168226 ], [ -119.7574657, 36.816823 ], [ -119.7574666, 36.8168513 ], [ -119.7574115, 36.8168514 ] ], [ [ -119.7572847, 36.8167187 ], [ -119.7572298, 36.8167181 ], [ -119.7572285, 36.8166924 ], [ -119.7572209, 36.8166916 ], [ -119.7572217, 36.8166288 ], [ -119.7572308, 36.8166284 ], [ -119.7572303, 36.8166031 ], [ -119.7572915, 36.8166031 ], [ -119.7572918, 36.8165856 ], [ -119.7572295, 36.8165859 ], [ -119.757229, 36.8165606 ], [ -119.7572201, 36.8165606 ], [ -119.7572201, 36.8164978 ], [ -119.7572295, 36.8164976 ], [ -119.7572295, 36.8164683 ], [ -119.7572842, 36.8164673 ], [ -119.7572849, 36.8164333 ], [ -119.7572285, 36.8164343 ], [ -119.7572295, 36.8164058 ], [ -119.7572209, 36.8164056 ], [ -119.7572186, 36.8163428 ], [ -119.7572288, 36.8163428 ], [ -119.757228, 36.8163157 ], [ -119.7572905, 36.8163161 ], [ -119.7572898, 36.8163013 ], [ -119.7572294, 36.8163019 ], [ -119.7572299, 36.8162756 ], [ -119.7572208, 36.8162754 ], [ -119.7572201, 36.816211 ], [ -119.7572297, 36.8162112 ], [ -119.7572291, 36.8161846 ], [ -119.7572851, 36.8161843 ], [ -119.7572845, 36.8161507 ], [ -119.7572207, 36.8161507 ], [ -119.7572217, 36.8161828 ], [ -119.7571603, 36.8161838 ], [ -119.7571624, 36.8162268 ], [ -119.757126, 36.8162268 ], [ -119.757126, 36.8162346 ], [ -119.7570498, 36.8162341 ], [ -119.757049, 36.8162273 ], [ -119.7570167, 36.8162276 ], [ -119.7570174, 36.8161782 ], [ -119.7569971, 36.8161772 ], [ -119.7569983, 36.8162275 ], [ -119.7569645, 36.8162285 ], [ -119.7569649, 36.8162354 ], [ -119.756888, 36.8162348 ], [ -119.756888, 36.8162265 ], [ -119.7568512, 36.8162262 ], [ -119.7568521, 36.8161832 ], [ -119.7567949, 36.8161831 ], [ -119.7567934, 36.8161502 ], [ -119.7567294, 36.8161505 ], [ -119.7567294, 36.8161823 ], [ -119.7567831, 36.8161846 ], [ -119.7567852, 36.8162137 ], [ -119.7567934, 36.8162141 ], [ -119.7567926, 36.8162733 ], [ -119.7567843, 36.8162739 ], [ -119.7567839, 36.8163001 ], [ -119.756724, 36.8162991 ], [ -119.756724, 36.816314 ], [ -119.7567843, 36.816316 ], [ -119.756786, 36.8163427 ], [ -119.756793, 36.8163427 ], [ -119.7567918, 36.8164056 ], [ -119.7567843, 36.8164056 ], [ -119.7567848, 36.8164331 ], [ -119.7567286, 36.8164337 ], [ -119.756729, 36.8164671 ], [ -119.7567819, 36.8164688 ], [ -119.7567827, 36.8164972 ], [ -119.756791, 36.8164976 ], [ -119.756791, 36.8165584 ], [ -119.7567819, 36.8165588 ], [ -119.7567827, 36.8165859 ], [ -119.7567207, 36.8165862 ], [ -119.7567224, 36.8165995 ], [ -119.7567835, 36.8166001 ], [ -119.7567835, 36.8166289 ], [ -119.7567918, 36.8166289 ], [ -119.7567922, 36.8166914 ], [ -119.7567831, 36.8166911 ], [ -119.7567831, 36.8167169 ], [ -119.7567273, 36.8167159 ], [ -119.756729, 36.8167513 ], [ -119.7567934, 36.8167506 ], [ -119.7567918, 36.8167176 ], [ -119.7568509, 36.8167182 ], [ -119.7568496, 36.8166736 ], [ -119.7568786, 36.8166736 ], [ -119.7568777, 36.8166673 ], [ -119.7569624, 36.8166686 ], [ -119.7569624, 36.8166739 ], [ -119.7569972, 36.8166742 ], [ -119.756998, 36.8167238 ], [ -119.7570178, 36.8167245 ], [ -119.7570182, 36.8166742 ], [ -119.7570505, 36.8166742 ], [ -119.7570496, 36.8166683 ], [ -119.7571265, 36.8166689 ], [ -119.7571269, 36.8166762 ], [ -119.7571612, 36.8166759 ], [ -119.757162, 36.8167176 ], [ -119.7572203, 36.8167176 ], [ -119.7572207, 36.8167516 ], [ -119.7572856, 36.8167523 ], [ -119.7572847, 36.8167187 ] ] ] } },
{ "type": "Feature", "properties": { "name": null, "building": "roof", "building:levels": null, "amenity": null, "cuisine": null, "shop": null, "osm_id": "relation/15654520" }, "geometry": { "type": "MultiPolygon", "coordinates": [ [ [ [ -119.7421718, 36.8089268 ], [ -119.7421733, 36.8090183 ], [ -119.7411548, 36.8090289 ], [ -119.7411533, 36.8089373 ], [ -119.7421718, 36.8089268 ] ] ], [ [ [ -119.742176, 36.8091047 ], [ -119.7421751, 36.8092108 ], [ -119.7411481, 36.8092052 ], [ -119.741149, 36.8090991 ], [ -119.742176, 36.8091047 ] ] ], [ [ [ -119.7421688, 36.8092655 ], [ -119.7421701, 36.8093688 ], [ -119.7411491, 36.8093767 ], [ -119.7411478, 36.8092736 ], [ -119.7421688, 36.8092655 ] ] ], [ [ [ -119.742174, 36.8095425 ], [ -119.74115, 36.8095426 ], [ -119.74115, 36.8094494 ], [ -119.742174, 36.8094495 ], [ -119.742174, 36.8095425 ] ] ], [ [ [ -119.7420539, 36.8097157 ], [ -119.7411561, 36.8097164 ], [ -119.741156, 36.8096237 ], [ -119.7420538, 36.8096232 ], [ -119.7420539, 36.8097157 ] ] ], [ [ [ -119.7421692, 36.8097845 ], [ -119.7421688, 36.8098814 ], [ -119.7411448, 36.809879 ], [ -119.7411452, 36.8097821 ], [ -119.7421692, 36.8097845 ] ] ], [ [ [ -119.7411469, 36.8099575 ], [ -119.7421724, 36.8099586 ], [ -119.7421723, 36.8100504 ], [ -119.7411468, 36.8100495 ], [ -119.7411469, 36.8099575 ] ] ], [ [ [ -119.7421677, 36.810129 ], [ -119.7421672, 36.8102246 ], [ -119.7411437, 36.8102212 ], [ -119.7411442, 36.8101257 ], [ -119.7421677, 36.810129 ] ] ], [ [ [ -119.7421688, 36.8103968 ], [ -119.7411483, 36.8103936 ], [ -119.7411488, 36.8102918 ], [ -119.7421693, 36.8102951 ], [ -119.7421688, 36.8103968 ] ] ], [ [ [ -119.7419959, 36.8105616 ], [ -119.7411441, 36.8105616 ], [ -119.7411441, 36.8104679 ], [ -119.7419959, 36.8104679 ], [ -119.7419959, 36.8105616 ] ] ] ] } },
{ "type": "Feature", "properties": { "name": "University High School", "building": "yes", "building:levels": null, "amenity": null, "cuisine": null, "shop": null, "osm_id": "relation/19991760" }, "geometry": { "type": "Polygon", "coordinates": [ [ [ -119.743413, 36.8104926 ], [ -119.7434168, 36.8103621 ], [ -119.7435762, 36.8103621 ], [ -119.7435762, 36.8103226 ], [ -119.7433599, 36.8103226 ], [ -119.7433675, 36.8101176 ], [ -119.7434244, 36.8101161 ], [ -119.743432, 36.8100523 ], [ -119.7437241, 36.8100523 ], [ -119.7437279, 36.8100933 ], [ -119.7438151, 36.8100492 ], [ -119.7438986, 36.810028 ], [ -119.7439858, 36.8100234 ], [ -119.7440693, 36.8100295 ], [ -119.7441489, 36.8100492 ], [ -119.7442096, 36.8100751 ], [ -119.744221, 36.8100584 ], [ -119.7442855, 36.8100978 ], [ -119.7443424, 36.810151 ], [ -119.7443841, 36.8102117 ], [ -119.7444069, 36.8102709 ], [ -119.744422, 36.8103347 ], [ -119.7444145, 36.8104106 ], [ -119.7443803, 36.8104987 ], [ -119.743413, 36.8104926 ] ], [ [ -119.7436903, 36.8102457 ], [ -119.743689, 36.8103627 ], [ -119.7441396, 36.8103638 ], [ -119.7441396, 36.8102682 ], [ -119.7441691, 36.8100986 ], [ -119.7440659, 36.8100599 ], [ -119.7439773, 36.8100492 ], [ -119.7438674, 36.8100642 ], [ -119.7437695, 36.8100975 ], [ -119.7437078, 36.8101372 ], [ -119.7436903, 36.8102457 ] ] ] } },
{ "type": "Feature", "properties": { "name": null, "building": "yes", "building:levels": null, "amenity": null, "cuisine": null, "shop": null, "osm_id": "way/61339739" }, "geometry": { "type": "Polygon", "coordinates": [ [ [ -119.7598788, 36.8120833 ], [ -119.7597848, 36.8120837 ], [ -119.7597843, 36.8119907 ], [ -119.7598217, 36.8119906 ], [ -119.7598218, 36.8120057 ], [ -119.7598645, 36.8120056 ], [ -119.7598646, 36.8120319 ], [ -119.7598785, 36.8120318 ], [ -119.7598788, 36.8120833 ] ] ] } },
{ "type": "Feature", "properties": { "name": null, "building": "yes", "building:levels": null, "amenity": null, "cuisine": null, "shop": null, "osm_id": "way/61339834" }, "geometry": { "type": "Polygon", "coordinates": [ [ [ -119.7605224, 36.8120811 ], [ -119.7604283, 36.8120814 ], [ -119.7604281, 36.8120299 ], [ -119.7604419, 36.8120299 ], [ -119.7604418, 36.8120035 ], [ -119.7604845, 36.8120034 ], [ -119.7604844, 36.8119883 ], [ -119.7605219, 36.8119882 ], [ -119.7605224, 36.8120811 ] ] ] } },
{ "type": "Feature", "properties": { "name": null, "building": "yes", "building:levels": null, "amenity": null, "cuisine": null, "shop": null, "osm_id": "way/61339932" }, "geometry": { "type": "Polygon", "coordinates": [ [ [ -119.7589681, 36.8120146 ], [ -119.7588781, 36.8120149 ], [ -119.7588783, 36.8119424 ], [ -119.7590206, 36.8119419 ], [ -119.7590206, 36.811947 ], [ -119.7590058, 36.8119471 ], [ -119.7590057, 36.8120035 ], [ -119.7589681, 36.8120036 ], [ -119.7589681, 36.8120146 ] ] ] } },
{ "type": "Feature", "properties": { "name": null, "building": "yes", "building:levels": null, "amenity": null, "cuisine": null, "shop": null, "osm_id": "way/61339978" }, "geometry": { "type": "Polygon", "coordinates": [ [ [ -119.7591508, 36.8119122 ], [ -119.7591502, 36.8117977 ], [ -119.7592406, 36.8117974 ], [ -119.759241, 36.8118698 ], [ -119.7592271, 36.8118698 ], [ -119.7592273, 36.8119 ], [ -119.7591571, 36.8119003 ], [ -119.7591572, 36.8119122 ], [ -119.7591508, 36.8119122 ] ] ] } },
{ "type": "Feature", "properties": { "name": null, "building": "yes", "building:levels": null, "amenity": null, "cuisine": null, "shop": null, "osm_id": "way/61340151" }, "geometry": { "type": "Polygon", "coordinates": [ [ [ -119.7595662, 36.8120843 ], [ -119.7594722, 36.8120846 ], [ -119.7594717, 36.8119917 ], [ -119.7595091, 36.8119916 ], [ -119.7595092, 36.8120067 ], [ -119.7595519, 36.8120066 ], [ -119.7595521, 36.8120329 ], [ -119.7595659, 36.8120328 ], [ -119.7595662, 36.8120843 ] ] ] } },
{ "type": "Feature", "properties": { "name": null, "building": "yes", "building:levels": null, "amenity": null, "cuisine": null, "shop": null, "osm_id": "way/61340254" }, "geometry": { "type": "Polygon", "coordinates": [ [ [ -119.7600632, 36.8120923 ], [ -119.7600628, 36.81202 ], [ -119.7600767, 36.8120199 ], [ -119.7600765, 36.8119897 ], [ -119.7601467, 36.8119895 ], [ -119.7601466, 36.8119776 ], [ -119.760153, 36.8119776 ], [ -119.7601536, 36.812092 ], [ -119.7600632, 36.8120923 ] ] ] } },
{ "type": "Feature", "properties": { "name": null, "building": "yes", "building:levels": null, "amenity": null, "cuisine": null, "shop": null, "osm_id": "way/61340326" }, "geometry": { "type": "Polygon", "coordinates": [ [ [ -119.760244, 36.8120917 ], [ -119.7601536, 36.812092 ], [ -119.760153, 36.8119776 ], [ -119.7601593, 36.8119775 ], [ -119.7601594, 36.8119894 ], [ -119.7602296, 36.8119892 ], [ -119.7602297, 36.8120194 ], [ -119.7602436, 36.8120193 ], [ -119.760244, 36.8120917 ] ] ] } },
{ "type": "Feature", "properties": { "name": null, "building": "yes", "building:levels": null, "amenity": null, "cuisine": null, "shop": null, "osm_id": "way/61340493" }, "geometry": { "type": "Polygon", "coordinates": [ [ [ -119.7591974, 36.8120856 ], [ -119.7591971, 36.8120341 ], [ -119.759211, 36.8120341 ], [ -119.7592109, 36.8120077 ], [ -119.7592536, 36.8120076 ], [ -119.7592535, 36.8119925 ], [ -119.7592909, 36.8119924 ], [ -119.7592914, 36.8120853 ], [ -119.7591974, 36.8120856 ] ] ] } },
{ "type": "Feature", "properties": { "name": null, "building": "yes", "building:levels": null, "amenity": null, "cuisine": null, "shop": null, "osm_id": "way/61340690" }, "geometry": { "type": "Polygon", "coordinates": [ [ [ -119.7593819, 36.8120946 ], [ -119.7593815, 36.8120223 ], [ -119.7593953, 36.8120222 ], [ -119.7593952, 36.811992 ], [ -119.7594653, 36.8119917 ], [ -119.7594653, 36.8119799 ], [ -119.7594716, 36.8119798 ], [ -119.7594717, 36.8119917 ], [ -119.7594722, 36.8120943 ], [ -119.7593819, 36.8120946 ] ] ] } },
{ "type": "Feature", "properties": { "name": null, "building": "yes", "building:levels": null, "amenity": null, "cuisine": null, "shop": null, "osm_id": "way/61340758" }, "geometry": { "type": "Polygon", "coordinates": [ [ [ -119.7601751, 36.8119104 ], [ -119.7600596, 36.8119108 ], [ -119.7600591, 36.8118352 ], [ -119.7601232, 36.811835 ], [ -119.7601233, 36.8118461 ], [ -119.760156, 36.811846 ], [ -119.7601562, 36.8118803 ], [ -119.760175, 36.8118803 ], [ -119.7601751, 36.8119104 ] ] ] } },
{ "type": "Feature", "properties": { "name": null, "building": "yes", "building:levels": null, "amenity": null, "cuisine": null, "shop": null, "osm_id": "way/61340905" }, "geometry": { "type": "Polygon", "coordinates": [ [ [ -119.7591974, 36.8120856 ], [ -119.7591034, 36.8120859 ], [ -119.7591029, 36.811993 ], [ -119.7591403, 36.8119929 ], [ -119.7591404, 36.812008 ], [ -119.7591831, 36.8120078 ], [ -119.7591833, 36.8120342 ], [ -119.7591971, 36.8120341 ], [ -119.7591974, 36.8120856 ] ] ] } },
{ "type": "Feature", "properties": { "name": null, "building": "yes", "building:levels": null, "amenity": null, "cuisine": null, "shop": null, "osm_id": "way/61341009" }, "geometry": { "type": "Polygon", "coordinates": [ [ [ -119.7604283, 36.8120814 ], [ -119.7603343, 36.8120817 ], [ -119.7603339, 36.8119886 ], [ -119.7603713, 36.8119887 ], [ -119.7603714, 36.8120038 ], [ -119.7604141, 36.8120036 ], [ -119.7604142, 36.81203 ], [ -119.7604281, 36.8120299 ], [ -119.7604283, 36.8120814 ] ] ] } },
{ "type": "Feature", "properties": { "name": null, "building": "yes", "building:levels": null, "amenity": null, "cuisine": null, "shop": null, "osm_id": "way/61341184" }, "geometry": { "type": "Polygon", "coordinates": [ [ [ -119.759506, 36.8119109 ], [ -119.759506, 36.811899 ], [ -119.7594358, 36.8118993 ], [ -119.7594356, 36.8118691 ], [ -119.7594218, 36.8118691 ], [ -119.7594214, 36.8117968 ], [ -119.7595118, 36.8117965 ], [ -119.7595124, 36.8119109 ], [ -119.759506, 36.8119109 ] ] ] } },
{ "type": "Feature", "properties": { "name": null, "building": "yes", "building:levels": null, "amenity": null, "cuisine": null, "shop": null, "osm_id": "way/61341212" }, "geometry": { "type": "Polygon", "coordinates": [ [ [ -119.7590206, 36.8119419 ], [ -119.7588783, 36.8119424 ], [ -119.7588784, 36.81187 ], [ -119.7589684, 36.8118697 ], [ -119.7589684, 36.8118806 ], [ -119.7590059, 36.8118805 ], [ -119.7590058, 36.8119369 ], [ -119.7590206, 36.8119368 ], [ -119.7590206, 36.8119419 ] ] ] } },
{ "type": "Feature", "properties": { "name": null, "building": "yes", "building:levels": null, "amenity": null, "cuisine": null, "shop": null, "osm_id": "way/61341366" }, "geometry": { "type": "Polygon", "coordinates": [ [ [ -119.7598788, 36.8120833 ], [ -119.7598785, 36.8120318 ], [ -119.7598924, 36.8120318 ], [ -119.7598922, 36.8120055 ], [ -119.7599349, 36.8120053 ], [ -119.7599348, 36.8119902 ], [ -119.7599723, 36.8119915 ], [ -119.7599727, 36.8120828 ], [ -119.7598788, 36.8120833 ] ] ] } },
{ "type": "Feature", "properties": { "name": null, "building": "yes", "building:levels": null, "amenity": null, "cuisine": null, "shop": null, "osm_id": "way/61341479" }, "geometry": { "type": "Polygon", "coordinates": [ [ [ -119.7600632, 36.8120923 ], [ -119.7599728, 36.8120926 ], [ -119.7599727, 36.8120828 ], [ -119.7599723, 36.8119915 ], [ -119.7599722, 36.8119782 ], [ -119.7599786, 36.8119782 ], [ -119.7599786, 36.8119901 ], [ -119.7600488, 36.8119898 ], [ -119.760049, 36.81202 ], [ -119.7600628, 36.81202 ], [ -119.7600632, 36.8120923 ] ] ] } },
{ "type": "Feature", "properties": { "name": null, "building": "yes", "building:levels": null, "amenity": null, "cuisine": null, "shop": null, "osm_id": "way/61341652" }, "geometry": { "type": "Polygon", "coordinates": [ [ [ -119.7593253, 36.8119116 ], [ -119.7593252, 36.8118997 ], [ -119.759255, 36.8118999 ], [ -119.7592549, 36.8118697 ], [ -119.759241, 36.8118698 ], [ -119.7592406, 36.8117974 ], [ -119.759331, 36.8117971 ], [ -119.7593316, 36.8119115 ], [ -119.7593253, 36.8119116 ] ] ] } },
{ "type": "Feature", "properties": { "name": null, "building": "yes", "building:levels": null, "amenity": null, "cuisine": null, "shop": null, "osm_id": "way/61341731" }, "geometry": { "type": "Polygon", "coordinates": [ [ [ -119.7590203, 36.8120869 ], [ -119.758878, 36.8120873 ], [ -119.7588781, 36.8120149 ], [ -119.7589681, 36.8120146 ], [ -119.758968, 36.8120253 ], [ -119.7590056, 36.8120252 ], [ -119.7590055, 36.8120816 ], [ -119.7590203, 36.8120816 ], [ -119.7590203, 36.8120869 ] ] ] } },
{ "type": "Feature", "properties": { "name": null, "building": "yes", "building:levels": null, "amenity": null, "cuisine": null, "shop": null, "osm_id": "way/61341835" }, "geometry": { "type": "Polygon", "coordinates": [ [ [ -119.7596602, 36.812084 ], [ -119.7595662, 36.8120843 ], [ -119.7595659, 36.8120328 ], [ -119.7595798, 36.8120328 ], [ -119.7595797, 36.8120065 ], [ -119.7596224, 36.8120063 ], [ -119.7596223, 36.8119912 ], [ -119.7596597, 36.8119911 ], [ -119.7596602, 36.812084 ] ] ] } },
{ "type": "Feature", "properties": { "name": null, "building": "yes", "building:levels": null, "amenity": null, "cuisine": null, "shop": null, "osm_id": "way/61342031" }, "geometry": { "type": "Polygon", "coordinates": [ [ [ -119.7593819, 36.8120946 ], [ -119.7592915, 36.8120949 ], [ -119.7592909, 36.8119805 ], [ -119.7592972, 36.8119804 ], [ -119.7592973, 36.8119923 ], [ -119.7593674, 36.8119921 ], [ -119.7593676, 36.8120223 ], [ -119.7593815, 36.8120223 ], [ -119.7593819, 36.8120946 ] ] ] } },
{ "type": "Feature", "properties": { "name": null, "building": "yes", "building:levels": null, "amenity": null, "cuisine": null, "shop": null, "osm_id": "way/61342110" }, "geometry": { "type": "Polygon", "coordinates": [ [ [ -119.7603065, 36.8118959 ], [ -119.7603066, 36.8118908 ], [ -119.7603213, 36.8118908 ], [ -119.7603215, 36.8118344 ], [ -119.7603591, 36.8118344 ], [ -119.7603591, 36.8118233 ], [ -119.760449, 36.8118234 ], [ -119.7604489, 36.8118961 ], [ -119.7603065, 36.8118959 ] ] ] } },
{ "type": "Feature", "properties": { "name": null, "building": "yes", "building:levels": null, "amenity": null, "cuisine": null, "shop": null, "osm_id": "way/61342151" }, "geometry": { "type": "Polygon", "coordinates": [ [ [ -119.760244, 36.8120917 ], [ -119.7602436, 36.8120193 ], [ -119.7602575, 36.8120193 ], [ -119.7602573, 36.8119891 ], [ -119.7603275, 36.8119888 ], [ -119.7603274, 36.8119769 ], [ -119.7603338, 36.8119769 ], [ -119.7603339, 36.8119886 ], [ -119.7603343, 36.8120817 ], [ -119.7603344, 36.8120913 ], [ -119.760244, 36.8120917 ] ] ] } },
{ "type": "Feature", "properties": { "name": null, "building": "yes", "building:levels": null, "amenity": null, "cuisine": null, "shop": null, "osm_id": "way/61342160" }, "geometry": { "type": "Polygon", "coordinates": [ [ [ -119.759944, 36.8119112 ], [ -119.7599438, 36.8118811 ], [ -119.7599626, 36.811881 ], [ -119.7599624, 36.8118467 ], [ -119.7599952, 36.8118466 ], [ -119.7599951, 36.8118354 ], [ -119.7600591, 36.8118352 ], [ -119.7600596, 36.8119108 ], [ -119.759944, 36.8119112 ] ] ] } },
{ "type": "Feature", "properties": { "name": null, "building": "yes", "building:levels": null, "amenity": null, "cuisine": null, "shop": null, "osm_id": "way/61342953" }, "geometry": { "type": "Polygon", "coordinates": [ [ [ -119.7593316, 36.8119115 ], [ -119.759331, 36.8117971 ], [ -119.7594214, 36.8117968 ], [ -119.7594218, 36.8118691 ], [ -119.7594079, 36.8118692 ], [ -119.7594081, 36.8118994 ], [ -119.7593379, 36.8118996 ], [ -119.759338, 36.8119115 ], [ -119.7593316, 36.8119115 ] ] ] } },
{ "type": "Feature", "properties": { "name": null, "building": "yes", "building:levels": null, "amenity": null, "cuisine": null, "shop": null, "osm_id": "way/61343007" }, "geometry": { "type": "Polygon", "coordinates": [ [ [ -119.7596811, 36.8119105 ], [ -119.7595656, 36.8119109 ], [ -119.7595652, 36.8118353 ], [ -119.7596292, 36.811835 ], [ -119.7596293, 36.8118462 ], [ -119.759662, 36.8118461 ], [ -119.7596622, 36.8118804 ], [ -119.759681, 36.8118803 ], [ -119.7596811, 36.8119105 ] ] ] } },
{ "type": "Feature", "properties": { "name": null, "building": "yes", "building:levels": null, "amenity": null, "cuisine": null, "shop": null, "osm_id": "way/61352883" }, "geometry": { "type": "Polygon", "coordinates": [ [ [ -119.7591216, 36.8113745 ], [ -119.7591211, 36.8112816 ], [ -119.7592151, 36.8112812 ], [ -119.7592151, 36.8113327 ], [ -119.7592015, 36.8113328 ], [ -119.7592016, 36.8113591 ], [ -119.7591589, 36.8113593 ], [ -119.759159, 36.8113744 ], [ -119.7591216, 36.8113745 ] ] ] } },
{ "type": "Feature", "properties": { "name": null, "building": "yes", "building:levels": null, "amenity": null, "cuisine": null, "shop": null, "osm_id": "way/61352894" }, "geometry": { "type": "Polygon", "coordinates": [ [ [ -119.7597071, 36.8117592 ], [ -119.7596803, 36.8117593 ], [ -119.7595648, 36.8117597 ], [ -119.7595644, 36.811687 ], [ -119.7596543, 36.8116867 ], [ -119.7596544, 36.8116978 ], [ -119.7596919, 36.8116977 ], [ -119.7596922, 36.8117541 ], [ -119.759707, 36.8117541 ], [ -119.7597071, 36.8117592 ] ] ] } },
{ "type": "Feature", "properties": { "name": null, "building": "yes", "building:levels": null, "amenity": null, "cuisine": null, "shop": null, "osm_id": "way/61352961" }, "geometry": { "type": "Polygon", "coordinates": [ [ [ -119.7603595, 36.8116779 ], [ -119.7603595, 36.8116668 ], [ -119.7603219, 36.8116667 ], [ -119.7603221, 36.8116103 ], [ -119.7603073, 36.8116103 ], [ -119.7603073, 36.8116052 ], [ -119.7604496, 36.8116054 ], [ -119.7604494, 36.8116781 ], [ -119.7603595, 36.8116779 ] ] ] } },
{ "type": "Feature", "properties": { "name": null, "building": "yes", "building:levels": null, "amenity": null, "cuisine": null, "shop": null, "osm_id": "way/61352982" }, "geometry": { "type": "Polygon", "coordinates": [ [ [ -119.7599688, 36.8117628 ], [ -119.7599687, 36.8117517 ], [ -119.7599312, 36.8117518 ], [ -119.7599309, 36.8116954 ], [ -119.7599161, 36.8116954 ], [ -119.7599161, 36.8116903 ], [ -119.759994, 36.8116896 ], [ -119.7600585, 36.8116891 ], [ -119.7600588, 36.8117625 ], [ -119.7599688, 36.8117628 ] ] ] } },
{ "type": "Feature", "properties": { "name": null, "building": "yes", "building:levels": null, "amenity": null, "cuisine": null, "shop": null, "osm_id": "way/61353121" }, "geometry": { "type": "Polygon", "coordinates": [ [ [ -119.7593792, 36.8113719 ], [ -119.7593792, 36.81136 ], [ -119.759309, 36.81136 ], [ -119.7593086, 36.8112814 ], [ -119.7593989, 36.8112811 ], [ -119.7593992, 36.8113297 ], [ -119.7593853, 36.8113298 ], [ -119.7593856, 36.8113719 ], [ -119.7593792, 36.8113719 ] ] ] } },
{ "type": "Feature", "properties": { "name": null, "building": "yes", "building:levels": null, "amenity": null, "cuisine": null, "shop": null, "osm_id": "way/61353141" }, "geometry": { "type": "Polygon", "coordinates": [ [ [ -119.760562, 36.8114144 ], [ -119.7605611, 36.8113629 ], [ -119.7605756, 36.8113628 ], [ -119.7605755, 36.8113365 ], [ -119.7606182, 36.8113364 ], [ -119.7606181, 36.8113212 ], [ -119.7606555, 36.8113211 ], [ -119.760656, 36.811414 ], [ -119.760562, 36.8114144 ] ] ] } },
{ "type": "Feature", "properties": { "name": null, "building": "yes", "building:levels": null, "amenity": null, "cuisine": null, "shop": null, "osm_id": "way/61353273" }, "geometry": { "type": "Polygon", "coordinates": [ [ [ -119.7592354, 36.811372 ], [ -119.759229, 36.811372 ], [ -119.759229, 36.8113327 ], [ -119.7592151, 36.8113327 ], [ -119.7592151, 36.8112812 ], [ -119.7593086, 36.8112814 ], [ -119.759309, 36.81136 ], [ -119.7592354, 36.8113601 ], [ -119.7592354, 36.811372 ] ] ] } },
{ "type": "Feature", "properties": { "name": null, "building": "yes", "building:levels": null, "amenity": null, "cuisine": null, "shop": null, "osm_id": "way/61353348" }, "geometry": { "type": "Polygon", "coordinates": [ [ [ -119.7599951, 36.8118354 ], [ -119.7599168, 36.8118357 ], [ -119.7599168, 36.8118306 ], [ -119.7599316, 36.8118305 ], [ -119.7599313, 36.8117741 ], [ -119.7599689, 36.811774 ], [ -119.7599688, 36.8117628 ], [ -119.7600588, 36.8117625 ], [ -119.7600591, 36.8118352 ], [ -119.7599951, 36.8118354 ] ] ] } },
{ "type": "Feature", "properties": { "name": null, "building": "yes", "building:levels": null, "amenity": null, "cuisine": null, "shop": null, "osm_id": "way/61353466" }, "geometry": { "type": "Polygon", "coordinates": [ [ [ -119.759994, 36.8116896 ], [ -119.759994, 36.8116792 ], [ -119.7599612, 36.8116792 ], [ -119.7599611, 36.8116448 ], [ -119.7599424, 36.8116449 ], [ -119.7599423, 36.8116146 ], [ -119.7600578, 36.8116143 ], [ -119.7600585, 36.8116891 ], [ -119.759994, 36.8116896 ] ] ] } },
{ "type": "Feature", "properties": { "name": null, "building": "yes", "building:levels": null, "amenity": null, "cuisine": null, "shop": null, "osm_id": "way/61353475" }, "geometry": { "type": "Polygon", "coordinates": [ [ [ -119.7596401, 36.8113732 ], [ -119.75964, 36.8113581 ], [ -119.7595973, 36.8113582 ], [ -119.7595972, 36.8113319 ], [ -119.7595833, 36.811332 ], [ -119.759583, 36.8112805 ], [ -119.7596771, 36.8112801 ], [ -119.7596775, 36.8113731 ], [ -119.7596401, 36.8113732 ] ] ] } },
{ "type": "Feature", "properties": { "name": null, "building": "yes", "building:levels": null, "amenity": null, "cuisine": null, "shop": null, "osm_id": "way/61353635" }, "geometry": { "type": "Polygon", "coordinates": [ [ [ -119.7603812, 36.811415 ], [ -119.7602872, 36.8114153 ], [ -119.7602867, 36.8113224 ], [ -119.7603242, 36.8113223 ], [ -119.7603242, 36.8113374 ], [ -119.7603669, 36.8113372 ], [ -119.7603671, 36.8113636 ], [ -119.7603809, 36.8113635 ], [ -119.7603812, 36.811415 ] ] ] } },
{ "type": "Feature", "properties": { "name": null, "building": "yes", "building:levels": null, "amenity": null, "cuisine": null, "shop": null, "osm_id": "way/61354018" }, "geometry": { "type": "Polygon", "coordinates": [ [ [ -119.7602015, 36.8118347 ], [ -119.7601232, 36.811835 ], [ -119.7600591, 36.8118352 ], [ -119.7600588, 36.8117625 ], [ -119.7601487, 36.8117622 ], [ -119.7601488, 36.8117733 ], [ -119.7601863, 36.8117732 ], [ -119.7601866, 36.8118296 ], [ -119.7602014, 36.8118296 ], [ -119.7602015, 36.8118347 ] ] ] } },
{ "type": "Feature", "properties": { "name": null, "building": "yes", "building:levels": null, "amenity": null, "cuisine": null, "shop": null, "osm_id": "way/61354197" }, "geometry": { "type": "Polygon", "coordinates": [ [ [ -119.7607921, 36.8114606 ], [ -119.7607921, 36.8114555 ], [ -119.7608069, 36.8114555 ], [ -119.760807, 36.8113991 ], [ -119.7608446, 36.8113991 ], [ -119.7608446, 36.811388 ], [ -119.7609346, 36.8113881 ], [ -119.7609344, 36.8114608 ], [ -119.7607921, 36.8114606 ] ] ] } },
{ "type": "Feature", "properties": { "name": null, "building": "yes", "building:levels": null, "amenity": null, "cuisine": null, "shop": null, "osm_id": "way/61354222" }, "geometry": { "type": "Polygon", "coordinates": [ [ [ -119.7589684, 36.8118697 ], [ -119.7588784, 36.81187 ], [ -119.7588786, 36.8117975 ], [ -119.7590209, 36.811797 ], [ -119.7590209, 36.8118023 ], [ -119.7590061, 36.8118023 ], [ -119.759006, 36.8118588 ], [ -119.7589684, 36.8118589 ], [ -119.7589684, 36.8118697 ] ] ] } },
{ "type": "Feature", "properties": { "name": null, "building": "yes", "building:levels": null, "amenity": null, "cuisine": null, "shop": null, "osm_id": "way/61354328" }, "geometry": { "type": "Polygon", "coordinates": [ [ [ -119.7589385, 36.811399 ], [ -119.7588744, 36.8113992 ], [ -119.7588746, 36.8113236 ], [ -119.7589901, 36.8113232 ], [ -119.7589901, 36.8113533 ], [ -119.7589713, 36.8113534 ], [ -119.7589712, 36.8113877 ], [ -119.7589385, 36.8113878 ], [ -119.7589385, 36.811399 ] ] ] } },
{ "type": "Feature", "properties": { "name": null, "building": "yes", "building:levels": null, "amenity": null, "cuisine": null, "shop": null, "osm_id": "way/61354539" }, "geometry": { "type": "Polygon", "coordinates": [ [ [ -119.7607917, 36.8116059 ], [ -119.7607917, 36.8116008 ], [ -119.7608065, 36.8116009 ], [ -119.7608066, 36.8115444 ], [ -119.7608442, 36.8115445 ], [ -119.7608442, 36.8115333 ], [ -119.7609342, 36.8115335 ], [ -119.760934, 36.8116062 ], [ -119.7607917, 36.8116059 ] ] ] } },
{ "type": "Feature", "properties": { "name": null, "building": "yes", "building:levels": null, "amenity": null, "cuisine": null, "shop": null, "osm_id": "way/61354598" }, "geometry": { "type": "Polygon", "coordinates": [ [ [ -119.7605563, 36.8115288 ], [ -119.7605562, 36.8115169 ], [ -119.760486, 36.8115172 ], [ -119.7604859, 36.811487 ], [ -119.760472, 36.811487 ], [ -119.7604716, 36.8114147 ], [ -119.760562, 36.8114144 ], [ -119.7605626, 36.8115288 ], [ -119.7605563, 36.8115288 ] ] ] } },
{ "type": "Feature", "properties": { "name": null, "building": "yes", "building:levels": null, "amenity": null, "cuisine": null, "shop": null, "osm_id": "way/61354851" }, "geometry": { "type": "Polygon", "coordinates": [ [ [ -119.7603591, 36.8118233 ], [ -119.7603591, 36.8118121 ], [ -119.7603215, 36.8118121 ], [ -119.7603217, 36.8117557 ], [ -119.7603069, 36.8117556 ], [ -119.7603069, 36.8117505 ], [ -119.7604492, 36.8117508 ], [ -119.760449, 36.8118234 ], [ -119.7603591, 36.8118233 ] ] ] } },
{ "type": "Feature", "properties": { "name": null, "building": "yes", "building:levels": null, "amenity": null, "cuisine": null, "shop": null, "osm_id": "way/61354860" }, "geometry": { "type": "Polygon", "coordinates": [ [ [ -119.7602877, 36.8115083 ], [ -119.7602872, 36.8114153 ], [ -119.7603812, 36.811415 ], [ -119.7603815, 36.8114665 ], [ -119.7603676, 36.8114666 ], [ -119.7603678, 36.8114929 ], [ -119.7603251, 36.811493 ], [ -119.7603252, 36.8115081 ], [ -119.7602877, 36.8115083 ] ] ] } },
{ "type": "Feature", "properties": { "name": null, "building": "yes", "building:levels": null, "amenity": null, "cuisine": null, "shop": null, "osm_id": "way/61354941" }, "geometry": { "type": "Polygon", "coordinates": [ [ [ -119.7604716, 36.8114147 ], [ -119.7604712, 36.8113424 ], [ -119.7604851, 36.8113423 ], [ -119.7604849, 36.8113121 ], [ -119.7605551, 36.8113119 ], [ -119.760555, 36.8113 ], [ -119.7605614, 36.8112999 ], [ -119.7605611, 36.8113629 ], [ -119.760562, 36.8114144 ], [ -119.7604716, 36.8114147 ] ] ] } },
{ "type": "Feature", "properties": { "name": null, "building": "yes", "building:levels": null, "amenity": null, "cuisine": null, "shop": null, "osm_id": "way/61354990" }, "geometry": { "type": "Polygon", "coordinates": [ [ [ -119.7596535, 36.8115413 ], [ -119.7595636, 36.8115416 ], [ -119.7595632, 36.811469 ], [ -119.7597055, 36.8114685 ], [ -119.7597055, 36.8114736 ], [ -119.7596907, 36.8114736 ], [ -119.759691, 36.81153 ], [ -119.7596535, 36.8115302 ], [ -119.7596535, 36.8115413 ] ] ] } },
{ "type": "Feature", "properties": { "name": null, "building": "yes", "building:levels": null, "amenity": null, "cuisine": null, "shop": null, "osm_id": "way/61355254" }, "geometry": { "type": "Polygon", "coordinates": [ [ [ -119.7606191, 36.8115071 ], [ -119.760619, 36.811492 ], [ -119.7605763, 36.8114921 ], [ -119.7605762, 36.8114658 ], [ -119.7605623, 36.8114659 ], [ -119.760562, 36.8114144 ], [ -119.760656, 36.811414 ], [ -119.7606565, 36.811507 ], [ -119.7606191, 36.8115071 ] ] ] } },
{ "type": "Feature", "properties": { "name": null, "building": "yes", "building:levels": null, "amenity": null, "cuisine": null, "shop": null, "osm_id": "way/61355317" }, "geometry": { "type": "Polygon", "coordinates": [ [ [ -119.7596543, 36.8116867 ], [ -119.7595644, 36.811687 ], [ -119.759564, 36.8116143 ], [ -119.7597063, 36.8116138 ], [ -119.7597063, 36.8116189 ], [ -119.7596915, 36.811619 ], [ -119.7596918, 36.8116754 ], [ -119.7596542, 36.8116755 ], [ -119.7596543, 36.8116867 ] ] ] } },
{ "type": "Feature", "properties": { "name": null, "building": "yes", "building:levels": null, "amenity": null, "cuisine": null, "shop": null, "osm_id": "way/61355367" }, "geometry": { "type": "Polygon", "coordinates": [ [ [ -119.7601487, 36.8117622 ], [ -119.7600588, 36.8117625 ], [ -119.7600585, 36.8116891 ], [ -119.7601229, 36.8116888 ], [ -119.7602007, 36.8116893 ], [ -119.7602007, 36.8116944 ], [ -119.7601859, 36.8116945 ], [ -119.7601862, 36.8117509 ], [ -119.7601486, 36.811751 ], [ -119.7601487, 36.8117622 ] ] ] } },
{ "type": "Feature", "properties": { "name": null, "building": "yes", "building:levels": null, "amenity": null, "cuisine": null, "shop": null, "osm_id": "way/61355550" }, "geometry": { "type": "Polygon", "coordinates": [ [ [ -119.7594133, 36.8113718 ], [ -119.7594132, 36.8113599 ], [ -119.7594131, 36.8113297 ], [ -119.7593992, 36.8113297 ], [ -119.7593989, 36.8112811 ], [ -119.7594893, 36.8112808 ], [ -119.7594898, 36.8113596 ], [ -119.7594196, 36.8113599 ], [ -119.7594197, 36.8113718 ], [ -119.7594133, 36.8113718 ] ] ] } },
{ "type": "Feature", "properties": { "name": null, "building": "yes", "building:levels": null, "amenity": null, "cuisine": null, "shop": null, "osm_id": "way/61355576" }, "geometry": { "type": "Polygon", "coordinates": [ [ [ -119.7596292, 36.811835 ], [ -119.7595652, 36.8118353 ], [ -119.7595648, 36.8117597 ], [ -119.7596803, 36.8117593 ], [ -119.7596805, 36.8117894 ], [ -119.7596617, 36.8117894 ], [ -119.7596619, 36.8118238 ], [ -119.7596292, 36.8118239 ], [ -119.7596292, 36.811835 ] ] ] } },
{ "type": "Feature", "properties": { "name": null, "building": "yes", "building:levels": null, "amenity": null, "cuisine": null, "shop": null, "osm_id": "way/61355698" }, "geometry": { "type": "Polygon", "coordinates": [ [ [ -119.7608442, 36.8115333 ], [ -119.7608443, 36.8115222 ], [ -119.7608067, 36.8115221 ], [ -119.7608068, 36.8114657 ], [ -119.760792, 36.8114657 ], [ -119.7607921, 36.8114606 ], [ -119.7609344, 36.8114608 ], [ -119.7609342, 36.8115335 ], [ -119.7608442, 36.8115333 ] ] ] } },
{ "type": "Feature", "properties": { "name": null, "building": "yes", "building:levels": null, "amenity": null, "cuisine": null, "shop": null, "osm_id": "way/61355905" }, "geometry": { "type": "Polygon", "coordinates": [ [ [ -119.7601229, 36.8116888 ], [ -119.7600585, 36.8116891 ], [ -119.7600578, 36.8116143 ], [ -119.7601737, 36.8116137 ], [ -119.7601739, 36.8116441 ], [ -119.7601552, 36.8116442 ], [ -119.7601555, 36.8116786 ], [ -119.7601228, 36.8116788 ], [ -119.7601229, 36.8116888 ] ] ] } },
{ "type": "Feature", "properties": { "name": null, "building": "yes", "building:levels": null, "amenity": null, "cuisine": null, "shop": null, "osm_id": "way/61356325" }, "geometry": { "type": "Polygon", "coordinates": [ [ [ -119.7595633, 36.8113713 ], [ -119.7595632, 36.8113594 ], [ -119.7594898, 36.8113596 ], [ -119.7594893, 36.8112808 ], [ -119.759583, 36.8112805 ], [ -119.7595833, 36.811332 ], [ -119.7595695, 36.811332 ], [ -119.7595697, 36.8113713 ], [ -119.7595633, 36.8113713 ] ] ] } },
{ "type": "Feature", "properties": { "name": null, "building": "yes", "building:levels": null, "amenity": null, "cuisine": null, "shop": null, "osm_id": "way/61356386" }, "geometry": { "type": "Polygon", "coordinates": [ [ [ -119.7597063, 36.8116138 ], [ -119.759564, 36.8116143 ], [ -119.7595636, 36.8115416 ], [ -119.7596535, 36.8115413 ], [ -119.7596536, 36.8115525 ], [ -119.7596912, 36.8115523 ], [ -119.7596915, 36.8116088 ], [ -119.7597063, 36.8116087 ], [ -119.7597063, 36.8116138 ] ] ] } },
{ "type": "Feature", "properties": { "name": null, "building": "yes", "building:levels": null, "amenity": null, "cuisine": null, "shop": null, "osm_id": "way/61356452" }, "geometry": { "type": "Polygon", "coordinates": [ [ [ -119.7603819, 36.8115294 ], [ -119.7603815, 36.8114665 ], [ -119.7603812, 36.811415 ], [ -119.7604716, 36.8114147 ], [ -119.760472, 36.811487 ], [ -119.7604581, 36.8114871 ], [ -119.7604583, 36.8115173 ], [ -119.7603881, 36.8115175 ], [ -119.7603882, 36.8115294 ], [ -119.7603819, 36.8115294 ] ] ] } },
{ "type": "Feature", "properties": { "name": null, "building": "yes", "building:levels": null, "amenity": null, "cuisine": null, "shop": null, "osm_id": "way/61356743" }, "geometry": { "type": "Polygon", "coordinates": [ [ [ -119.7589898, 36.8114745 ], [ -119.7588742, 36.8114749 ], [ -119.7588744, 36.8113992 ], [ -119.7589385, 36.811399 ], [ -119.7589384, 36.8114102 ], [ -119.7589712, 36.8114101 ], [ -119.7589711, 36.8114444 ], [ -119.7589901, 36.8114444 ], [ -119.7589898, 36.8114745 ] ] ] } },
{ "type": "Feature", "properties": { "name": null, "building": "yes", "building:levels": null, "amenity": null, "cuisine": null, "shop": null, "osm_id": "way/61356847" }, "geometry": { "type": "Polygon", "coordinates": [ [ [ -119.7608446, 36.811388 ], [ -119.7608446, 36.8113768 ], [ -119.7608071, 36.8113768 ], [ -119.7608072, 36.8113204 ], [ -119.7607924, 36.8113203 ], [ -119.7607924, 36.8113152 ], [ -119.7609347, 36.8113155 ], [ -119.7609346, 36.8113881 ], [ -119.7608446, 36.811388 ] ] ] } },
{ "type": "Feature", "properties": { "name": null, "building": "yes", "building:levels": null, "amenity": null, "cuisine": null, "shop": null, "osm_id": "way/61356885" }, "geometry": { "type": "Polygon", "coordinates": [ [ [ -119.7604716, 36.8114147 ], [ -119.7603812, 36.811415 ], [ -119.7603806, 36.8113006 ], [ -119.760387, 36.8113006 ], [ -119.760387, 36.8113124 ], [ -119.7604572, 36.8113122 ], [ -119.7604574, 36.8113424 ], [ -119.7604712, 36.8113424 ], [ -119.7604716, 36.8114147 ] ] ] } },
{ "type": "Feature", "properties": { "name": null, "building": "yes", "building:levels": null, "amenity": null, "cuisine": null, "shop": null, "osm_id": "way/61356987" }, "geometry": { "type": "Polygon", "coordinates": [ [ [ -119.7603069, 36.8117505 ], [ -119.7603069, 36.8117454 ], [ -119.7603217, 36.8117454 ], [ -119.7603219, 36.811689 ], [ -119.7603594, 36.8116891 ], [ -119.7603595, 36.8116779 ], [ -119.7604494, 36.8116781 ], [ -119.7604492, 36.8117508 ], [ -119.7603069, 36.8117505 ] ] ] } },
{ "type": "Feature", "properties": { "name": "Save Mart Center", "building": "commercial", "building:levels": "2", "amenity": "conference_centre", "cuisine": null, "shop": null, "osm_id": "way/364434855" }, "geometry": { "type": "Polygon", "coordinates": [ [ [ -119.7393226, 36.8101936 ], [ -119.7376982, 36.8101936 ], [ -119.7376982, 36.8091764 ], [ -119.7393226, 36.8091764 ], [ -119.7393226, 36.8101936 ] ] ] } },
{ "type": "Feature", "properties": { "name": "Regency Event Center", "building": "yes", "building:levels": null, "amenity": "events_venue", "cuisine": null, "shop": null, "osm_id": "way/533303698" }, "geometry": { "type": "Polygon", "coordinates": [ [ [ -119.7293852, 36.8120956 ], [ -119.7290336, 36.8118583 ], [ -119.7294177, 36.8114934 ], [ -119.7297693, 36.8117306 ], [ -119.7293852, 36.8120956 ] ] ] } },
{ "type": "Feature", "properties": { "name": "Leon S Peters Business Center", "building": "yes", "building:levels": null, "amenity": null, "cuisine": null, "shop": null, "osm_id": "way/557068817" }, "geometry": { "type": "Polygon", "coordinates": [ [ [ -119.7439187, 36.8128299 ], [ -119.743919, 36.8127441 ], [ -119.7438414, 36.8127439 ], [ -119.7438415, 36.8127226 ], [ -119.7433571, 36.8127217 ], [ -119.7433573, 36.8126431 ], [ -119.7434314, 36.8126432 ], [ -119.7434316, 36.8125871 ], [ -119.7438364, 36.8125878 ], [ -119.7438365, 36.8125621 ], [ -119.7439182, 36.8125622 ], [ -119.7439189, 36.8124783 ], [ -119.7438736, 36.812478 ], [ -119.7438734, 36.812493 ], [ -119.7438403, 36.8124927 ], [ -119.7438404, 36.8124805 ], [ -119.7433565, 36.8124769 ], [ -119.7433552, 36.8125883 ], [ -119.7433195, 36.8125884 ], [ -119.7432984, 36.8125885 ], [ -119.7432981, 36.8125214 ], [ -119.7430057, 36.8125186 ], [ -119.7430062, 36.812465 ], [ -119.7428413, 36.8124639 ], [ -119.7428407, 36.8125241 ], [ -119.7427565, 36.8125236 ], [ -119.7427558, 36.8125942 ], [ -119.7428387, 36.8125946 ], [ -119.7428378, 36.8127017 ], [ -119.7430355, 36.8127028 ], [ -119.7430343, 36.8128521 ], [ -119.7428739, 36.8128512 ], [ -119.7428728, 36.8129773 ], [ -119.7430425, 36.8129782 ], [ -119.7430421, 36.8130194 ], [ -119.743078, 36.8130195 ], [ -119.7430776, 36.8130821 ], [ -119.7432789, 36.813083 ], [ -119.7432794, 36.8130192 ], [ -119.7432643, 36.8130192 ], [ -119.7432652, 36.8128424 ], [ -119.7432121, 36.8128422 ], [ -119.7432124, 36.8127837 ], [ -119.7433134, 36.8127826 ], [ -119.7433447, 36.812782 ], [ -119.743346, 36.8128908 ], [ -119.7438349, 36.8128873 ], [ -119.7438351, 36.8128297 ], [ -119.7439187, 36.8128299 ] ] ] } },
{ "type": "Feature", "properties": { "name": "Conley Art Gallery", "building": "yes", "building:levels": null, "amenity": null, "cuisine": null, "shop": null, "osm_id": "way/557162235" }, "geometry": { "type": "Polygon", "coordinates": [ [ [ -119.7441314, 36.8121899 ], [ -119.7438557, 36.8121897 ], [ -119.743856, 36.8119101 ], [ -119.7435698, 36.8119099 ], [ -119.7435699, 36.8118233 ], [ -119.7435547, 36.8118233 ], [ -119.7435548, 36.811619 ], [ -119.7443748, 36.8116192 ], [ -119.7443747, 36.8118213 ], [ -119.7443595, 36.8118213 ], [ -119.7443594, 36.8119078 ], [ -119.7441317, 36.8119077 ], [ -119.7441314, 36.8121899 ] ] ] } },
{ "type": "Feature", "properties": { "name": "Joyal Administration Building", "building": "yes", "building:levels": null, "amenity": null, "cuisine": null, "shop": null, "osm_id": "way/557162236" }, "geometry": { "type": "Polygon", "coordinates": [ [ [ -119.7448142, 36.8113305 ], [ -119.7442433, 36.8113282 ], [ -119.7442471, 36.8107337 ], [ -119.7448179, 36.810736 ], [ -119.7448142, 36.8113305 ] ] ] } },
{ "type": "Feature", "properties": { "name": "Smittcamp Alumni House", "building": "yes", "building:levels": null, "amenity": null, "cuisine": null, "shop": null, "osm_id": "way/557162238" }, "geometry": { "type": "Polygon", "coordinates": [ [ [ -119.743163, 36.8101102 ], [ -119.743014, 36.8101096 ], [ -119.7430146, 36.8100226 ], [ -119.7428613, 36.810022 ], [ -119.7428608, 36.8101066 ], [ -119.7426848, 36.8101059 ], [ -119.7426855, 36.8099991 ], [ -119.7426628, 36.809999 ], [ -119.7426633, 36.8099213 ], [ -119.7427397, 36.8099216 ], [ -119.7427398, 36.809905 ], [ -119.7429266, 36.8099057 ], [ -119.742927, 36.8098484 ], [ -119.7429887, 36.8098486 ], [ -119.7430533, 36.8098489 ], [ -119.743053, 36.8099007 ], [ -119.7431228, 36.809901 ], [ -119.7431225, 36.8099575 ], [ -119.743164, 36.8099576 ], [ -119.743163, 36.8101102 ] ] ] } },
{ "type": "Feature", "properties": { "name": "Student Recreation Center", "building": "yes", "building:levels": null, "amenity": null, "cuisine": null, "shop": null, "osm_id": "way/557162239" }, "geometry": { "type": "Polygon", "coordinates": [ [ [ -119.7396581, 36.8100341 ], [ -119.7401177, 36.8100374 ], [ -119.7401183, 36.8099837 ], [ -119.7402973, 36.809985 ], [ -119.7403017, 36.8095934 ], [ -119.7402462, 36.809593 ], [ -119.7402471, 36.8095132 ], [ -119.7402852, 36.8095134 ], [ -119.7402866, 36.8093943 ], [ -119.7402565, 36.809394 ], [ -119.7402572, 36.8093323 ], [ -119.7403114, 36.8093327 ], [ -119.7403135, 36.8091503 ], [ -119.740084, 36.8091487 ], [ -119.7400836, 36.8091857 ], [ -119.73971, 36.8091829 ], [ -119.7397103, 36.8091527 ], [ -119.7394867, 36.8091511 ], [ -119.7394848, 36.8093166 ], [ -119.7396745, 36.809318 ], [ -119.7396715, 36.809585 ], [ -119.7394806, 36.8095836 ], [ -119.7394761, 36.8099742 ], [ -119.7396587, 36.8099755 ], [ -119.7396581, 36.8100341 ] ] ] } },
{ "type": "Feature", "properties": { "name": "Science I", "building": "yes", "building:levels": null, "amenity": null, "cuisine": null, "shop": null, "osm_id": "way/557162243" }, "geometry": { "type": "Polygon", "coordinates": [ [ [ -119.7445542, 36.8136971 ], [ -119.7445548, 36.8136216 ], [ -119.7446255, 36.813622 ], [ -119.7446266, 36.8134787 ], [ -119.7445399, 36.8134782 ], [ -119.7445405, 36.8134018 ], [ -119.7440841, 36.8133994 ], [ -119.7440838, 36.8134389 ], [ -119.7440278, 36.8134386 ], [ -119.744028, 36.8134202 ], [ -119.7439577, 36.8134199 ], [ -119.7439575, 36.8134395 ], [ -119.7439321, 36.8134394 ], [ -119.7439324, 36.8134041 ], [ -119.7434783, 36.8134019 ], [ -119.743478, 36.8134398 ], [ -119.7433349, 36.8134391 ], [ -119.7433336, 36.8136087 ], [ -119.7434071, 36.813609 ], [ -119.7434065, 36.8136948 ], [ -119.7439322, 36.8136974 ], [ -119.7439314, 36.8137905 ], [ -119.7440459, 36.8137911 ], [ -119.7440466, 36.8136946 ], [ -119.7445542, 36.8136971 ] ] ] } },
{ "type": "Feature", "properties": { "name": "Satellite Student Union", "building": "yes", "building:levels": null, "amenity": null, "cuisine": null, "shop": null, "osm_id": "way/557162244" }, "geometry": { "type": "Polygon", "coordinates": [ [ [ -119.7453615, 36.8136084 ], [ -119.7451225, 36.8136084 ], [ -119.745096, 36.813578 ], [ -119.7451036, 36.8134945 ], [ -119.7450808, 36.8134444 ], [ -119.7451036, 36.8134383 ], [ -119.7450391, 36.8132743 ], [ -119.7450656, 36.8132106 ], [ -119.7450505, 36.8131908 ], [ -119.7451187, 36.8131529 ], [ -119.7451453, 36.8131848 ], [ -119.7453615, 36.8131878 ], [ -119.7454032, 36.8131681 ], [ -119.7453994, 36.8131908 ], [ -119.745445, 36.8132698 ], [ -119.7453881, 36.8134292 ], [ -119.7454032, 36.8134323 ], [ -119.7453843, 36.81349 ], [ -119.7453843, 36.8135795 ], [ -119.7453615, 36.8136084 ] ] ] } },
{ "type": "Feature", "properties": { "name": "Thomas Administration Building", "building": "yes", "building:levels": null, "amenity": null, "cuisine": null, "shop": null, "osm_id": "way/557164808" }, "geometry": { "type": "Polygon", "coordinates": [ [ [ -119.7468127, 36.8130175 ], [ -119.7466539, 36.8130163 ], [ -119.7466566, 36.8127954 ], [ -119.7466311, 36.8127952 ], [ -119.7466297, 36.8129057 ], [ -119.7464656, 36.8129044 ], [ -119.7464667, 36.8128142 ], [ -119.7466017, 36.8128153 ], [ -119.746602, 36.812793 ], [ -119.7461637, 36.8127895 ], [ -119.7461642, 36.8127489 ], [ -119.7461229, 36.8127485 ], [ -119.746124, 36.8126584 ], [ -119.7461589, 36.8126587 ], [ -119.7461608, 36.8125077 ], [ -119.746034, 36.8125067 ], [ -119.7460355, 36.812385 ], [ -119.7463482, 36.8123875 ], [ -119.7463447, 36.8126642 ], [ -119.7468171, 36.812668 ], [ -119.7468127, 36.8130175 ] ] ] } },
{ "type": "Feature", "properties": { "name": null, "building": "yes", "building:levels": null, "amenity": null, "cuisine": null, "shop": null, "osm_id": "way/557164811" }, "geometry": { "type": "Polygon", "coordinates": [ [ [ -119.7434507, 36.8119497 ], [ -119.7432477, 36.8119493 ], [ -119.7432482, 36.8118012 ], [ -119.7434511, 36.8118016 ], [ -119.7434507, 36.8119497 ] ] ] } },
{ "type": "Feature", "properties": { "name": "Agricultural Sciences", "building": "university", "building:levels": null, "amenity": null, "cuisine": null, "shop": null, "osm_id": "way/557165118" }, "geometry": { "type": "Polygon", "coordinates": [ [ [ -119.7467257, 36.8138821 ], [ -119.7467265, 36.8137492 ], [ -119.7466496, 36.813749 ], [ -119.7466495, 36.8137786 ], [ -119.7462985, 36.8137773 ], [ -119.7462991, 36.8136723 ], [ -119.74634, 36.8136725 ], [ -119.7463403, 36.8136224 ], [ -119.7467312, 36.8136237 ], [ -119.7467316, 36.813529 ], [ -119.746732, 36.8134778 ], [ -119.7466486, 36.8134775 ], [ -119.7466484, 36.8135127 ], [ -119.7465928, 36.8135125 ], [ -119.7462756, 36.8135115 ], [ -119.7461685, 36.8135111 ], [ -119.7461681, 36.8135894 ], [ -119.7461388, 36.8135893 ], [ -119.7461379, 36.8136271 ], [ -119.7461372, 36.8138746 ], [ -119.7461557, 36.8138747 ], [ -119.7461551, 36.81399 ], [ -119.7462638, 36.8139904 ], [ -119.7462644, 36.8138804 ], [ -119.7462789, 36.8138804 ], [ -119.7467257, 36.8138821 ] ] ] } },
{ "type": "Feature", "properties": { "name": "University Student Union", "building": "yes", "building:levels": null, "amenity": null, "cuisine": null, "shop": null, "osm_id": "way/557165895" }, "geometry": { "type": "Polygon", "coordinates": [ [ [ -119.7486038, 36.8128898 ], [ -119.7481787, 36.8128896 ], [ -119.748179, 36.8125465 ], [ -119.748326, 36.8125466 ], [ -119.7484708, 36.8125467 ], [ -119.7486042, 36.8125468 ], [ -119.7486038, 36.8128898 ] ] ] } },
{ "type": "Feature", "properties": { "name": "Kennel Bookstore", "building": "yes", "building:levels": null, "amenity": null, "cuisine": null, "shop": null, "osm_id": "way/557165896" }, "geometry": { "type": "Polygon", "coordinates": [ [ [ -119.7478962, 36.8128162 ], [ -119.7478962, 36.8126143 ], [ -119.74751, 36.8126122 ], [ -119.7475073, 36.8128162 ], [ -119.7475985, 36.8128162 ], [ -119.7475985, 36.8128516 ], [ -119.747805, 36.8128527 ], [ -119.747805, 36.8128162 ], [ -119.7478962, 36.8128162 ] ] ] } },
{ "type": "Feature", "properties": { "name": null, "building": "yes", "building:levels": null, "amenity": null, "cuisine": null, "shop": null, "osm_id": "way/557165897" }, "geometry": { "type": "Polygon", "coordinates": [ [ [ -119.7481195, 36.8127963 ], [ -119.747964, 36.8127963 ], [ -119.747964, 36.8126664 ], [ -119.7481195, 36.8126664 ], [ -119.7481195, 36.8127963 ] ] ] } },
{ "type": "Feature", "properties": { "name": null, "building": "yes", "building:levels": null, "amenity": null, "cuisine": null, "shop": null, "osm_id": "way/557165898" }, "geometry": { "type": "Polygon", "coordinates": [ [ [ -119.7480168, 36.8128772 ], [ -119.7479631, 36.8128775 ], [ -119.7479628, 36.8128362 ], [ -119.7480164, 36.8128359 ], [ -119.7480168, 36.8128772 ] ] ] } },
{ "type": "Feature", "properties": { "name": "Speech Arts", "building": "yes", "building:levels": null, "amenity": null, "cuisine": null, "shop": null, "osm_id": "way/557191288" }, "geometry": { "type": "Polygon", "coordinates": [ [ [ -119.7466697, 36.8113317 ], [ -119.7466691, 36.8114567 ], [ -119.7466958, 36.8114568 ], [ -119.7466953, 36.8115613 ], [ -119.7471995, 36.8115628 ], [ -119.7474477, 36.8115635 ], [ -119.7474465, 36.8118264 ], [ -119.7471396, 36.8118256 ], [ -119.7471396, 36.8118362 ], [ -119.7467259, 36.8118347 ], [ -119.7467256, 36.8118934 ], [ -119.7463428, 36.8118919 ], [ -119.7463415, 36.812112 ], [ -119.74616, 36.8121113 ], [ -119.7461617, 36.8118403 ], [ -119.7460869, 36.81184 ], [ -119.7460886, 36.8115575 ], [ -119.7461627, 36.8115577 ], [ -119.7461629, 36.8115288 ], [ -119.7462423, 36.8115291 ], [ -119.7462433, 36.8113302 ], [ -119.7465745, 36.8113302 ], [ -119.7466697, 36.8113317 ] ] ] } },
{ "type": "Feature", "properties": { "name": "Music", "building": "university", "building:levels": null, "amenity": null, "cuisine": null, "shop": null, "osm_id": "way/557191289" }, "geometry": { "type": "Polygon", "coordinates": [ [ [ -119.7460075, 36.8115225 ], [ -119.7461116, 36.8115233 ], [ -119.7461118, 36.8115041 ], [ -119.7461917, 36.8115048 ], [ -119.7461938, 36.8113293 ], [ -119.7465745, 36.8113302 ], [ -119.7465808, 36.8110531 ], [ -119.7464888, 36.8110523 ], [ -119.7464896, 36.8109959 ], [ -119.7464325, 36.8109954 ], [ -119.7464334, 36.8109227 ], [ -119.7463976, 36.8109224 ], [ -119.7464003, 36.8107151 ], [ -119.7464628, 36.8107156 ], [ -119.7464594, 36.8109674 ], [ -119.7466016, 36.8109686 ], [ -119.7466043, 36.8107688 ], [ -119.7474988, 36.8107764 ], [ -119.7475005, 36.8106525 ], [ -119.7473518, 36.8106513 ], [ -119.7473544, 36.8104503 ], [ -119.7473977, 36.8104506 ], [ -119.7473986, 36.8103829 ], [ -119.7469574, 36.8103794 ], [ -119.7469565, 36.8104536 ], [ -119.7470428, 36.8104543 ], [ -119.7470419, 36.8105323 ], [ -119.7470671, 36.8105325 ], [ -119.7470658, 36.8106509 ], [ -119.7466532, 36.810648 ], [ -119.7466543, 36.8105538 ], [ -119.7464817, 36.8105525 ], [ -119.7464803, 36.8106717 ], [ -119.7464057, 36.8106712 ], [ -119.7464062, 36.8106311 ], [ -119.745963, 36.810628 ], [ -119.7459562, 36.8112458 ], [ -119.7460106, 36.8112462 ], [ -119.7460075, 36.8115225 ] ] ] } },
{ "type": "Feature", "properties": { "name": "Lynda and Stewart Resnick Student Union", "building": "yes", "building:levels": null, "amenity": null, "cuisine": null, "shop": null, "osm_id": "way/557191290" }, "geometry": { "type": "Polygon", "coordinates": [ [ [ -119.7479955, 36.8116026 ], [ -119.7480011, 36.8109038 ], [ -119.7469727, 36.8109073 ], [ -119.7469774, 36.8110026 ], [ -119.7471262, 36.8110033 ], [ -119.7471349, 36.811268 ], [ -119.7476977, 36.8113169 ], [ -119.7476947, 36.8115981 ], [ -119.7479955, 36.8116026 ] ] ] } },
{ "type": "Feature", "properties": { "name": "University Center", "building": "yes", "building:levels": null, "amenity": null, "cuisine": null, "shop": null, "osm_id": "way/557192609" }, "geometry": { "type": "Polygon", "coordinates": [ [ [ -119.7487311, 36.8121585 ], [ -119.7486213, 36.8121591 ], [ -119.7486216, 36.8121285 ], [ -119.7483081, 36.8121293 ], [ -119.7483085, 36.812234 ], [ -119.7480962, 36.8122345 ], [ -119.748095, 36.8119024 ], [ -119.7480652, 36.8119025 ], [ -119.7480651, 36.8118727 ], [ -119.7480885, 36.8118727 ], [ -119.7480883, 36.8118211 ], [ -119.7481328, 36.8118209 ], [ -119.7481323, 36.8117055 ], [ -119.7482771, 36.8117051 ], [ -119.7482774, 36.8117947 ], [ -119.7486058, 36.8117938 ], [ -119.7486053, 36.8116851 ], [ -119.7487615, 36.8116847 ], [ -119.7487618, 36.8117466 ], [ -119.7488512, 36.8117464 ], [ -119.7488521, 36.81197 ], [ -119.7487303, 36.8119703 ], [ -119.7487311, 36.8121585 ] ] ] } },
{ "type": "Feature", "properties": { "name": "Fresno State Library", "building": "yes", "building:levels": "4", "amenity": "library", "cuisine": null, "shop": null, "osm_id": "way/557192610" }, "geometry": { "type": "Polygon", "coordinates": [ [ [ -119.7496308, 36.8118517 ], [ -119.7496127, 36.8119172 ], [ -119.7495868, 36.8119126 ], [ -119.7495836, 36.8119243 ], [ -119.750385, 36.8120664 ], [ -119.7503171, 36.8123119 ], [ -119.7503261, 36.8123134 ], [ -119.7502865, 36.8124578 ], [ -119.7491604, 36.8122608 ], [ -119.7491723, 36.8122153 ], [ -119.7491366, 36.8121977 ], [ -119.7491115, 36.8121705 ], [ -119.7490975, 36.8121385 ], [ -119.7491042, 36.8121058 ], [ -119.7490016, 36.8120869 ], [ -119.7490691, 36.8118372 ], [ -119.7494759, 36.8119094 ], [ -119.7494811, 36.8118906 ], [ -119.7494394, 36.8118832 ], [ -119.7494525, 36.811836 ], [ -119.749245, 36.8117901 ], [ -119.7493763, 36.8112871 ], [ -119.7500206, 36.8113926 ], [ -119.7498741, 36.8118985 ], [ -119.7496308, 36.8118517 ] ] ] } },
{ "type": "Feature", "properties": { "name": null, "building": "yes", "building:levels": null, "amenity": null, "cuisine": null, "shop": null, "osm_id": "way/557196791" }, "geometry": { "type": "Polygon", "coordinates": [ [ [ -119.7351823, 36.8130674 ], [ -119.7351933, 36.8125764 ], [ -119.7347667, 36.8125708 ], [ -119.7347649, 36.8125228 ], [ -119.7347087, 36.8125225 ], [ -119.7347101, 36.8124888 ], [ -119.7346983, 36.8124869 ], [ -119.7346996, 36.8124536 ], [ -119.7343862, 36.8124505 ], [ -119.7343848, 36.8125112 ], [ -119.7343328, 36.8125114 ], [ -119.7343301, 36.8125632 ], [ -119.7339186, 36.8125615 ], [ -119.7339103, 36.8130513 ], [ -119.7344835, 36.8130596 ], [ -119.7344817, 36.813109 ], [ -119.7347548, 36.813114 ], [ -119.7347559, 36.8130638 ], [ -119.7351823, 36.8130674 ] ] ] } },
{ "type": "Feature", "properties": { "name": null, "building": "retail", "building:levels": null, "amenity": null, "cuisine": null, "shop": null, "osm_id": "way/557196792" }, "geometry": { "type": "Polygon", "coordinates": [ [ [ -119.7354093, 36.812561 ], [ -119.7354161, 36.8123766 ], [ -119.7347195, 36.8123648 ], [ -119.7347185, 36.812494 ], [ -119.7347819, 36.8124958 ], [ -119.7347795, 36.8125577 ], [ -119.7354093, 36.812561 ] ] ] } },
{ "type": "Feature", "properties": { "name": null, "building": "yes", "building:levels": null, "amenity": null, "cuisine": null, "shop": null, "osm_id": "way/557196793" }, "geometry": { "type": "Polygon", "coordinates": [ [ [ -119.7335512, 36.8125376 ], [ -119.7335551, 36.8123538 ], [ -119.7343754, 36.8123657 ], [ -119.7343771, 36.8124922 ], [ -119.7343176, 36.8124916 ], [ -119.7343176, 36.812547 ], [ -119.7335512, 36.8125376 ] ] ] } },
{ "type": "Feature", "properties": { "name": null, "building": "retail", "building:levels": null, "amenity": null, "cuisine": null, "shop": null, "osm_id": "way/557196794" }, "geometry": { "type": "Polygon", "coordinates": [ [ [ -119.7354309, 36.81212 ], [ -119.7348278, 36.8121133 ], [ -119.734832, 36.812103 ], [ -119.7347633, 36.8121015 ], [ -119.7347645, 36.8119116 ], [ -119.734834, 36.8119095 ], [ -119.7348418, 36.8118322 ], [ -119.7350568, 36.8118363 ], [ -119.7350563, 36.8118883 ], [ -119.7354357, 36.8118945 ], [ -119.7354309, 36.81212 ] ] ] } },
{ "type": "Feature", "properties": { "name": null, "building": "yes", "building:levels": null, "amenity": null, "cuisine": null, "shop": null, "osm_id": "way/557196795" }, "geometry": { "type": "Polygon", "coordinates": [ [ [ -119.7342629, 36.8120974 ], [ -119.7337423, 36.812095 ], [ -119.733751, 36.8118725 ], [ -119.7340648, 36.8118783 ], [ -119.7340683, 36.8118225 ], [ -119.7342696, 36.8118281 ], [ -119.7342629, 36.8120974 ] ] ] } },
{ "type": "Feature", "properties": { "name": null, "building": "yes", "building:levels": null, "amenity": null, "cuisine": null, "shop": null, "osm_id": "way/557196796" }, "geometry": { "type": "Polygon", "coordinates": [ [ [ -119.7347703, 36.8118208 ], [ -119.7343448, 36.8118162 ], [ -119.7343556, 36.8115059 ], [ -119.7347717, 36.8115132 ], [ -119.7347703, 36.8118208 ] ] ] } },
{ "type": "Feature", "properties": { "name": null, "building": "yes", "building:levels": null, "amenity": null, "cuisine": null, "shop": null, "osm_id": "way/558163483" }, "geometry": { "type": "Polygon", "coordinates": [ [ [ -119.7488414, 36.813273 ], [ -119.7487858, 36.8132735 ], [ -119.7487855, 36.8132494 ], [ -119.7487737, 36.8132495 ], [ -119.7487733, 36.8132241 ], [ -119.7487849, 36.813224 ], [ -119.7487846, 36.8132013 ], [ -119.7488404, 36.8132008 ], [ -119.7488414, 36.813273 ] ] ] } },
{ "type": "Feature", "properties": { "name": "McLane Hall", "building": "yes", "building:levels": null, "amenity": null, "cuisine": null, "shop": null, "osm_id": "way/558163484" }, "geometry": { "type": "Polygon", "coordinates": [ [ [ -119.7485638, 36.8136452 ], [ -119.7485643, 36.8135572 ], [ -119.748565, 36.8135091 ], [ -119.7484691, 36.8135086 ], [ -119.7484689, 36.8135393 ], [ -119.748143, 36.8135376 ], [ -119.7481443, 36.8133756 ], [ -119.7485695, 36.8133778 ], [ -119.7485697, 36.8132837 ], [ -119.7485706, 36.8132364 ], [ -119.7484694, 36.8132359 ], [ -119.7484691, 36.8132675 ], [ -119.7481159, 36.8132658 ], [ -119.7479047, 36.8132648 ], [ -119.7479047, 36.813165 ], [ -119.7479059, 36.8131073 ], [ -119.7480375, 36.8131079 ], [ -119.7480387, 36.812935 ], [ -119.7479134, 36.8129344 ], [ -119.7479135, 36.8129203 ], [ -119.7478319, 36.81292 ], [ -119.7478318, 36.8129349 ], [ -119.747176, 36.8129323 ], [ -119.747175, 36.8131003 ], [ -119.7477257, 36.8131024 ], [ -119.7477254, 36.8131553 ], [ -119.7476433, 36.813155 ], [ -119.747643, 36.8132117 ], [ -119.7477255, 36.813212 ], [ -119.7477252, 36.8132635 ], [ -119.7475766, 36.8132629 ], [ -119.7475772, 36.8131596 ], [ -119.7472717, 36.8131584 ], [ -119.7472712, 36.8132273 ], [ -119.7471704, 36.8132269 ], [ -119.7471711, 36.8132743 ], [ -119.7471694, 36.813372 ], [ -119.7478153, 36.8133747 ], [ -119.7478152, 36.813386 ], [ -119.7477459, 36.8133857 ], [ -119.7477458, 36.8133996 ], [ -119.7476799, 36.8133993 ], [ -119.7476788, 36.8135348 ], [ -119.7472781, 36.8135326 ], [ -119.7472784, 36.8135016 ], [ -119.7471906, 36.8135011 ], [ -119.7471898, 36.81353 ], [ -119.7471894, 36.8136365 ], [ -119.7477275, 36.8136395 ], [ -119.7477261, 36.8137976 ], [ -119.747849, 36.8137982 ], [ -119.7478504, 36.8136413 ], [ -119.7478854, 36.8136415 ], [ -119.7485638, 36.8136452 ] ] ] } },
{ "type": "Feature", "properties": { "name": "Professional Human Services", "building": "yes", "building:levels": "2", "amenity": null, "cuisine": null, "shop": null, "osm_id": "way/558163485" }, "geometry": { "type": "Polygon", "coordinates": [ [ [ -119.7498978, 36.8130372 ], [ -119.749918, 36.8129635 ], [ -119.749927, 36.8129319 ], [ -119.749871, 36.812922 ], [ -119.7498879, 36.8128611 ], [ -119.7494134, 36.812777 ], [ -119.7494052, 36.8128068 ], [ -119.7490994, 36.8127526 ], [ -119.7490845, 36.8128066 ], [ -119.7490503, 36.8128005 ], [ -119.7490286, 36.8128792 ], [ -119.7492392, 36.8129165 ], [ -119.7491678, 36.8131746 ], [ -119.7492149, 36.8131829 ], [ -119.7492047, 36.8132201 ], [ -119.7492544, 36.8132293 ], [ -119.749294, 36.8132359 ], [ -119.7493038, 36.8132008 ], [ -119.749369, 36.8132123 ], [ -119.7494398, 36.8129561 ], [ -119.7498978, 36.8130372 ] ] ] } },
{ "type": "Feature", "properties": { "name": "Family and Food Science", "building": "yes", "building:levels": "2", "amenity": null, "cuisine": null, "shop": null, "osm_id": "way/558163486" }, "geometry": { "type": "Polygon", "coordinates": [ [ [ -119.7506872, 36.8131859 ], [ -119.750578, 36.8131665 ], [ -119.7505423, 36.8132953 ], [ -119.7503471, 36.8132607 ], [ -119.7503809, 36.8131386 ], [ -119.7499833, 36.8130681 ], [ -119.7500074, 36.812979 ], [ -119.7500135, 36.812957 ], [ -119.7500338, 36.8128857 ], [ -119.7505367, 36.8129749 ], [ -119.7505318, 36.8129926 ], [ -119.750731, 36.813028 ], [ -119.7506872, 36.8131859 ] ] ] } },
{ "type": "Feature", "properties": { "name": "Social Science", "building": "yes", "building:levels": "2", "amenity": null, "cuisine": null, "shop": null, "osm_id": "way/558163487" }, "geometry": { "type": "Polygon", "coordinates": [ [ [ -119.7506882, 36.813563 ], [ -119.7506038, 36.8135624 ], [ -119.7505192, 36.8135618 ], [ -119.7505168, 36.8137709 ], [ -119.7500274, 36.8137672 ], [ -119.7500263, 36.8138389 ], [ -119.7500262, 36.8138529 ], [ -119.7500261, 36.8138764 ], [ -119.7500559, 36.8138766 ], [ -119.7500551, 36.813941 ], [ -119.7506569, 36.8139454 ], [ -119.750658, 36.81385 ], [ -119.7506849, 36.8138502 ], [ -119.7506882, 36.813563 ] ] ] } },
{ "type": "Feature", "properties": { "name": "KcKee Fiske Building", "building": "yes", "building:levels": "2", "amenity": null, "cuisine": null, "shop": null, "osm_id": "way/558163488" }, "geometry": { "type": "Polygon", "coordinates": [ [ [ -119.7493075, 36.8133792 ], [ -119.7492412, 36.8133792 ], [ -119.7492118, 36.8133792 ], [ -119.7492118, 36.8133975 ], [ -119.7491233, 36.8133976 ], [ -119.7491237, 36.813758 ], [ -119.7490867, 36.8137581 ], [ -119.7490869, 36.8139568 ], [ -119.7498459, 36.8139563 ], [ -119.7498459, 36.8139067 ], [ -119.7498866, 36.8139067 ], [ -119.749886, 36.8138819 ], [ -119.749886, 36.8138543 ], [ -119.749886, 36.8138403 ], [ -119.7498865, 36.8137927 ], [ -119.7493289, 36.8137928 ], [ -119.7493287, 36.8134119 ], [ -119.7493075, 36.8134119 ], [ -119.7493075, 36.8133792 ] ] ] } },
{ "type": "Feature", "properties": { "name": "Kremen School of Education and Human Development", "building": "university", "building:levels": null, "amenity": null, "cuisine": null, "shop": null, "osm_id": "way/558166152" }, "geometry": { "type": "Polygon", "coordinates": [ [ [ -119.7471405, 36.8097769 ], [ -119.7471732, 36.809749 ], [ -119.7471723, 36.8096957 ], [ -119.747171, 36.8095876 ], [ -119.7471187, 36.8095414 ], [ -119.7471183, 36.8093542 ], [ -119.7462883, 36.8093553 ], [ -119.7462886, 36.8094952 ], [ -119.7462474, 36.8094588 ], [ -119.7461732, 36.8095126 ], [ -119.7461732, 36.8095414 ], [ -119.7458703, 36.8097839 ], [ -119.7458446, 36.8097837 ], [ -119.7457497, 36.809783 ], [ -119.7457033, 36.8097827 ], [ -119.745703, 36.8098155 ], [ -119.7456304, 36.809815 ], [ -119.7456296, 36.8098902 ], [ -119.7456856, 36.8098906 ], [ -119.7456858, 36.8098742 ], [ -119.746317, 36.8098789 ], [ -119.7463168, 36.8098939 ], [ -119.7463753, 36.8098943 ], [ -119.7463762, 36.8098193 ], [ -119.746305, 36.8098187 ], [ -119.7463061, 36.8097324 ], [ -119.7463295, 36.8097135 ], [ -119.7463584, 36.8096905 ], [ -119.7464324, 36.8097499 ], [ -119.7464324, 36.8097744 ], [ -119.7471405, 36.8097769 ] ] ] } },
{ "type": "Feature", "properties": { "name": "Science II", "building": "yes", "building:levels": null, "amenity": null, "cuisine": null, "shop": null, "osm_id": "way/558335953" }, "geometry": { "type": "Polygon", "coordinates": [ [ [ -119.7440295, 36.8145886 ], [ -119.7439486, 36.8145678 ], [ -119.7440121, 36.8144092 ], [ -119.743977, 36.8144002 ], [ -119.7439899, 36.814368 ], [ -119.7439044, 36.8143461 ], [ -119.7438919, 36.8143772 ], [ -119.7438539, 36.8143675 ], [ -119.7438295, 36.8144285 ], [ -119.7437467, 36.8144073 ], [ -119.7437367, 36.8143622 ], [ -119.743519, 36.8144013 ], [ -119.7432875, 36.8144779 ], [ -119.7430892, 36.8145843 ], [ -119.7429209, 36.8147108 ], [ -119.7430262, 36.8147876 ], [ -119.7430436, 36.8147723 ], [ -119.7431186, 36.814827 ], [ -119.7431583, 36.8148371 ], [ -119.7431489, 36.814861 ], [ -119.7432054, 36.8148754 ], [ -119.7431841, 36.814929 ], [ -119.7432193, 36.814938 ], [ -119.7432136, 36.8149523 ], [ -119.7432844, 36.8149704 ], [ -119.7432954, 36.8149428 ], [ -119.7436174, 36.815025 ], [ -119.7435908, 36.8150918 ], [ -119.7437319, 36.8151279 ], [ -119.7437565, 36.8150661 ], [ -119.7438243, 36.8150834 ], [ -119.7438695, 36.8149702 ], [ -119.7438114, 36.8149553 ], [ -119.7438445, 36.8148723 ], [ -119.7439095, 36.8148889 ], [ -119.7440295, 36.8145886 ] ] ] } },
{ "type": "Feature", "properties": { "name": "University Dining Hall", "building": "yes", "building:levels": null, "amenity": null, "cuisine": null, "shop": null, "osm_id": "way/558335954" }, "geometry": { "type": "Polygon", "coordinates": [ [ [ -119.7512321, 36.811694 ], [ -119.7505727, 36.8115026 ], [ -119.7507414, 36.8111301 ], [ -119.7514008, 36.8113215 ], [ -119.7512321, 36.811694 ] ] ] } },
{ "type": "Feature", "properties": { "name": "Sycamore Hall", "building": "dormitory", "building:levels": "2", "amenity": null, "cuisine": null, "shop": null, "osm_id": "way/558401220" }, "geometry": { "type": "Polygon", "coordinates": [ [ [ -119.7504156, 36.8104447 ], [ -119.750452, 36.8103636 ], [ -119.750115, 36.8102667 ], [ -119.7501217, 36.8102519 ], [ -119.7500199, 36.8102226 ], [ -119.7501527, 36.8099264 ], [ -119.7500693, 36.8099024 ], [ -119.750062, 36.8099187 ], [ -119.750024, 36.8099078 ], [ -119.7500062, 36.8099476 ], [ -119.7500252, 36.8099531 ], [ -119.7498745, 36.8102892 ], [ -119.7504156, 36.8104447 ] ] ] } },
{ "type": "Feature", "properties": { "name": null, "building": "dormitory", "building:levels": null, "amenity": null, "cuisine": null, "shop": null, "osm_id": "way/558401221" }, "geometry": { "type": "Polygon", "coordinates": [ [ [ -119.7508929, 36.8102697 ], [ -119.7508132, 36.8102471 ], [ -119.7508312, 36.8102063 ], [ -119.7506765, 36.8101625 ], [ -119.7506816, 36.8101511 ], [ -119.7504573, 36.8100875 ], [ -119.7504245, 36.8101615 ], [ -119.7502849, 36.8101218 ], [ -119.7504125, 36.8098339 ], [ -119.7505416, 36.8098706 ], [ -119.7505592, 36.8098307 ], [ -119.7507015, 36.8098711 ], [ -119.7506768, 36.8099268 ], [ -119.7509332, 36.8099995 ], [ -119.7509557, 36.8099478 ], [ -119.7510299, 36.8099686 ], [ -119.7510037, 36.8100286 ], [ -119.7510517, 36.8100421 ], [ -119.751018, 36.8101191 ], [ -119.7509649, 36.8101042 ], [ -119.7509476, 36.8101436 ], [ -119.750964, 36.8101483 ], [ -119.7509465, 36.8101882 ], [ -119.7509309, 36.8101838 ], [ -119.7508929, 36.8102697 ] ] ] } },
{ "type": "Feature", "properties": { "name": "Birch Hall", "building": "dormitory", "building:levels": null, "amenity": null, "cuisine": null, "shop": null, "osm_id": "way/558401222" }, "geometry": { "type": "Polygon", "coordinates": [ [ [ -119.7504395, 36.8097893 ], [ -119.7504549, 36.8097558 ], [ -119.7504401, 36.8097514 ], [ -119.7504542, 36.8097205 ], [ -119.750434, 36.8097146 ], [ -119.7504497, 36.8096804 ], [ -119.7500223, 36.809555 ], [ -119.7501432, 36.8092908 ], [ -119.7501018, 36.8092787 ], [ -119.7500951, 36.8092933 ], [ -119.7500601, 36.809283 ], [ -119.7500527, 36.8092992 ], [ -119.7500084, 36.8092861 ], [ -119.7499903, 36.8093257 ], [ -119.7500118, 36.8093321 ], [ -119.7498778, 36.8096242 ], [ -119.7504395, 36.8097893 ] ] ] } },
{ "type": "Feature", "properties": { "name": "Sequoia Hall", "building": "dormitory", "building:levels": null, "amenity": null, "cuisine": null, "shop": null, "osm_id": "way/558401223" }, "geometry": { "type": "Polygon", "coordinates": [ [ [ -119.7508967, 36.8096113 ], [ -119.7508455, 36.8095966 ], [ -119.7508511, 36.8095841 ], [ -119.7508184, 36.8095748 ], [ -119.7508246, 36.8095611 ], [ -119.7507809, 36.8095486 ], [ -119.7508963, 36.8092904 ], [ -119.7505899, 36.8092026 ], [ -119.7505995, 36.809181 ], [ -119.7504832, 36.8091471 ], [ -119.7505144, 36.8090759 ], [ -119.7505431, 36.8090841 ], [ -119.7505552, 36.809057 ], [ -119.7506065, 36.8090716 ], [ -119.7505984, 36.8090898 ], [ -119.7510695, 36.8092248 ], [ -119.7508967, 36.8096113 ] ] ] } },
{ "type": "Feature", "properties": { "name": "Cedar Hall", "building": "dormitory", "building:levels": null, "amenity": null, "cuisine": null, "shop": null, "osm_id": "way/558401224" }, "geometry": { "type": "Polygon", "coordinates": [ [ [ -119.7504832, 36.8091471 ], [ -119.7504683, 36.8091798 ], [ -119.7504858, 36.8091849 ], [ -119.7503877, 36.8094 ], [ -119.7504267, 36.8094114 ], [ -119.7503958, 36.8094793 ], [ -119.7503487, 36.8094656 ], [ -119.7503439, 36.809476 ], [ -119.750248, 36.8094479 ], [ -119.7502536, 36.8094357 ], [ -119.7502073, 36.8094222 ], [ -119.7502376, 36.8093559 ], [ -119.7502839, 36.8093694 ], [ -119.7503185, 36.8092935 ], [ -119.7503106, 36.8092911 ], [ -119.7503478, 36.8092096 ], [ -119.7503592, 36.8092129 ], [ -119.7503743, 36.8091799 ], [ -119.7503831, 36.8091825 ], [ -119.7504091, 36.8091254 ], [ -119.7504832, 36.8091471 ] ] ] } },
{ "type": "Feature", "properties": { "name": "Homan Hall", "building": "dormitory", "building:levels": null, "amenity": null, "cuisine": null, "shop": null, "osm_id": "way/558401225" }, "geometry": { "type": "Polygon", "coordinates": [ [ [ -119.7517788, 36.8095068 ], [ -119.7515837, 36.8094519 ], [ -119.7516572, 36.8092844 ], [ -119.7512975, 36.8091832 ], [ -119.7513159, 36.8091414 ], [ -119.7512871, 36.8091333 ], [ -119.7513187, 36.8090613 ], [ -119.7517997, 36.8091966 ], [ -119.7518323, 36.8091223 ], [ -119.7519333, 36.8091507 ], [ -119.7518782, 36.8092764 ], [ -119.7523191, 36.8094004 ], [ -119.7522896, 36.8094676 ], [ -119.7522547, 36.8094578 ], [ -119.7522375, 36.809497 ], [ -119.7517824, 36.8093689 ], [ -119.751764, 36.8094108 ], [ -119.7518146, 36.8094251 ], [ -119.7517788, 36.8095068 ] ] ] } },
{ "type": "Feature", "properties": { "name": "Graves Hall", "building": "dormitory", "building:levels": "2", "amenity": null, "cuisine": null, "shop": null, "osm_id": "way/558401226" }, "geometry": { "type": "Polygon", "coordinates": [ [ [ -119.7519911, 36.8099459 ], [ -119.7518063, 36.8098914 ], [ -119.7517316, 36.810054 ], [ -119.7513686, 36.8099471 ], [ -119.7513489, 36.8099899 ], [ -119.7513184, 36.8099809 ], [ -119.7512869, 36.8100494 ], [ -119.7517715, 36.8101922 ], [ -119.751733, 36.8102759 ], [ -119.7518161, 36.8103004 ], [ -119.7518743, 36.8101738 ], [ -119.7523161, 36.810304 ], [ -119.7523468, 36.8102372 ], [ -119.7523127, 36.8102271 ], [ -119.7523308, 36.8101875 ], [ -119.7518848, 36.8100561 ], [ -119.751903, 36.8100166 ], [ -119.751952, 36.810031 ], [ -119.7519911, 36.8099459 ] ] ] } },
{ "type": "Feature", "properties": { "name": "Baker Hall", "building": "dormitory", "building:levels": "2", "amenity": null, "cuisine": null, "shop": null, "osm_id": "way/558401227" }, "geometry": { "type": "Polygon", "coordinates": [ [ [ -119.7519879, 36.8104568 ], [ -119.7518031, 36.8104024 ], [ -119.7517284, 36.810565 ], [ -119.7513654, 36.810458 ], [ -119.7513457, 36.8105009 ], [ -119.7513151, 36.8104919 ], [ -119.7512836, 36.8105604 ], [ -119.7517683, 36.8107032 ], [ -119.7517298, 36.8107869 ], [ -119.7518129, 36.8108114 ], [ -119.7518711, 36.8106848 ], [ -119.7523129, 36.810815 ], [ -119.7523436, 36.8107481 ], [ -119.7523094, 36.8107381 ], [ -119.7523276, 36.8106985 ], [ -119.7518816, 36.8105671 ], [ -119.7518997, 36.8105276 ], [ -119.7519488, 36.810542 ], [ -119.7519879, 36.8104568 ] ] ] } },
{ "type": "Feature", "properties": { "name": null, "building": "dormitory", "building:levels": "2", "amenity": null, "cuisine": null, "shop": null, "osm_id": "way/558401435" }, "geometry": { "type": "Polygon", "coordinates": [ [ [ -119.7504783, 36.8109859 ], [ -119.7504979, 36.8109426 ], [ -119.750483, 36.8109382 ], [ -119.7504968, 36.8109075 ], [ -119.7504766, 36.8109016 ], [ -119.7504885, 36.8108751 ], [ -119.7505436, 36.810891 ], [ -119.7507474, 36.8104382 ], [ -119.7507294, 36.810433 ], [ -119.7507392, 36.8104112 ], [ -119.7506687, 36.8103908 ], [ -119.7506568, 36.8104172 ], [ -119.750632, 36.81041 ], [ -119.7504365, 36.8108439 ], [ -119.7501077, 36.810749 ], [ -119.7502213, 36.8104967 ], [ -119.7501821, 36.8104853 ], [ -119.7501917, 36.8104641 ], [ -119.7500851, 36.8104333 ], [ -119.7499101, 36.8108217 ], [ -119.7504783, 36.8109859 ] ] ] } },
{ "type": "Feature", "properties": { "name": null, "building": "stadium", "building:levels": null, "amenity": null, "cuisine": null, "shop": null, "osm_id": "way/654814763" }, "geometry": { "type": "Polygon", "coordinates": [ [ [ -119.7564372, 36.8134298 ], [ -119.7564819, 36.813835 ], [ -119.7564576, 36.8138903 ], [ -119.7565002, 36.8139033 ], [ -119.7564454, 36.8139912 ], [ -119.7563458, 36.8140759 ], [ -119.7561974, 36.8141377 ], [ -119.756178, 36.8141091 ], [ -119.7560918, 36.8141336 ], [ -119.7555977, 36.8140969 ], [ -119.7556283, 36.8139269 ], [ -119.7560418, 36.8139635 ], [ -119.7561436, 36.813948 ], [ -119.7562199, 36.8139017 ], [ -119.7562585, 36.8138211 ], [ -119.7562159, 36.8134436 ], [ -119.7564372, 36.8134298 ] ] ] } },
{ "type": "Feature", "properties": { "name": null, "building": "yes", "building:levels": null, "amenity": null, "cuisine": null, "shop": null, "osm_id": "way/660996644" }, "geometry": { "type": "Polygon", "coordinates": [ [ [ -119.7480665, 36.8099438 ], [ -119.7477007, 36.8099419 ], [ -119.7477022, 36.8097539 ], [ -119.7480681, 36.8097559 ], [ -119.7480665, 36.8099438 ] ] ] } },
{ "type": "Feature", "properties": { "name": "Lab School", "building": "university", "building:levels": null, "amenity": null, "cuisine": null, "shop": null, "osm_id": "way/660996645" }, "geometry": { "type": "Polygon", "coordinates": [ [ [ -119.7482206, 36.8099359 ], [ -119.748144, 36.8099357 ], [ -119.7481448, 36.8097386 ], [ -119.7482529, 36.8097388 ], [ -119.748254, 36.809453 ], [ -119.7476725, 36.8094515 ], [ -119.7476729, 36.8093323 ], [ -119.748249, 36.8093338 ], [ -119.7482495, 36.8092157 ], [ -119.7480601, 36.8092152 ], [ -119.7480603, 36.8091671 ], [ -119.7480186, 36.809167 ], [ -119.7480189, 36.8090926 ], [ -119.7480769, 36.8090927 ], [ -119.7480768, 36.8091091 ], [ -119.7482413, 36.8091095 ], [ -119.7482415, 36.8090763 ], [ -119.7483035, 36.8090764 ], [ -119.748303, 36.8092038 ], [ -119.7484145, 36.8092041 ], [ -119.7484134, 36.8094572 ], [ -119.7483308, 36.809457 ], [ -119.7483306, 36.809495 ], [ -119.7484177, 36.8094952 ], [ -119.7484168, 36.80971 ], [ -119.7485059, 36.8097102 ], [ -119.7485056, 36.809785 ], [ -119.7484394, 36.8097848 ], [ -119.7484389, 36.8098959 ], [ -119.7482207, 36.8098953 ], [ -119.7482206, 36.8099359 ] ] ] } },
{ "type": "Feature", "properties": { "name": null, "building": "yes", "building:levels": null, "amenity": null, "cuisine": null, "shop": null, "osm_id": "way/660996646" }, "geometry": { "type": "Polygon", "coordinates": [ [ [ -119.7481877, 36.8096758 ], [ -119.7481888, 36.8094951 ], [ -119.7478189, 36.8094936 ], [ -119.7478177, 36.8096742 ], [ -119.7481877, 36.8096758 ] ] ] } },
{ "type": "Feature", "properties": { "name": null, "building": "yes", "building:levels": null, "amenity": null, "cuisine": null, "shop": null, "osm_id": "way/660996647" }, "geometry": { "type": "Polygon", "coordinates": [ [ [ -119.7477911, 36.8096691 ], [ -119.7477922, 36.8095605 ], [ -119.7476697, 36.8095597 ], [ -119.7476686, 36.8096683 ], [ -119.7477911, 36.8096691 ] ] ] } },
{ "type": "Feature", "properties": { "name": "Health Center", "building": "yes", "building:levels": null, "amenity": null, "cuisine": null, "shop": null, "osm_id": "way/660996648" }, "geometry": { "type": "Polygon", "coordinates": [ [ [ -119.749598, 36.8098567 ], [ -119.7495962, 36.8097112 ], [ -119.7495673, 36.8096901 ], [ -119.7495153, 36.8096901 ], [ -119.7495153, 36.8096701 ], [ -119.7495441, 36.8096701 ], [ -119.7495441, 36.8096188 ], [ -119.7495308, 36.8096188 ], [ -119.7495308, 36.8095894 ], [ -119.7495629, 36.8095894 ], [ -119.749563, 36.8094721 ], [ -119.7495456, 36.8094721 ], [ -119.7495457, 36.8094484 ], [ -119.7495051, 36.8094484 ], [ -119.7495052, 36.8093624 ], [ -119.7492883, 36.8093622 ], [ -119.7492751, 36.8093761 ], [ -119.7491157, 36.8093761 ], [ -119.7490712, 36.8093457 ], [ -119.7490342, 36.8093459 ], [ -119.7490348, 36.8094429 ], [ -119.7491808, 36.8094423 ], [ -119.7491812, 36.8095098 ], [ -119.7489915, 36.8095106 ], [ -119.7489932, 36.809775 ], [ -119.749033, 36.8097748 ], [ -119.7490333, 36.8098261 ], [ -119.7491719, 36.8098256 ], [ -119.7491717, 36.8098016 ], [ -119.7491889, 36.8098015 ], [ -119.7491888, 36.8097817 ], [ -119.749299, 36.8097813 ], [ -119.7493188, 36.8097648 ], [ -119.7494394, 36.8098579 ], [ -119.749598, 36.8098567 ] ] ] } },
{ "type": "Feature", "properties": { "name": "North Gymnasium", "building": "yes", "building:levels": null, "amenity": null, "cuisine": null, "shop": null, "osm_id": "way/660996654" }, "geometry": { "type": "Polygon", "coordinates": [ [ [ -119.7521349, 36.8129908 ], [ -119.7518422, 36.8129895 ], [ -119.7518406, 36.8132189 ], [ -119.7517702, 36.8132186 ], [ -119.7517709, 36.8131255 ], [ -119.7516197, 36.8131248 ], [ -119.7516187, 36.8132585 ], [ -119.7512634, 36.8132568 ], [ -119.7512637, 36.8132208 ], [ -119.7512031, 36.8132205 ], [ -119.7512017, 36.8134043 ], [ -119.7511707, 36.8134041 ], [ -119.7511701, 36.8134801 ], [ -119.7511468, 36.81348 ], [ -119.7511448, 36.8137513 ], [ -119.7511724, 36.8137515 ], [ -119.7511719, 36.8138221 ], [ -119.7512898, 36.8138227 ], [ -119.7513191, 36.8138523 ], [ -119.7514331, 36.8138547 ], [ -119.7514655, 36.8138239 ], [ -119.7517472, 36.8138266 ], [ -119.7517468, 36.8138528 ], [ -119.7518259, 36.8138535 ], [ -119.7518645, 36.8138054 ], [ -119.751864, 36.8137981 ], [ -119.7518642, 36.8136337 ], [ -119.7518857, 36.8136337 ], [ -119.7518856, 36.8135233 ], [ -119.7517355, 36.8135234 ], [ -119.7517358, 36.8137468 ], [ -119.7517161, 36.8137468 ], [ -119.7517161, 36.8137033 ], [ -119.7516637, 36.8137033 ], [ -119.7516638, 36.8134881 ], [ -119.7517501, 36.8134881 ], [ -119.7517501, 36.8134709 ], [ -119.75191, 36.8134711 ], [ -119.7519355, 36.8134711 ], [ -119.7519353, 36.8135378 ], [ -119.7519876, 36.8135378 ], [ -119.7519862, 36.8137574 ], [ -119.7519869, 36.8138258 ], [ -119.7522124, 36.8138262 ], [ -119.7522123, 36.8137654 ], [ -119.752213, 36.8136147 ], [ -119.7522364, 36.8136147 ], [ -119.7522374, 36.8133872 ], [ -119.7521589, 36.813387 ], [ -119.7521606, 36.813043 ], [ -119.7521346, 36.8130429 ], [ -119.7521349, 36.8129908 ] ] ] } },
{ "type": "Feature", "properties": { "name": "North Gym Annex", "building": "yes", "building:levels": null, "amenity": null, "cuisine": null, "shop": null, "osm_id": "way/660996655" }, "geometry": { "type": "Polygon", "coordinates": [ [ [ -119.7519612, 36.8141262 ], [ -119.7518403, 36.814128 ], [ -119.7518401, 36.8141184 ], [ -119.7515449, 36.814123 ], [ -119.7515433, 36.8140564 ], [ -119.7515197, 36.8140568 ], [ -119.7515184, 36.8140044 ], [ -119.7515501, 36.8140039 ], [ -119.7515485, 36.8139409 ], [ -119.7516934, 36.8139386 ], [ -119.7516928, 36.8139159 ], [ -119.7517632, 36.8139148 ], [ -119.7517637, 36.8139367 ], [ -119.7519616, 36.8139336 ], [ -119.751963, 36.8139904 ], [ -119.7519834, 36.8139901 ], [ -119.7519857, 36.814085 ], [ -119.7519602, 36.8140854 ], [ -119.7519612, 36.8141262 ] ] ] } },
{ "type": "Feature", "properties": { "name": null, "building": "yes", "building:levels": null, "amenity": null, "cuisine": null, "shop": null, "osm_id": "way/660996656" }, "geometry": { "type": "Polygon", "coordinates": [ [ [ -119.7523402, 36.8149885 ], [ -119.7523271, 36.8149468 ], [ -119.7522981, 36.8148548 ], [ -119.7520955, 36.8148957 ], [ -119.7518136, 36.8148967 ], [ -119.7517597, 36.8148969 ], [ -119.7517974, 36.8150167 ], [ -119.751874, 36.8150013 ], [ -119.7518981, 36.8150777 ], [ -119.7520868, 36.8150396 ], [ -119.7523402, 36.8149885 ] ] ] } },
{ "type": "Feature", "properties": { "name": null, "building": "yes", "building:levels": null, "amenity": null, "cuisine": null, "shop": null, "osm_id": "way/660996659" }, "geometry": { "type": "Polygon", "coordinates": [ [ [ -119.7523475, 36.8142432 ], [ -119.7522234, 36.8142156 ], [ -119.7522453, 36.8141524 ], [ -119.7520383, 36.8141064 ], [ -119.7520951, 36.8139424 ], [ -119.7523078, 36.8139897 ], [ -119.7523876, 36.8137595 ], [ -119.7525088, 36.8137864 ], [ -119.7524572, 36.813935 ], [ -119.75243, 36.8140135 ], [ -119.7526334, 36.8140587 ], [ -119.7525756, 36.8142254 ], [ -119.7523695, 36.8141796 ], [ -119.7523475, 36.8142432 ] ] ] } },
{ "type": "Feature", "properties": { "name": "South Gymnasium", "building": "yes", "building:levels": null, "amenity": null, "cuisine": null, "shop": null, "osm_id": "way/660996660" }, "geometry": { "type": "Polygon", "coordinates": [ [ [ -119.7517249, 36.8127966 ], [ -119.7514019, 36.8127962 ], [ -119.7514017, 36.8129372 ], [ -119.7511941, 36.8129369 ], [ -119.7511946, 36.8126845 ], [ -119.7510583, 36.8126844 ], [ -119.7510591, 36.8122423 ], [ -119.7511608, 36.8122424 ], [ -119.7511606, 36.8123762 ], [ -119.7515665, 36.8123767 ], [ -119.7515666, 36.8123039 ], [ -119.7516521, 36.812304 ], [ -119.7516522, 36.8122419 ], [ -119.7517548, 36.812242 ], [ -119.7517549, 36.8121965 ], [ -119.7519083, 36.8121967 ], [ -119.7519075, 36.81263 ], [ -119.7518581, 36.8126299 ], [ -119.7518579, 36.8127527 ], [ -119.7517249, 36.8127526 ], [ -119.7517249, 36.8127966 ] ] ] } },
{ "type": "Feature", "properties": { "name": "Engineering West Building", "building": "university", "building:levels": null, "amenity": null, "cuisine": null, "shop": null, "osm_id": "way/660996661" }, "geometry": { "type": "Polygon", "coordinates": [ [ [ -119.7503419, 36.8146549 ], [ -119.7500322, 36.8146544 ], [ -119.7500326, 36.8144916 ], [ -119.749209, 36.8144904 ], [ -119.7492095, 36.8142541 ], [ -119.7502252, 36.8142554 ], [ -119.7502246, 36.814552 ], [ -119.7503421, 36.8145522 ], [ -119.7503419, 36.8146549 ] ] ] } },
{ "type": "Feature", "properties": { "name": null, "building": "yes", "building:levels": null, "amenity": null, "cuisine": null, "shop": null, "osm_id": "way/660996662" }, "geometry": { "type": "Polygon", "coordinates": [ [ [ -119.7492292, 36.8153314 ], [ -119.749063, 36.8153301 ], [ -119.7490658, 36.8151087 ], [ -119.749232, 36.81511 ], [ -119.7492292, 36.8153314 ] ] ] } },
{ "type": "Feature", "properties": { "name": "Industrial Technology Building", "building": "university", "building:levels": null, "amenity": null, "cuisine": null, "shop": null, "osm_id": "way/660996663" }, "geometry": { "type": "Polygon", "coordinates": [ [ [ -119.7491914, 36.8147989 ], [ -119.7501568, 36.814802 ], [ -119.7501569, 36.8147642 ], [ -119.7502549, 36.8147645 ], [ -119.7502546, 36.8148333 ], [ -119.750276, 36.8148334 ], [ -119.7502754, 36.8149487 ], [ -119.7502287, 36.8149485 ], [ -119.7502268, 36.8152885 ], [ -119.7502397, 36.8152886 ], [ -119.750239, 36.8154111 ], [ -119.750222, 36.815411 ], [ -119.7502224, 36.8154726 ], [ -119.7504186, 36.8154557 ], [ -119.750419, 36.8153946 ], [ -119.7505606, 36.8153952 ], [ -119.7505604, 36.8154396 ], [ -119.7506771, 36.81544 ], [ -119.7506764, 36.8155575 ], [ -119.7497899, 36.815554 ], [ -119.7497891, 36.8156845 ], [ -119.7496286, 36.8156839 ], [ -119.7496285, 36.8157043 ], [ -119.7494515, 36.8157036 ], [ -119.7494523, 36.8155573 ], [ -119.7493322, 36.8155568 ], [ -119.7493327, 36.8154653 ], [ -119.7492794, 36.8154652 ], [ -119.7492801, 36.8153196 ], [ -119.7495079, 36.8153203 ], [ -119.7495078, 36.8153544 ], [ -119.750004, 36.815356 ], [ -119.7500046, 36.8152314 ], [ -119.7494581, 36.8152297 ], [ -119.7494588, 36.8150818 ], [ -119.7501089, 36.8150839 ], [ -119.7501096, 36.8149497 ], [ -119.7491907, 36.8149468 ], [ -119.7491914, 36.8147989 ] ] ] } },
{ "type": "Feature", "properties": { "name": "Engineering East Building", "building": "university", "building:levels": null, "amenity": null, "cuisine": null, "shop": null, "osm_id": "way/660996664" }, "geometry": { "type": "Polygon", "coordinates": [ [ [ -119.7486306, 36.8146201 ], [ -119.7486312, 36.8144914 ], [ -119.7487168, 36.8144917 ], [ -119.7487171, 36.8144292 ], [ -119.7486263, 36.8144289 ], [ -119.748627, 36.8142842 ], [ -119.7480154, 36.8142824 ], [ -119.7480151, 36.8143475 ], [ -119.7479243, 36.8143472 ], [ -119.7479247, 36.8142725 ], [ -119.7478434, 36.8142723 ], [ -119.7478433, 36.8142919 ], [ -119.7475128, 36.814291 ], [ -119.7475129, 36.8142712 ], [ -119.7474322, 36.814271 ], [ -119.7474312, 36.8145086 ], [ -119.7473551, 36.8145084 ], [ -119.7473546, 36.8146272 ], [ -119.7477269, 36.8146282 ], [ -119.7477265, 36.8147242 ], [ -119.7479326, 36.8147248 ], [ -119.7479335, 36.8145251 ], [ -119.7480091, 36.8145253 ], [ -119.7480087, 36.8146183 ], [ -119.7486306, 36.8146201 ] ] ] } },
{ "type": "Feature", "properties": { "name": null, "building": "yes", "building:levels": null, "amenity": null, "cuisine": null, "shop": null, "osm_id": "way/712089290" }, "geometry": { "type": "Polygon", "coordinates": [ [ [ -119.7373969, 36.816169 ], [ -119.7372936, 36.816168 ], [ -119.7372936, 36.8161486 ], [ -119.7371058, 36.8161465 ], [ -119.7371085, 36.816023 ], [ -119.7373969, 36.8160252 ], [ -119.7373969, 36.816169 ] ] ] } },
{ "type": "Feature", "properties": { "name": null, "building": "yes", "building:levels": null, "amenity": null, "cuisine": null, "shop": null, "osm_id": "way/712089291" }, "geometry": { "type": "Polygon", "coordinates": [ [ [ -119.7370161, 36.8161294 ], [ -119.7370159, 36.8160413 ], [ -119.7367108, 36.8160417 ], [ -119.736711, 36.8161298 ], [ -119.7370161, 36.8161294 ] ] ] } },
{ "type": "Feature", "properties": { "name": null, "building": "yes", "building:levels": null, "amenity": null, "cuisine": null, "shop": null, "osm_id": "way/712089292" }, "geometry": { "type": "Polygon", "coordinates": [ [ [ -119.7365976, 36.8164546 ], [ -119.7365989, 36.8165469 ], [ -119.7367478, 36.8165491 ], [ -119.7367491, 36.8164546 ], [ -119.7365976, 36.8164546 ] ] ] } },
{ "type": "Feature", "properties": { "name": null, "building": "yes", "building:levels": null, "amenity": null, "cuisine": null, "shop": null, "osm_id": "way/712089293" }, "geometry": { "type": "Polygon", "coordinates": [ [ [ -119.7366016, 36.8164224 ], [ -119.7366016, 36.8161626 ], [ -119.7367518, 36.8161626 ], [ -119.7367518, 36.8164224 ], [ -119.7366016, 36.8164224 ] ] ] } },
{ "type": "Feature", "properties": { "name": null, "building": "farm_auxiliary", "building:levels": null, "amenity": null, "cuisine": null, "shop": null, "osm_id": "way/712089294" }, "geometry": { "type": "Polygon", "coordinates": [ [ [ -119.7371996, 36.8175399 ], [ -119.7371284, 36.8175402 ], [ -119.7371261, 36.817114 ], [ -119.7371972, 36.8171138 ], [ -119.7371996, 36.8175399 ] ] ] } },
{ "type": "Feature", "properties": { "name": null, "building": "farm_auxiliary", "building:levels": null, "amenity": null, "cuisine": null, "shop": null, "osm_id": "way/712089295" }, "geometry": { "type": "Polygon", "coordinates": [ [ [ -119.7370873, 36.81729 ], [ -119.7370121, 36.8172897 ], [ -119.7370131, 36.8171212 ], [ -119.7370883, 36.8171215 ], [ -119.7370873, 36.81729 ] ] ] } },
{ "type": "Feature", "properties": { "name": null, "building": "farm_auxiliary", "building:levels": null, "amenity": null, "cuisine": null, "shop": null, "osm_id": "way/712089296" }, "geometry": { "type": "Polygon", "coordinates": [ [ [ -119.7374602, 36.8179907 ], [ -119.7377908, 36.8179917 ], [ -119.7377929, 36.8175752 ], [ -119.7374622, 36.8175741 ], [ -119.7374602, 36.8179907 ] ] ] } },
{ "type": "Feature", "properties": { "name": null, "building": "yes", "building:levels": null, "amenity": null, "cuisine": null, "shop": null, "osm_id": "way/712089297" }, "geometry": { "type": "Polygon", "coordinates": [ [ [ -119.737645, 36.8175368 ], [ -119.7376442, 36.8171003 ], [ -119.7379412, 36.8171 ], [ -119.7379421, 36.8175364 ], [ -119.737645, 36.8175368 ] ] ] } },
{ "type": "Feature", "properties": { "name": null, "building": "yes", "building:levels": null, "amenity": null, "cuisine": null, "shop": null, "osm_id": "way/712089300" }, "geometry": { "type": "Polygon", "coordinates": [ [ [ -119.7393053, 36.8169689 ], [ -119.7394058, 36.8169667 ], [ -119.7394005, 36.8166779 ], [ -119.7393079, 36.8166779 ], [ -119.7392731, 36.8166779 ], [ -119.7392717, 36.8167477 ], [ -119.7393053, 36.8167488 ], [ -119.7393053, 36.8169689 ] ] ] } },
{ "type": "Feature", "properties": { "name": null, "building": "yes", "building:levels": null, "amenity": null, "cuisine": null, "shop": null, "osm_id": "way/712089301" }, "geometry": { "type": "Polygon", "coordinates": [ [ [ -119.7395815, 36.8169689 ], [ -119.7397626, 36.8169689 ], [ -119.7397639, 36.816766 ], [ -119.7398095, 36.816766 ], [ -119.7398109, 36.8166532 ], [ -119.7395788, 36.8166532 ], [ -119.7395815, 36.8169689 ] ] ] } },
{ "type": "Feature", "properties": { "name": null, "building": "farm_auxiliary", "building:levels": null, "amenity": null, "cuisine": null, "shop": null, "osm_id": "way/712089302" }, "geometry": { "type": "Polygon", "coordinates": [ [ [ -119.7399463, 36.8170172 ], [ -119.7401475, 36.8170172 ], [ -119.7401475, 36.8168186 ], [ -119.7399396, 36.8168196 ], [ -119.7399463, 36.8170172 ] ] ] } },
{ "type": "Feature", "properties": { "name": null, "building": "farm_auxiliary", "building:levels": null, "amenity": null, "cuisine": null, "shop": null, "osm_id": "way/712089303" }, "geometry": { "type": "Polygon", "coordinates": [ [ [ -119.7395373, 36.8171782 ], [ -119.7395373, 36.8170558 ], [ -119.7407992, 36.8170634 ], [ -119.7407966, 36.8171342 ], [ -119.7402306, 36.8171267 ], [ -119.7402306, 36.8171825 ], [ -119.7395373, 36.8171782 ] ] ] } },
{ "type": "Feature", "properties": { "name": null, "building": "farm_auxiliary", "building:levels": null, "amenity": null, "cuisine": null, "shop": null, "osm_id": "way/712089304" }, "geometry": { "type": "Polygon", "coordinates": [ [ [ -119.7390357, 36.8170118 ], [ -119.7389794, 36.8170118 ], [ -119.7389794, 36.8169979 ], [ -119.7389096, 36.8169957 ], [ -119.7389083, 36.8168315 ], [ -119.7389794, 36.8168304 ], [ -119.7389794, 36.8167982 ], [ -119.739037, 36.8167971 ], [ -119.7390357, 36.8170118 ] ] ] } },
{ "type": "Feature", "properties": { "name": null, "building": "yes", "building:levels": null, "amenity": null, "cuisine": null, "shop": null, "osm_id": "way/712089305" }, "geometry": { "type": "Polygon", "coordinates": [ [ [ -119.7395499, 36.8163962 ], [ -119.7395511, 36.8159772 ], [ -119.7398844, 36.8159777 ], [ -119.7398845, 36.8159381 ], [ -119.7399758, 36.8159382 ], [ -119.7399757, 36.8159737 ], [ -119.7402394, 36.8159741 ], [ -119.7402392, 36.8160236 ], [ -119.7403048, 36.8160237 ], [ -119.7403046, 36.8160969 ], [ -119.7403983, 36.8160971 ], [ -119.7403982, 36.816125 ], [ -119.7405453, 36.8161253 ], [ -119.7405447, 36.8163358 ], [ -119.7403056, 36.8163353 ], [ -119.7403054, 36.8163975 ], [ -119.7395499, 36.8163962 ] ] ] } },
{ "type": "Feature", "properties": { "name": "Jordan Agricultural Research Center", "building": "university", "building:levels": null, "amenity": null, "cuisine": null, "shop": null, "osm_id": "way/712089324" }, "geometry": { "type": "Polygon", "coordinates": [ [ [ -119.7399764, 36.8156658 ], [ -119.7399804, 36.8155155 ], [ -119.7407556, 36.8155144 ], [ -119.7407529, 36.8156669 ], [ -119.7399764, 36.8156658 ] ] ] } },
{ "type": "Feature", "properties": { "name": null, "building": "farm_auxiliary", "building:levels": null, "amenity": null, "cuisine": null, "shop": null, "osm_id": "way/712089325" }, "geometry": { "type": "Polygon", "coordinates": [ [ [ -119.7385612, 36.8156478 ], [ -119.7387931, 36.8156482 ], [ -119.7387933, 36.8155754 ], [ -119.7388121, 36.8155754 ], [ -119.7388127, 36.8153649 ], [ -119.7385391, 36.8153644 ], [ -119.7385386, 36.8155757 ], [ -119.7385614, 36.8155757 ], [ -119.7385612, 36.8156478 ] ] ] } },
{ "type": "Feature", "properties": { "name": null, "building": "farm_auxiliary", "building:levels": null, "amenity": null, "cuisine": null, "shop": null, "osm_id": "way/712089326" }, "geometry": { "type": "Polygon", "coordinates": [ [ [ -119.7390932, 36.8156426 ], [ -119.7390932, 36.8155847 ], [ -119.7391763, 36.8155846 ], [ -119.7391759, 36.8153049 ], [ -119.7390994, 36.815305 ], [ -119.7390993, 36.8152503 ], [ -119.7389559, 36.8152504 ], [ -119.738956, 36.815303 ], [ -119.7388756, 36.8153031 ], [ -119.7388758, 36.8155881 ], [ -119.7389496, 36.815588 ], [ -119.7389497, 36.8156427 ], [ -119.7390932, 36.8156426 ] ] ] } },
{ "type": "Feature", "properties": { "name": "Graduate Lab", "building": "university", "building:levels": null, "amenity": null, "cuisine": null, "shop": null, "osm_id": "way/712089328" }, "geometry": { "type": "Polygon", "coordinates": [ [ [ -119.7379394, 36.8162381 ], [ -119.737938, 36.8160393 ], [ -119.7376658, 36.8160406 ], [ -119.7376662, 36.8160946 ], [ -119.7376489, 36.8160947 ], [ -119.7376491, 36.8161353 ], [ -119.7376626, 36.8161352 ], [ -119.7376629, 36.8161815 ], [ -119.737769, 36.816181 ], [ -119.7377694, 36.8162389 ], [ -119.7379394, 36.8162381 ] ] ] } },
{ "type": "Feature", "properties": { "name": null, "building": "yes", "building:levels": null, "amenity": null, "cuisine": null, "shop": null, "osm_id": "way/712089329" }, "geometry": { "type": "Polygon", "coordinates": [ [ [ -119.737668, 36.8164306 ], [ -119.7376708, 36.8163441 ], [ -119.7379236, 36.8163494 ], [ -119.7379208, 36.8164358 ], [ -119.737668, 36.8164306 ] ] ] } },
{ "type": "Feature", "properties": { "name": null, "building": "yes", "building:levels": null, "amenity": null, "cuisine": null, "shop": null, "osm_id": "way/712089332" }, "geometry": { "type": "Polygon", "coordinates": [ [ [ -119.7371091, 36.8156937 ], [ -119.7370608, 36.8155262 ], [ -119.7369643, 36.8155445 ], [ -119.7369616, 36.8154392 ], [ -119.7364801, 36.815436 ], [ -119.7364801, 36.8156057 ], [ -119.7366035, 36.8156067 ], [ -119.7366035, 36.8156561 ], [ -119.7371091, 36.8156937 ] ] ] } },
{ "type": "Feature", "properties": { "name": null, "building": "farm_auxiliary", "building:levels": null, "amenity": null, "cuisine": null, "shop": null, "osm_id": "way/712089335" }, "geometry": { "type": "Polygon", "coordinates": [ [ [ -119.7412599, 36.8172867 ], [ -119.7414396, 36.8172867 ], [ -119.7414369, 36.8166962 ], [ -119.7412653, 36.8166983 ], [ -119.7412599, 36.8172867 ] ] ] } },
{ "type": "Feature", "properties": { "name": null, "building": "farm_auxiliary", "building:levels": null, "amenity": null, "cuisine": null, "shop": null, "osm_id": "way/712089336" }, "geometry": { "type": "Polygon", "coordinates": [ [ [ -119.7418127, 36.8170009 ], [ -119.7419911, 36.8170002 ], [ -119.7419892, 36.8166857 ], [ -119.7418109, 36.8166863 ], [ -119.7418127, 36.8170009 ] ] ] } },
{ "type": "Feature", "properties": { "name": null, "building": "yes", "building:levels": null, "amenity": null, "cuisine": null, "shop": null, "osm_id": "way/712089337" }, "geometry": { "type": "Polygon", "coordinates": [ [ [ -119.7423972, 36.8170344 ], [ -119.7423958, 36.8169904 ], [ -119.7425447, 36.8169893 ], [ -119.742542, 36.8167627 ], [ -119.742589, 36.8167617 ], [ -119.742589, 36.8166951 ], [ -119.7423207, 36.8166919 ], [ -119.7423221, 36.8170322 ], [ -119.7423972, 36.8170344 ] ] ] } },
{ "type": "Feature", "properties": { "name": null, "building": "farm_auxiliary", "building:levels": null, "amenity": null, "cuisine": null, "shop": null, "osm_id": "way/712089338" }, "geometry": { "type": "Polygon", "coordinates": [ [ [ -119.7427861, 36.8168765 ], [ -119.7427861, 36.8166962 ], [ -119.7429081, 36.8166973 ], [ -119.7429095, 36.8168776 ], [ -119.7427861, 36.8168765 ] ] ] } },
{ "type": "Feature", "properties": { "name": null, "building": "yes", "building:levels": null, "amenity": null, "cuisine": null, "shop": null, "osm_id": "way/712089339" }, "geometry": { "type": "Polygon", "coordinates": [ [ [ -119.7431807, 36.8168817 ], [ -119.7431815, 36.8167775 ], [ -119.7435087, 36.8167791 ], [ -119.7435079, 36.8168832 ], [ -119.7431807, 36.8168817 ] ] ] } },
{ "type": "Feature", "properties": { "name": null, "building": "farm_auxiliary", "building:levels": null, "amenity": null, "cuisine": null, "shop": null, "osm_id": "way/712089340" }, "geometry": { "type": "Polygon", "coordinates": [ [ [ -119.7435776, 36.8167948 ], [ -119.7437157, 36.8167951 ], [ -119.7437166, 36.8165181 ], [ -119.7435785, 36.8165178 ], [ -119.7435776, 36.8167948 ] ] ] } },
{ "type": "Feature", "properties": { "name": null, "building": "yes", "building:levels": null, "amenity": null, "cuisine": null, "shop": null, "osm_id": "way/712089341" }, "geometry": { "type": "Polygon", "coordinates": [ [ [ -119.7435371, 36.8164503 ], [ -119.7432783, 36.8164482 ], [ -119.7432796, 36.8161733 ], [ -119.7435398, 36.8161765 ], [ -119.7435371, 36.8164503 ] ] ] } },
{ "type": "Feature", "properties": { "name": null, "building": "yes", "building:levels": null, "amenity": null, "cuisine": null, "shop": null, "osm_id": "way/712089342" }, "geometry": { "type": "Polygon", "coordinates": [ [ [ -119.7438971, 36.815694 ], [ -119.743896, 36.8155868 ], [ -119.7439707, 36.8155863 ], [ -119.7439701, 36.8155365 ], [ -119.7441111, 36.8155356 ], [ -119.7441128, 36.8156926 ], [ -119.7438971, 36.815694 ] ] ] } },
{ "type": "Feature", "properties": { "name": null, "building": "yes", "building:levels": null, "amenity": null, "cuisine": null, "shop": null, "osm_id": "way/712089343" }, "geometry": { "type": "Polygon", "coordinates": [ [ [ -119.7434557, 36.8156888 ], [ -119.743456, 36.8156262 ], [ -119.7432732, 36.8156256 ], [ -119.7432743, 36.8154379 ], [ -119.7434358, 36.8154385 ], [ -119.743435, 36.815569 ], [ -119.7437129, 36.81557 ], [ -119.7437122, 36.8156897 ], [ -119.7434557, 36.8156888 ] ] ] } },
{ "type": "Feature", "properties": { "name": "Print, Mail, Warehouse", "building": "yes", "building:levels": null, "amenity": null, "cuisine": null, "shop": null, "osm_id": "way/712102618" }, "geometry": { "type": "Polygon", "coordinates": [ [ [ -119.7411412, 36.815718 ], [ -119.7411385, 36.8155376 ], [ -119.7418171, 36.8155419 ], [ -119.7418198, 36.8157223 ], [ -119.7411412, 36.815718 ] ] ] } },
{ "type": "Feature", "properties": { "name": null, "building": "stadium", "building:levels": null, "amenity": null, "cuisine": null, "shop": null, "osm_id": "way/718042137" }, "geometry": { "type": "Polygon", "coordinates": [ [ [ -119.7563779, 36.8151164 ], [ -119.7563842, 36.8146601 ], [ -119.7563151, 36.8146595 ], [ -119.7563087, 36.8151158 ], [ -119.7563779, 36.8151164 ] ] ] } },
{ "type": "Feature", "properties": { "name": null, "building": "yes", "building:levels": null, "amenity": null, "cuisine": null, "shop": null, "osm_id": "way/718042139" }, "geometry": { "type": "Polygon", "coordinates": [ [ [ -119.7585682, 36.8162195 ], [ -119.7585677, 36.8161209 ], [ -119.7583014, 36.8161218 ], [ -119.7583014, 36.8161373 ], [ -119.7582347, 36.8161375 ], [ -119.7582351, 36.8162053 ], [ -119.7583046, 36.816205 ], [ -119.7583047, 36.8162204 ], [ -119.7585682, 36.8162195 ] ] ] } },
{ "type": "Feature", "properties": { "name": null, "building": "yes", "building:levels": null, "amenity": null, "cuisine": null, "shop": null, "osm_id": "way/718042140" }, "geometry": { "type": "Polygon", "coordinates": [ [ [ -119.7585651, 36.8163484 ], [ -119.7585646, 36.8162498 ], [ -119.7582983, 36.8162507 ], [ -119.7582983, 36.8162662 ], [ -119.7582316, 36.8162664 ], [ -119.758232, 36.8163341 ], [ -119.7583015, 36.8163339 ], [ -119.7583016, 36.8163493 ], [ -119.7585651, 36.8163484 ] ] ] } },
{ "type": "Feature", "properties": { "name": null, "building": "yes", "building:levels": null, "amenity": null, "cuisine": null, "shop": null, "osm_id": "way/718042141" }, "geometry": { "type": "Polygon", "coordinates": [ [ [ -119.7585651, 36.8164785 ], [ -119.7585646, 36.8163799 ], [ -119.7582983, 36.8163808 ], [ -119.7582983, 36.8163963 ], [ -119.7582316, 36.8163965 ], [ -119.758232, 36.8164643 ], [ -119.7583015, 36.816464 ], [ -119.7583016, 36.8164794 ], [ -119.7585651, 36.8164785 ] ] ] } },
{ "type": "Feature", "properties": { "name": null, "building": "yes", "building:levels": null, "amenity": null, "cuisine": null, "shop": null, "osm_id": "way/718042142" }, "geometry": { "type": "Polygon", "coordinates": [ [ [ -119.7585666, 36.816629 ], [ -119.7585661, 36.8165303 ], [ -119.7582998, 36.8165312 ], [ -119.7582999, 36.8165468 ], [ -119.7582332, 36.816547 ], [ -119.7582335, 36.8166147 ], [ -119.7583031, 36.8166145 ], [ -119.7583032, 36.8166298 ], [ -119.7585666, 36.816629 ] ] ] } },
{ "type": "Feature", "properties": { "name": null, "building": "yes", "building:levels": null, "amenity": null, "cuisine": null, "shop": null, "osm_id": "way/718042143" }, "geometry": { "type": "Polygon", "coordinates": [ [ [ -119.7585643, 36.8167535 ], [ -119.7585638, 36.8166549 ], [ -119.7582975, 36.8166558 ], [ -119.7582976, 36.8166713 ], [ -119.7582309, 36.8166715 ], [ -119.7582312, 36.8167393 ], [ -119.7583008, 36.8167391 ], [ -119.7583008, 36.8167544 ], [ -119.7585643, 36.8167535 ] ] ] } },
{ "type": "Feature", "properties": { "name": "University Inn", "building": "yes", "building:levels": null, "amenity": null, "cuisine": null, "shop": null, "osm_id": "way/925062215" }, "geometry": { "type": "Polygon", "coordinates": [ [ [ -119.7398319, 36.8081847 ], [ -119.739355, 36.8081751 ], [ -119.7393431, 36.8080415 ], [ -119.7394117, 36.8080391 ], [ -119.7394087, 36.8076693 ], [ -119.739361, 36.8076741 ], [ -119.7393491, 36.8075333 ], [ -119.7397723, 36.8075285 ], [ -119.7397752, 36.8075882 ], [ -119.7398229, 36.8075929 ], [ -119.7398259, 36.8076645 ], [ -119.7395934, 36.8076621 ], [ -119.7395934, 36.8080296 ], [ -119.7398319, 36.8080415 ], [ -119.7398319, 36.8081847 ] ] ] } },
{ "type": "Feature", "properties": { "name": "Ag Mechanics", "building": "yes", "building:levels": null, "amenity": null, "cuisine": null, "shop": null, "osm_id": "way/952957710" }, "geometry": { "type": "Polygon", "coordinates": [ [ [ -119.7473139, 36.8146227 ], [ -119.7471244, 36.8146227 ], [ -119.7471244, 36.8145577 ], [ -119.7469304, 36.8145541 ], [ -119.7469313, 36.8146213 ], [ -119.7461374, 36.8146198 ], [ -119.746136, 36.8144429 ], [ -119.7461363, 36.8144338 ], [ -119.7470196, 36.8144325 ], [ -119.7473132, 36.8144321 ], [ -119.747313, 36.8144429 ], [ -119.7473139, 36.8146227 ] ] ] } },
{ "type": "Feature", "properties": { "name": "Ag Operations", "building": "yes", "building:levels": null, "amenity": null, "cuisine": null, "shop": null, "osm_id": "way/952957711" }, "geometry": { "type": "Polygon", "coordinates": [ [ [ -119.7475489, 36.8154957 ], [ -119.7474643, 36.8154974 ], [ -119.7474637, 36.8155331 ], [ -119.7473851, 36.815533 ], [ -119.7473833, 36.8155434 ], [ -119.7473486, 36.8155434 ], [ -119.7473483, 36.8155408 ], [ -119.7473163, 36.8155419 ], [ -119.7473163, 36.8155334 ], [ -119.7472464, 36.8155334 ], [ -119.7472468, 36.8155421 ], [ -119.7472094, 36.8155426 ], [ -119.7472092, 36.8155403 ], [ -119.7471936, 36.8155408 ], [ -119.7471938, 36.8155338 ], [ -119.7470894, 36.8155343 ], [ -119.7470894, 36.8155421 ], [ -119.7470529, 36.8155423 ], [ -119.7470524, 36.8155352 ], [ -119.7469593, 36.8155345 ], [ -119.746872, 36.8155361 ], [ -119.7463388, 36.815531 ], [ -119.7463392, 36.8154229 ], [ -119.7467517, 36.8154259 ], [ -119.746752, 36.8154089 ], [ -119.7469606, 36.8154097 ], [ -119.7469606, 36.8154432 ], [ -119.7469923, 36.8154429 ], [ -119.7469912, 36.8154216 ], [ -119.7471122, 36.8154192 ], [ -119.7471122, 36.8154405 ], [ -119.7471239, 36.8154408 ], [ -119.7471243, 36.8154098 ], [ -119.7475476, 36.8154104 ], [ -119.7475489, 36.8154957 ] ] ] } },
{ "type": "Feature", "properties": { "name": "Plant Operations", "building": "yes", "building:levels": null, "amenity": null, "cuisine": null, "shop": null, "osm_id": "way/952957712" }, "geometry": { "type": "Polygon", "coordinates": [ [ [ -119.7476361, 36.814724 ], [ -119.7474746, 36.8147248 ], [ -119.7474756, 36.8148078 ], [ -119.7474359, 36.8148093 ], [ -119.7474368, 36.8149133 ], [ -119.747471, 36.8149133 ], [ -119.747471, 36.8149472 ], [ -119.7474169, 36.8149487 ], [ -119.7474169, 36.815135 ], [ -119.7474746, 36.8151372 ], [ -119.7474728, 36.8153632 ], [ -119.7476506, 36.8153625 ], [ -119.7476488, 36.8150267 ], [ -119.7476244, 36.8150259 ], [ -119.7476235, 36.8149487 ], [ -119.7476352, 36.8149472 ], [ -119.7476361, 36.814724 ] ] ] } },
{ "type": "Feature", "properties": { "name": "Police and Parking", "building": "yes", "building:levels": null, "amenity": null, "cuisine": null, "shop": null, "osm_id": "way/952957713" }, "geometry": { "type": "Polygon", "coordinates": [ [ [ -119.7484632, 36.8155474 ], [ -119.7482265, 36.815545 ], [ -119.7482257, 36.8156276 ], [ -119.7480027, 36.8156257 ], [ -119.7480004, 36.815534 ], [ -119.7478108, 36.8155353 ], [ -119.747811, 36.8155402 ], [ -119.7477314, 36.8155402 ], [ -119.7477295, 36.8154724 ], [ -119.7478031, 36.8154712 ], [ -119.7478027, 36.8154205 ], [ -119.7479415, 36.8154214 ], [ -119.747943, 36.8154752 ], [ -119.7480731, 36.8154764 ], [ -119.7480739, 36.8154296 ], [ -119.7480731, 36.8153719 ], [ -119.7481399, 36.8153716 ], [ -119.7481395, 36.8154287 ], [ -119.7482093, 36.8154302 ], [ -119.7482086, 36.8154075 ], [ -119.7482032, 36.8154075 ], [ -119.7482036, 36.8153589 ], [ -119.7483474, 36.8153595 ], [ -119.7483481, 36.8154056 ], [ -119.7483956, 36.8154072 ], [ -119.7483971, 36.8154269 ], [ -119.7484597, 36.8154278 ], [ -119.74846, 36.8154409 ], [ -119.7484828, 36.8154403 ], [ -119.7484817, 36.8154096 ], [ -119.7485723, 36.8154105 ], [ -119.7485723, 36.8154743 ], [ -119.7484627, 36.8154743 ], [ -119.7484632, 36.8155474 ] ] ] } },
{ "type": "Feature", "properties": { "name": "Vincent E. Petrucci Viticulture Building", "building": "university", "building:levels": null, "amenity": null, "cuisine": null, "shop": null, "osm_id": "way/952957714" }, "geometry": { "type": "Polygon", "coordinates": [ [ [ -119.7475458, 36.816147 ], [ -119.7473915, 36.8161463 ], [ -119.7473938, 36.8162567 ], [ -119.7473824, 36.8162567 ], [ -119.7473824, 36.8162968 ], [ -119.7473915, 36.8162968 ], [ -119.7473915, 36.8163351 ], [ -119.7474355, 36.8163357 ], [ -119.7474355, 36.8163673 ], [ -119.7473513, 36.8163666 ], [ -119.7473468, 36.8164693 ], [ -119.747371, 36.8164699 ], [ -119.7473718, 36.8166023 ], [ -119.7475797, 36.8166065 ], [ -119.7475772, 36.8163522 ], [ -119.7475774, 36.8163241 ], [ -119.7475425, 36.8163235 ], [ -119.7475444, 36.8161836 ], [ -119.7475458, 36.816147 ] ] ] } },
{ "type": "Feature", "properties": { "name": null, "building": "university", "building:levels": null, "amenity": null, "cuisine": null, "shop": null, "osm_id": "way/952957715" }, "geometry": { "type": "Polygon", "coordinates": [ [ [ -119.746789, 36.816046 ], [ -119.7464012, 36.8160521 ], [ -119.7464024, 36.8161491 ], [ -119.7462481, 36.8161512 ], [ -119.7462468, 36.8162645 ], [ -119.7464101, 36.8162656 ], [ -119.7464114, 36.8166649 ], [ -119.746465, 36.8166619 ], [ -119.746465, 36.8165311 ], [ -119.7466219, 36.8165291 ], [ -119.7466206, 36.8161563 ], [ -119.7466959, 36.8161583 ], [ -119.7466908, 36.8165219 ], [ -119.7468681, 36.8165209 ], [ -119.7468681, 36.8161532 ], [ -119.7468362, 36.8161522 ], [ -119.7467903, 36.8161062 ], [ -119.746789, 36.816046 ] ] ] } },
{ "type": "Feature", "properties": { "name": null, "building": "university", "building:levels": null, "amenity": null, "cuisine": null, "shop": null, "osm_id": "way/952957716" }, "geometry": { "type": "Polygon", "coordinates": [ [ [ -119.7471268, 36.8162897 ], [ -119.7469839, 36.8162897 ], [ -119.7469839, 36.8161528 ], [ -119.7471293, 36.8161518 ], [ -119.7471268, 36.8162897 ] ] ] } },
{ "type": "Feature", "properties": { "name": null, "building": "university", "building:levels": null, "amenity": null, "cuisine": null, "shop": null, "osm_id": "way/952957717" }, "geometry": { "type": "Polygon", "coordinates": [ [ [ -119.7473054, 36.8164848 ], [ -119.7471918, 36.8164838 ], [ -119.7471918, 36.8161528 ], [ -119.7473054, 36.8161569 ], [ -119.7473054, 36.8164848 ] ] ] } },
{ "type": "Feature", "properties": { "name": "DOJ Lab", "building": "university", "building:levels": null, "amenity": null, "cuisine": null, "shop": null, "osm_id": "way/952957718" }, "geometry": { "type": "Polygon", "coordinates": [ [ [ -119.741937, 36.8150243 ], [ -119.7418973, 36.8150252 ], [ -119.7418973, 36.8150905 ], [ -119.7414188, 36.8150931 ], [ -119.7414183, 36.8150841 ], [ -119.741394, 36.8150841 ], [ -119.7413917, 36.8149013 ], [ -119.7414221, 36.8149001 ], [ -119.7414251, 36.8143328 ], [ -119.7418704, 36.8143328 ], [ -119.7418659, 36.8146383 ], [ -119.7418636, 36.8148745 ], [ -119.7419402, 36.8148758 ], [ -119.741937, 36.8150243 ] ] ] } },
{ "type": "Feature", "properties": { "name": null, "building": "yes", "building:levels": null, "amenity": null, "cuisine": null, "shop": null, "osm_id": "way/976873730" }, "geometry": { "type": "Polygon", "coordinates": [ [ [ -119.7572856, 36.8167523 ], [ -119.7572207, 36.8167516 ], [ -119.7572203, 36.8167176 ], [ -119.757162, 36.8167176 ], [ -119.7571612, 36.8166759 ], [ -119.7571269, 36.8166762 ], [ -119.7571265, 36.8166689 ], [ -119.7570496, 36.8166683 ], [ -119.7570505, 36.8166742 ], [ -119.7570182, 36.8166742 ], [ -119.7570178, 36.8167245 ], [ -119.756998, 36.8167238 ], [ -119.7569972, 36.8166742 ], [ -119.7569624, 36.8166739 ], [ -119.7569624, 36.8166686 ], [ -119.7568777, 36.8166673 ], [ -119.7568786, 36.8166736 ], [ -119.7568496, 36.8166736 ], [ -119.7568509, 36.8167182 ], [ -119.7567918, 36.8167176 ], [ -119.7567934, 36.8167506 ], [ -119.756729, 36.8167513 ], [ -119.7567273, 36.8167159 ], [ -119.7567831, 36.8167169 ], [ -119.7567831, 36.8166911 ], [ -119.7567922, 36.8166914 ], [ -119.7567918, 36.8166289 ], [ -119.7567835, 36.8166289 ], [ -119.7567835, 36.8166001 ], [ -119.7567224, 36.8165995 ], [ -119.7567207, 36.8165862 ], [ -119.7567827, 36.8165859 ], [ -119.7567819, 36.8165588 ], [ -119.756791, 36.8165584 ], [ -119.756791, 36.8164976 ], [ -119.7567827, 36.8164972 ], [ -119.7567819, 36.8164688 ], [ -119.756729, 36.8164671 ], [ -119.7567286, 36.8164337 ], [ -119.7567848, 36.8164331 ], [ -119.7567843, 36.8164056 ], [ -119.7567918, 36.8164056 ], [ -119.756793, 36.8163427 ], [ -119.756786, 36.8163427 ], [ -119.7567843, 36.816316 ], [ -119.756724, 36.816314 ], [ -119.756724, 36.8162991 ], [ -119.7567839, 36.8163001 ], [ -119.7567843, 36.8162739 ], [ -119.7567926, 36.8162733 ], [ -119.7567934, 36.8162141 ], [ -119.7567852, 36.8162137 ], [ -119.7567831, 36.8161846 ], [ -119.7567294, 36.8161823 ], [ -119.7567294, 36.8161505 ], [ -119.7567934, 36.8161502 ], [ -119.7567949, 36.8161831 ], [ -119.7568521, 36.8161832 ], [ -119.7568512, 36.8162262 ], [ -119.756888, 36.8162265 ], [ -119.756888, 36.8162348 ], [ -119.7569649, 36.8162354 ], [ -119.7569645, 36.8162285 ], [ -119.7569983, 36.8162275 ], [ -119.7569971, 36.8161772 ], [ -119.7570174, 36.8161782 ], [ -119.7570167, 36.8162276 ], [ -119.757049, 36.8162273 ], [ -119.7570498, 36.8162341 ], [ -119.757126, 36.8162346 ], [ -119.757126, 36.8162268 ], [ -119.7571624, 36.8162268 ], [ -119.7571603, 36.8161838 ], [ -119.7572217, 36.8161828 ], [ -119.7572207, 36.8161507 ], [ -119.7572845, 36.8161507 ], [ -119.7572851, 36.8161843 ], [ -119.7572291, 36.8161846 ], [ -119.7572297, 36.8162112 ], [ -119.7572201, 36.816211 ], [ -119.7572208, 36.8162754 ], [ -119.7572299, 36.8162756 ], [ -119.7572294, 36.8163019 ], [ -119.7572898, 36.8163013 ], [ -119.7572905, 36.8163161 ], [ -119.757228, 36.8163157 ], [ -119.7572288, 36.8163428 ], [ -119.7572186, 36.8163428 ], [ -119.7572209, 36.8164056 ], [ -119.7572295, 36.8164058 ], [ -119.7572285, 36.8164343 ], [ -119.7572849, 36.8164333 ], [ -119.7572842, 36.8164673 ], [ -119.7572295, 36.8164683 ], [ -119.7572295, 36.8164976 ], [ -119.7572201, 36.8164978 ], [ -119.7572201, 36.8165606 ], [ -119.757229, 36.8165606 ], [ -119.7572295, 36.8165859 ], [ -119.7572918, 36.8165856 ], [ -119.7572915, 36.8166031 ], [ -119.7572303, 36.8166031 ], [ -119.7572308, 36.8166284 ], [ -119.7572217, 36.8166288 ], [ -119.7572209, 36.8166916 ], [ -119.7572285, 36.8166924 ], [ -119.7572298, 36.8167181 ], [ -119.7572847, 36.8167187 ], [ -119.7572856, 36.8167523 ] ] ] } },
{ "type": "Feature", "properties": { "name": null, "building": "yes", "building:levels": null, "amenity": null, "cuisine": null, "shop": null, "osm_id": "way/976873731" }, "geometry": { "type": "Polygon", "coordinates": [ [ [ -119.7571624, 36.8165446 ], [ -119.7571256, 36.8165448 ], [ -119.7571257, 36.816551 ], [ -119.7570498, 36.8165514 ], [ -119.7570497, 36.8165482 ], [ -119.7570132, 36.8165484 ], [ -119.7570128, 36.8164976 ], [ -119.7569971, 36.8164977 ], [ -119.7569976, 36.8165453 ], [ -119.7569612, 36.8165455 ], [ -119.7569612, 36.8165501 ], [ -119.7568886, 36.8165505 ], [ -119.7568886, 36.8165449 ], [ -119.7568512, 36.816545 ], [ -119.7568509, 36.8165005 ], [ -119.7568364, 36.8165005 ], [ -119.7568362, 36.8164677 ], [ -119.7568041, 36.8164678 ], [ -119.7568037, 36.8164 ], [ -119.756852, 36.8163998 ], [ -119.7568518, 36.8163588 ], [ -119.7568915, 36.8163587 ], [ -119.7568914, 36.8163495 ], [ -119.7569678, 36.8163492 ], [ -119.7569678, 36.8163542 ], [ -119.7569994, 36.8163541 ], [ -119.7569999, 36.816404 ], [ -119.757017, 36.8164039 ], [ -119.7570167, 36.8163596 ], [ -119.7570533, 36.8163594 ], [ -119.7570533, 36.8163502 ], [ -119.7571296, 36.8163497 ], [ -119.7571297, 36.8163595 ], [ -119.7571634, 36.8163593 ], [ -119.7571637, 36.8163955 ], [ -119.7572186, 36.8163952 ], [ -119.7572193, 36.8164725 ], [ -119.7571823, 36.8164727 ], [ -119.7571826, 36.8165036 ], [ -119.757162, 36.8165038 ], [ -119.7571624, 36.8165446 ] ] ] } },
{ "type": "Feature", "properties": { "name": null, "building": "yes", "building:levels": null, "amenity": null, "cuisine": null, "shop": null, "osm_id": "way/978904736" }, "geometry": { "type": "Polygon", "coordinates": [ [ [ -119.7404541, 36.8145079 ], [ -119.7403221, 36.8145042 ], [ -119.740331, 36.8141776 ], [ -119.7404606, 36.8141785 ], [ -119.7404541, 36.8145079 ] ] ] } },
{ "type": "Feature", "properties": { "name": null, "building": "yes", "building:levels": null, "amenity": null, "cuisine": null, "shop": null, "osm_id": "way/978904737" }, "geometry": { "type": "Polygon", "coordinates": [ [ [ -119.7398946, 36.8145084 ], [ -119.739762, 36.8145065 ], [ -119.7397656, 36.8141702 ], [ -119.7398977, 36.8141714 ], [ -119.7398946, 36.8145084 ] ] ] } },
{ "type": "Feature", "properties": { "name": null, "building": "yes", "building:levels": null, "amenity": null, "cuisine": null, "shop": null, "osm_id": "way/978904738" }, "geometry": { "type": "Polygon", "coordinates": [ [ [ -119.7395945, 36.8145075 ], [ -119.7393647, 36.8145031 ], [ -119.7393744, 36.8138171 ], [ -119.7395959, 36.8138226 ], [ -119.7395945, 36.8145075 ] ] ] } },
{ "type": "Feature", "properties": { "name": null, "building": "yes", "building:levels": null, "amenity": null, "cuisine": null, "shop": null, "osm_id": "way/978904739" }, "geometry": { "type": "Polygon", "coordinates": [ [ [ -119.7395531, 36.8137191 ], [ -119.7393709, 36.8137168 ], [ -119.7393754, 36.8134888 ], [ -119.7395577, 36.8134912 ], [ -119.7395531, 36.8137191 ] ] ] } },
{ "type": "Feature", "properties": { "name": null, "building": "house", "building:levels": null, "amenity": null, "cuisine": null, "shop": null, "osm_id": "way/993316055" }, "geometry": { "type": "Polygon", "coordinates": [ [ [ -119.7499581, 36.8313309 ], [ -119.7497456, 36.8313309 ], [ -119.7497453, 36.8312489 ], [ -119.749803, 36.8312506 ], [ -119.7498011, 36.8312351 ], [ -119.749792, 36.8312345 ], [ -119.7497928, 36.8312196 ], [ -119.7498054, 36.831219 ], [ -119.7498028, 36.8311759 ], [ -119.7498293, 36.831177 ], [ -119.7498314, 36.831171 ], [ -119.7498548, 36.8311714 ], [ -119.7498648, 36.831176 ], [ -119.7499779, 36.8311804 ], [ -119.7499813, 36.831244 ], [ -119.7499351, 36.8312446 ], [ -119.7499351, 36.8312602 ], [ -119.7499587, 36.8312591 ], [ -119.7499581, 36.8313309 ] ] ] } },
{ "type": "Feature", "properties": { "name": "Wendy's", "building": "commercial", "building:levels": "1", "amenity": "fast_food", "cuisine": "burger", "shop": null, "osm_id": "way/1009061516" }, "geometry": { "type": "Polygon", "coordinates": [ [ [ -119.7547638, 36.808837 ], [ -119.7547635, 36.8088949 ], [ -119.7547833, 36.808895 ], [ -119.754783, 36.8089449 ], [ -119.7547921, 36.8089449 ], [ -119.7547919, 36.8089819 ], [ -119.7547828, 36.8089819 ], [ -119.7547823, 36.8090732 ], [ -119.7547115, 36.809073 ], [ -119.7547115, 36.8090803 ], [ -119.7546502, 36.80908 ], [ -119.7546507, 36.8089873 ], [ -119.7546652, 36.8089873 ], [ -119.7546655, 36.8089422 ], [ -119.7546464, 36.8089422 ], [ -119.754647, 36.8088365 ], [ -119.7547638, 36.808837 ] ] ] } },
{ "type": "Feature", "properties": { "name": null, "building": "yes", "building:levels": null, "amenity": null, "cuisine": null, "shop": null, "osm_id": "way/1056785695" }, "geometry": { "type": "Polygon", "coordinates": [ [ [ -119.7471497, 36.814356 ], [ -119.7471477, 36.8142405 ], [ -119.7470185, 36.8142401 ], [ -119.7468275, 36.8142397 ], [ -119.7468306, 36.8143536 ], [ -119.7470166, 36.8143536 ], [ -119.7471497, 36.814356 ] ] ] } },
{ "type": "Feature", "properties": { "name": null, "building": "bridge", "building:levels": "2", "amenity": null, "cuisine": null, "shop": null, "osm_id": "way/1057078311" }, "geometry": { "type": "Polygon", "coordinates": [ [ [ -119.7500261, 36.8138764 ], [ -119.749886, 36.8138819 ], [ -119.749886, 36.8138543 ], [ -119.7500262, 36.8138529 ], [ -119.7500261, 36.8138764 ] ] ] } },
{ "type": "Feature", "properties": { "name": null, "building": "bridge", "building:levels": "2", "amenity": null, "cuisine": null, "shop": null, "osm_id": "way/1057078312" }, "geometry": { "type": "Polygon", "coordinates": [ [ [ -119.7500074, 36.812979 ], [ -119.749918, 36.8129635 ], [ -119.749927, 36.8129319 ], [ -119.7499507, 36.8129359 ], [ -119.7499489, 36.8129448 ], [ -119.7500135, 36.812957 ], [ -119.7500074, 36.812979 ] ] ] } },
{ "type": "Feature", "properties": { "name": null, "building": "yes", "building:levels": null, "amenity": null, "cuisine": null, "shop": null, "osm_id": "way/1057078331" }, "geometry": { "type": "Polygon", "coordinates": [ [ [ -119.7481249, 36.8126313 ], [ -119.7480707, 36.8126313 ], [ -119.7480707, 36.812587 ], [ -119.7481249, 36.812587 ], [ -119.7481249, 36.8126313 ] ] ] } },
{ "type": "Feature", "properties": { "name": null, "building": "roof", "building:levels": null, "amenity": null, "cuisine": null, "shop": null, "osm_id": "way/1057078385" }, "geometry": { "type": "Polygon", "coordinates": [ [ [ -119.7419959, 36.8105616 ], [ -119.7411441, 36.8105616 ], [ -119.7411441, 36.8104679 ], [ -119.7419959, 36.8104679 ], [ -119.7419959, 36.8105616 ] ] ] } },
{ "type": "Feature", "properties": { "name": null, "building": "roof", "building:levels": null, "amenity": null, "cuisine": null, "shop": null, "osm_id": "way/1057078386" }, "geometry": { "type": "Polygon", "coordinates": [ [ [ -119.7421688, 36.8103968 ], [ -119.7411483, 36.8103936 ], [ -119.7411488, 36.8102918 ], [ -119.7421693, 36.8102951 ], [ -119.7421688, 36.8103968 ] ] ] } },
{ "type": "Feature", "properties": { "name": null, "building": "roof", "building:levels": null, "amenity": null, "cuisine": null, "shop": null, "osm_id": "way/1057078387" }, "geometry": { "type": "Polygon", "coordinates": [ [ [ -119.7421672, 36.8102246 ], [ -119.7411437, 36.8102212 ], [ -119.7411442, 36.8101257 ], [ -119.7421677, 36.810129 ], [ -119.7421672, 36.8102246 ] ] ] } },
{ "type": "Feature", "properties": { "name": null, "building": "roof", "building:levels": null, "amenity": null, "cuisine": null, "shop": null, "osm_id": "way/1057078388" }, "geometry": { "type": "Polygon", "coordinates": [ [ [ -119.7421688, 36.8098814 ], [ -119.7411448, 36.809879 ], [ -119.7411452, 36.8097821 ], [ -119.7421692, 36.8097845 ], [ -119.7421688, 36.8098814 ] ] ] } },
{ "type": "Feature", "properties": { "name": null, "building": "roof", "building:levels": null, "amenity": null, "cuisine": null, "shop": null, "osm_id": "way/1057078389" }, "geometry": { "type": "Polygon", "coordinates": [ [ [ -119.7421724, 36.8099586 ], [ -119.7411469, 36.8099575 ], [ -119.7411468, 36.8100495 ], [ -119.7421723, 36.8100504 ], [ -119.7421724, 36.8099586 ] ] ] } },
{ "type": "Feature", "properties": { "name": null, "building": "roof", "building:levels": null, "amenity": null, "cuisine": null, "shop": null, "osm_id": "way/1057078390" }, "geometry": { "type": "Polygon", "coordinates": [ [ [ -119.7420539, 36.8097157 ], [ -119.7411561, 36.8097164 ], [ -119.741156, 36.8096237 ], [ -119.7420538, 36.8096232 ], [ -119.7420539, 36.8097157 ] ] ] } },
{ "type": "Feature", "properties": { "name": null, "building": "roof", "building:levels": null, "amenity": null, "cuisine": null, "shop": null, "osm_id": "way/1057078391" }, "geometry": { "type": "Polygon", "coordinates": [ [ [ -119.742174, 36.8095425 ], [ -119.74115, 36.8095426 ], [ -119.74115, 36.8094494 ], [ -119.742174, 36.8094495 ], [ -119.742174, 36.8095425 ] ] ] } },
{ "type": "Feature", "properties": { "name": null, "building": "roof", "building:levels": null, "amenity": null, "cuisine": null, "shop": null, "osm_id": "way/1057078392" }, "geometry": { "type": "Polygon", "coordinates": [ [ [ -119.7421701, 36.8093688 ], [ -119.7411491, 36.8093767 ], [ -119.7411478, 36.8092736 ], [ -119.7421688, 36.8092655 ], [ -119.7421701, 36.8093688 ] ] ] } },
{ "type": "Feature", "properties": { "name": null, "building": "roof", "building:levels": null, "amenity": null, "cuisine": null, "shop": null, "osm_id": "way/1057078393" }, "geometry": { "type": "Polygon", "coordinates": [ [ [ -119.7421751, 36.8092108 ], [ -119.7411481, 36.8092052 ], [ -119.741149, 36.8090991 ], [ -119.742176, 36.8091047 ], [ -119.7421751, 36.8092108 ] ] ] } },
{ "type": "Feature", "properties": { "name": null, "building": "roof", "building:levels": null, "amenity": null, "cuisine": null, "shop": null, "osm_id": "way/1057078394" }, "geometry": { "type": "Polygon", "coordinates": [ [ [ -119.7421733, 36.8090183 ], [ -119.7411548, 36.8090289 ], [ -119.7411533, 36.8089373 ], [ -119.7421718, 36.8089268 ], [ -119.7421733, 36.8090183 ] ] ] } },
{ "type": "Feature", "properties": { "name": "Gibson Farm Market", "building": "retail", "building:levels": "1", "amenity": null, "cuisine": null, "shop": "farm", "osm_id": "way/1209891620" }, "geometry": { "type": "Polygon", "coordinates": [ [ [ -119.7357692, 36.8139636 ], [ -119.7357692, 36.8137879 ], [ -119.7354489, 36.8137836 ], [ -119.7354453, 36.813965 ], [ -119.7357692, 36.8139636 ] ] ] } },
{ "type": "Feature", "properties": { "name": "Kennel Marketplace", "building": "yes", "building:levels": null, "amenity": null, "cuisine": null, "shop": "general", "osm_id": "way/1282722616" }, "geometry": { "type": "Polygon", "coordinates": [ [ [ -119.7355095, 36.8124052 ], [ -119.7355131, 36.8126663 ], [ -119.7358977, 36.8126756 ], [ -119.7358981, 36.812658 ], [ -119.736028, 36.8126609 ], [ -119.736034, 36.812474 ], [ -119.7359037, 36.8124695 ], [ -119.7359013, 36.8124077 ], [ -119.7355095, 36.8124052 ] ] ] } },
{ "type": "Feature", "properties": { "name": "Dog House Grill", "building": "yes", "building:levels": null, "amenity": "restaurant", "cuisine": "burger;sandwich", "shop": null, "osm_id": "way/1283804870" }, "geometry": { "type": "Polygon", "coordinates": [ [ [ -119.7366511, 36.8083316 ], [ -119.7366506, 36.8083537 ], [ -119.7365008, 36.8083571 ], [ -119.7364652, 36.8083291 ], [ -119.7364668, 36.8080594 ], [ -119.7366543, 36.8080607 ], [ -119.7366543, 36.8080127 ], [ -119.7367425, 36.8080127 ], [ -119.7367419, 36.8080905 ], [ -119.7367127, 36.8080905 ], [ -119.7367148, 36.808247 ], [ -119.7367053, 36.8082474 ], [ -119.7367058, 36.8083299 ], [ -119.7366511, 36.8083316 ] ] ] } },
{ "type": "Feature", "properties": { "name": "Jack in the Box", "building": "yes", "building:levels": null, "amenity": "fast_food", "cuisine": "burger", "shop": null, "osm_id": "way/1283804871" }, "geometry": { "type": "Polygon", "coordinates": [ [ [ -119.7359619, 36.8082872 ], [ -119.7358239, 36.8082849 ], [ -119.7358277, 36.8082219 ], [ -119.7358118, 36.8082215 ], [ -119.7358121, 36.8081911 ], [ -119.7358194, 36.8081918 ], [ -119.7358218, 36.8080959 ], [ -119.7359624, 36.8080974 ], [ -119.7359587, 36.808232 ], [ -119.7359658, 36.808232 ], [ -119.7359619, 36.8082872 ] ] ] } },
{ "type": "Feature", "properties": { "name": "Buffalo Wild Wings", "building": "yes", "building:levels": null, "amenity": "restaurant", "cuisine": "wings", "shop": null, "osm_id": "way/1283804872" }, "geometry": { "type": "Polygon", "coordinates": [ [ [ -119.7354229, 36.8082438 ], [ -119.7353401, 36.8082443 ], [ -119.7353398, 36.8082695 ], [ -119.7352825, 36.8082704 ], [ -119.7352837, 36.8082825 ], [ -119.7352216, 36.8082814 ], [ -119.7352237, 36.8082445 ], [ -119.7352062, 36.808244 ], [ -119.7352074, 36.8081834 ], [ -119.7352207, 36.808183 ], [ -119.7352207, 36.8079567 ], [ -119.7354193, 36.807955 ], [ -119.7354229, 36.8082438 ] ] ] } },
{ "type": "Feature", "properties": { "name": "Starbucks", "building": "yes", "building:levels": null, "amenity": "cafe", "cuisine": "coffee_shop", "shop": null, "osm_id": "way/1283804873" }, "geometry": { "type": "Polygon", "coordinates": [ [ [ -119.7402718, 36.8082628 ], [ -119.7400843, 36.8082615 ], [ -119.7400855, 36.8081743 ], [ -119.7402731, 36.8081747 ], [ -119.7402718, 36.8082628 ] ] ] } },
{ "type": "Feature", "properties": { "name": null, "building": "commercial", "building:levels": null, "amenity": null, "cuisine": null, "shop": null, "osm_id": "way/1283804874" }, "geometry": { "type": "Polygon", "coordinates": [ [ [ -119.7400384, 36.8079771 ], [ -119.740676, 36.8079803 ], [ -119.740675, 36.8078568 ], [ -119.7400369, 36.8078555 ], [ -119.7400384, 36.8079771 ] ] ] } },
{ "type": "Feature", "properties": { "name": "7-Eleven", "building": "yes", "building:levels": null, "amenity": null, "cuisine": null, "shop": "convenience", "osm_id": "way/1283804876" }, "geometry": { "type": "Polygon", "coordinates": [ [ [ -119.7457727, 36.8081351 ], [ -119.7455698, 36.8081347 ], [ -119.7455703, 36.8080078 ], [ -119.7457742, 36.8080085 ], [ -119.7457727, 36.8081351 ] ] ] } },
{ "type": "Feature", "properties": { "name": null, "building": "commercial", "building:levels": null, "amenity": null, "cuisine": null, "shop": null, "osm_id": "way/1283804877" }, "geometry": { "type": "Polygon", "coordinates": [ [ [ -119.7458709, 36.8083992 ], [ -119.7460096, 36.8083984 ], [ -119.7460121, 36.8078271 ], [ -119.7458683, 36.8078273 ], [ -119.7458709, 36.8083992 ] ] ] } },
{ "type": "Feature", "properties": { "name": "Popeyes", "building": "yes", "building:levels": null, "amenity": "fast_food", "cuisine": "chicken", "shop": null, "osm_id": "way/1283804878" }, "geometry": { "type": "Polygon", "coordinates": [ [ [ -119.7548808, 36.8105513 ], [ -119.7548792, 36.8105987 ], [ -119.754757, 36.8105991 ], [ -119.7547586, 36.8105496 ], [ -119.7546782, 36.81055 ], [ -119.7546788, 36.8104561 ], [ -119.7547461, 36.8104556 ], [ -119.7547461, 36.81044 ], [ -119.75492, 36.8104413 ], [ -119.7549216, 36.8105496 ], [ -119.7548808, 36.8105513 ] ] ] } },
{ "type": "Feature", "properties": { "name": "Taco Bell", "building": "yes", "building:levels": null, "amenity": "fast_food", "cuisine": "tex-mex", "shop": null, "osm_id": "way/1283804879" }, "geometry": { "type": "Polygon", "coordinates": [ [ [ -119.7548602, 36.8108131 ], [ -119.7546646, 36.8108115 ], [ -119.7546661, 36.810917 ], [ -119.7548598, 36.8109164 ], [ -119.7548602, 36.8108131 ] ] ] } },
{ "type": "Feature", "properties": { "name": "Marie Callender's", "building": "yes", "building:levels": null, "amenity": "restaurant", "cuisine": "american", "shop": null, "osm_id": "way/1283804881" }, "geometry": { "type": "Polygon", "coordinates": [ [ [ -119.7547829, 36.8083398 ], [ -119.7547635, 36.8082698 ], [ -119.754784, 36.8081992 ], [ -119.7547214, 36.808221 ], [ -119.754723, 36.8080156 ], [ -119.7545358, 36.8080187 ], [ -119.7545358, 36.8081291 ], [ -119.7544144, 36.8081287 ], [ -119.7543989, 36.8082245 ], [ -119.7544155, 36.8083008 ], [ -119.7545064, 36.8082995 ], [ -119.7545031, 36.8083824 ], [ -119.7547247, 36.8083776 ], [ -119.7547275, 36.8083376 ], [ -119.7547829, 36.8083398 ] ] ] } },
{ "type": "Feature", "properties": { "name": null, "building": "commercial", "building:levels": null, "amenity": null, "cuisine": null, "shop": null, "osm_id": "way/1283804882" }, "geometry": { "type": "Polygon", "coordinates": [ [ [ -119.7539831, 36.8079884 ], [ -119.7536357, 36.8079868 ], [ -119.7536373, 36.8078773 ], [ -119.7535984, 36.807877 ], [ -119.7535981, 36.8078333 ], [ -119.7539851, 36.807831 ], [ -119.7539831, 36.8079884 ] ] ] } },
{ "type": "Feature", "properties": { "name": null, "building": "commercial", "building:levels": null, "amenity": null, "cuisine": null, "shop": null, "osm_id": "way/1283804883" }, "geometry": { "type": "Polygon", "coordinates": [ [ [ -119.7534966, 36.8080223 ], [ -119.7534963, 36.8081079 ], [ -119.7535021, 36.8081074 ], [ -119.7535017, 36.8081853 ], [ -119.7534947, 36.8081856 ], [ -119.7534953, 36.8082699 ], [ -119.7534867, 36.8082699 ], [ -119.7534863, 36.8082787 ], [ -119.7534218, 36.8082782 ], [ -119.7534221, 36.8082712 ], [ -119.7533437, 36.8082704 ], [ -119.7533476, 36.8080231 ], [ -119.7534966, 36.8080223 ] ] ] } },
{ "type": "Feature", "properties": { "name": null, "building": "yes", "building:levels": null, "amenity": null, "cuisine": null, "shop": null, "osm_id": "way/1427613616" }, "geometry": { "type": "Polygon", "coordinates": [ [ [ -119.7619524, 36.8121345 ], [ -119.7618121, 36.8121337 ], [ -119.7618121, 36.811867 ], [ -119.7619564, 36.811867 ], [ -119.7619524, 36.8121345 ] ] ] } },
{ "type": "Feature", "properties": { "name": null, "building": "yes", "building:levels": null, "amenity": null, "cuisine": null, "shop": null, "osm_id": "way/1427613617" }, "geometry": { "type": "Polygon", "coordinates": [ [ [ -119.7617646, 36.8121163 ], [ -119.7617666, 36.8120015 ], [ -119.7614354, 36.8120015 ], [ -119.7614374, 36.8121155 ], [ -119.7617646, 36.8121163 ] ] ] } },
{ "type": "Feature", "properties": { "name": null, "building": "yes", "building:levels": null, "amenity": null, "cuisine": null, "shop": null, "osm_id": "way/1427613618" }, "geometry": { "type": "Polygon", "coordinates": [ [ [ -119.7617676, 36.8119018 ], [ -119.7617686, 36.8117863 ], [ -119.7614324, 36.811787 ], [ -119.7614374, 36.8119042 ], [ -119.7617676, 36.8119018 ] ] ] } },
{ "type": "Feature", "properties": { "name": null, "building": "yes", "building:levels": null, "amenity": null, "cuisine": null, "shop": null, "osm_id": "way/1427613619" }, "geometry": { "type": "Polygon", "coordinates": [ [ [ -119.7613899, 36.8120379 ], [ -119.7612436, 36.8120387 ], [ -119.7612466, 36.8117752 ], [ -119.7613959, 36.8117775 ], [ -119.7613899, 36.8120379 ] ] ] } },
{ "type": "Feature", "properties": { "name": null, "building": "yes", "building:levels": null, "amenity": null, "cuisine": null, "shop": null, "osm_id": "way/1427613622" }, "geometry": { "type": "Polygon", "coordinates": [ [ [ -119.7616796, 36.8117309 ], [ -119.7613929, 36.811734 ], [ -119.7613919, 36.8114974 ], [ -119.7616816, 36.8114958 ], [ -119.7616796, 36.8117309 ] ] ] } },
{ "type": "Feature", "properties": { "name": null, "building": "yes", "building:levels": null, "amenity": null, "cuisine": null, "shop": null, "osm_id": "way/1427613630" }, "geometry": { "type": "Polygon", "coordinates": [ [ [ -119.761215, 36.8114127 ], [ -119.7612179, 36.8111681 ], [ -119.7610855, 36.8111681 ], [ -119.7610855, 36.8114111 ], [ -119.761215, 36.8114127 ] ] ] } },
{ "type": "Feature", "properties": { "name": null, "building": "yes", "building:levels": null, "amenity": null, "cuisine": null, "shop": null, "osm_id": "way/1427613651" }, "geometry": { "type": "Polygon", "coordinates": [ [ [ -119.7562428, 36.8126773 ], [ -119.7562373, 36.8123737 ], [ -119.7560567, 36.8123771 ], [ -119.7560539, 36.8124609 ], [ -119.7559726, 36.8124598 ], [ -119.7559698, 36.8124466 ], [ -119.7556403, 36.8124389 ], [ -119.7556389, 36.8127811 ], [ -119.7559519, 36.8127811 ], [ -119.7559561, 36.8125934 ], [ -119.7560498, 36.8125956 ], [ -119.7560526, 36.8126784 ], [ -119.7562428, 36.8126773 ] ] ] } },
{ "type": "Feature", "properties": { "name": null, "building": "yes", "building:levels": null, "amenity": null, "cuisine": null, "shop": null, "osm_id": "way/1427613652" }, "geometry": { "type": "Polygon", "coordinates": [ [ [ -119.7570798, 36.8132105 ], [ -119.7565283, 36.8132105 ], [ -119.75652, 36.8125835 ], [ -119.757026, 36.812578 ], [ -119.7570233, 36.8128462 ], [ -119.7570453, 36.8128473 ], [ -119.7570453, 36.813131 ], [ -119.7570839, 36.8131332 ], [ -119.7570798, 36.8132105 ] ] ] } },
{ "type": "Feature", "properties": { "name": null, "building": "yes", "building:levels": null, "amenity": null, "cuisine": null, "shop": null, "osm_id": "way/1427613653" }, "geometry": { "type": "Polygon", "coordinates": [ [ [ -119.7584338, 36.8131774 ], [ -119.7582463, 36.8131774 ], [ -119.7582476, 36.8131067 ], [ -119.7584324, 36.8131067 ], [ -119.7584338, 36.8131774 ] ] ] } },
{ "type": "Feature", "properties": { "name": null, "building": "yes", "building:levels": null, "amenity": null, "cuisine": null, "shop": null, "osm_id": "way/1427613654" }, "geometry": { "type": "Polygon", "coordinates": [ [ [ -119.7579815, 36.8131763 ], [ -119.7577792, 36.8131729 ], [ -119.7577783, 36.8131522 ], [ -119.7573272, 36.8131488 ], [ -119.7573297, 36.8130872 ], [ -119.7579792, 36.8130898 ], [ -119.7579815, 36.8131763 ] ] ] } },
{ "type": "Feature", "properties": { "name": null, "building": "yes", "building:levels": null, "amenity": null, "cuisine": null, "shop": null, "osm_id": "way/1427613655" }, "geometry": { "type": "Polygon", "coordinates": [ [ [ -119.7550832, 36.8140706 ], [ -119.7550964, 36.8138813 ], [ -119.7548074, 36.813864 ], [ -119.7547955, 36.8140564 ], [ -119.7550832, 36.8140706 ] ] ] } },
{ "type": "Feature", "properties": { "name": null, "building": "yes", "building:levels": null, "amenity": null, "cuisine": null, "shop": null, "osm_id": "way/1427613656" }, "geometry": { "type": "Polygon", "coordinates": [ [ [ -119.7561969, 36.8133123 ], [ -119.7563983, 36.8132935 ], [ -119.7563983, 36.8128336 ], [ -119.7561396, 36.8128265 ], [ -119.7561969, 36.8133123 ] ] ] } },
{ "type": "Feature", "properties": { "name": null, "building": "yes", "building:levels": null, "amenity": null, "cuisine": null, "shop": null, "osm_id": "way/1427613657" }, "geometry": { "type": "Polygon", "coordinates": [ [ [ -119.7604308, 36.8139069 ], [ -119.7604285, 36.8138191 ], [ -119.7599113, 36.8138219 ], [ -119.7599101, 36.8139069 ], [ -119.7604308, 36.8139069 ] ] ] } },
{ "type": "Feature", "properties": { "name": null, "building": "yes", "building:levels": null, "amenity": null, "cuisine": null, "shop": null, "osm_id": "way/1427613658" }, "geometry": { "type": "Polygon", "coordinates": [ [ [ -119.7567896, 36.8153635 ], [ -119.7568499, 36.8153213 ], [ -119.7567804, 36.8152589 ], [ -119.756721, 36.8152998 ], [ -119.7567896, 36.8153635 ] ] ] } },
{ "type": "Feature", "properties": { "name": null, "building": "yes", "building:levels": null, "amenity": null, "cuisine": null, "shop": null, "osm_id": "way/1427613659" }, "geometry": { "type": "Polygon", "coordinates": [ [ [ -119.7569361, 36.8154727 ], [ -119.7569981, 36.8154238 ], [ -119.7569194, 36.8153575 ], [ -119.7568541, 36.8154057 ], [ -119.7569361, 36.8154727 ] ] ] } },
{ "type": "Feature", "properties": { "name": null, "building": "yes", "building:levels": null, "amenity": null, "cuisine": null, "shop": null, "osm_id": "way/1427614737" }, "geometry": { "type": "Polygon", "coordinates": [ [ [ -119.7531884, 36.808387 ], [ -119.7531873, 36.8084168 ], [ -119.753028, 36.8084159 ], [ -119.7530317, 36.8082872 ], [ -119.7532047, 36.8082884 ], [ -119.7532058, 36.8083867 ], [ -119.7531884, 36.808387 ] ] ] } },
{ "type": "Feature", "properties": { "name": null, "building": "yes", "building:levels": null, "amenity": null, "cuisine": null, "shop": null, "osm_id": "way/1427614738" }, "geometry": { "type": "Polygon", "coordinates": [ [ [ -119.7529879, 36.8084073 ], [ -119.752935, 36.8084077 ], [ -119.7529355, 36.8083914 ], [ -119.7528796, 36.8083898 ], [ -119.7528807, 36.8081615 ], [ -119.7529899, 36.808162 ], [ -119.7529879, 36.8084073 ] ] ] } },
{ "type": "Feature", "properties": { "name": null, "building": "yes", "building:levels": null, "amenity": null, "cuisine": null, "shop": null, "osm_id": "way/1427614739" }, "geometry": { "type": "Polygon", "coordinates": [ [ [ -119.7528507, 36.8084097 ], [ -119.7528532, 36.8081455 ], [ -119.7527125, 36.8081441 ], [ -119.7527109, 36.8082413 ], [ -119.7527079, 36.8084089 ], [ -119.7528507, 36.8084097 ] ] ] } },
{ "type": "Feature", "properties": { "name": null, "building": "yes", "building:levels": null, "amenity": null, "cuisine": null, "shop": null, "osm_id": "way/1427614740" }, "geometry": { "type": "Polygon", "coordinates": [ [ [ -119.7525229, 36.8084085 ], [ -119.7525239, 36.8082393 ], [ -119.7526637, 36.8082409 ], [ -119.7526632, 36.8084101 ], [ -119.7525229, 36.8084085 ] ] ] } },
{ "type": "Feature", "properties": { "name": null, "building": "yes", "building:levels": null, "amenity": null, "cuisine": null, "shop": null, "osm_id": "way/1427614741" }, "geometry": { "type": "Polygon", "coordinates": [ [ [ -119.7517584, 36.8084123 ], [ -119.751798, 36.8083787 ], [ -119.751801, 36.8082355 ], [ -119.7517572, 36.8082018 ], [ -119.7514745, 36.8082023 ], [ -119.7514721, 36.8084109 ], [ -119.7517584, 36.8084123 ] ] ] } },
{ "type": "Feature", "properties": { "name": null, "building": "yes", "building:levels": null, "amenity": null, "cuisine": null, "shop": null, "osm_id": "way/1427614742" }, "geometry": { "type": "Polygon", "coordinates": [ [ [ -119.7496029, 36.8083688 ], [ -119.7496029, 36.808216 ], [ -119.7492371, 36.8082133 ], [ -119.7492354, 36.8083695 ], [ -119.7496029, 36.8083688 ] ] ] } },
{ "type": "Feature", "properties": { "name": "Hyatt House", "building": "yes", "building:levels": null, "amenity": null, "cuisine": null, "shop": null, "osm_id": "way/1457844699" }, "geometry": { "type": "Polygon", "coordinates": [ [ [ -119.7348678, 36.8106648 ], [ -119.7354496, 36.8106721 ], [ -119.7354617, 36.8100586 ], [ -119.7349056, 36.8100516 ], [ -119.7348985, 36.8104066 ], [ -119.7352048, 36.8104105 ], [ -119.7352017, 36.8105672 ], [ -119.7348698, 36.810563 ], [ -119.7348678, 36.8106648 ] ] ] } },
{ "type": "Feature", "properties": { "name": null, "building": "commercial", "building:levels": null, "amenity": null, "cuisine": null, "shop": null, "osm_id": "way/1457848279" }, "geometry": { "type": "Polygon", "coordinates": [ [ [ -119.7359459, 36.8111396 ], [ -119.7356039, 36.8111332 ], [ -119.7356091, 36.8109587 ], [ -119.735951, 36.8109652 ], [ -119.7359459, 36.8111396 ] ] ] } }
]
}
