{
"type": "FeatureCollection",
"name": "walkways",
"crs": { "type": "name", "properties": { "name": "urn:ogc:def:crs:OGC:1.3:CRS84" } },
"features": [
{ "type": "Feature", "properties": { "name": null, "highway": "footway", "footway": "sidewalk", "osm_id": "way/355812906" }, "geometry": { "type": "LineString", "coordinates": [ [ -119.7488949, 36.8140344 ], [ -119.7488952, 36.8139895 ], [ -119.7488957, 36.813792 ], [ -119.7488969, 36.81368 ], [ -119.7488984, 36.8135566 ], [ -119.748898, 36.8132897 ], [ -119.7488957, 36.8130608 ], [ -119.7488897, 36.813021 ], [ -119.7488861, 36.8129788 ], [ -119.7488839, 36.812954 ], [ -119.7488822, 36.8128062 ], [ -119.7488806, 36.8126627 ], [ -119.74888, 36.8125827 ], [ -119.7488798, 36.8125484 ], [ -119.7488777, 36.812254 ], [ -119.7488763, 36.8120903 ], [ -119.7488762, 36.8120414 ], [ -119.7488766, 36.8119341 ], [ -119.7488774, 36.8117955 ], [ -119.7488786, 36.8116903 ], [ -119.7488828, 36.811188 ] ] } },
{ "type": "Feature", "properties": { "name": "San Bruno Avenue", "highway": "footway", "footway": "sidewalk", "osm_id": "way/359413267" }, "geometry": { "type": "LineString", "coordinates": [ [ -119.7540326, 36.8126809 ], [ -119.7531634, 36.8126818 ], [ -119.7523675, 36.8128546 ], [ -119.7519763, 36.8128893 ], [ -119.7516568, 36.8129906 ] ] } },
{ "type": "Feature", "properties": { "name": null, "highway": "footway", "footway": "sidewalk", "osm_id": "way/364968922" }, "geometry": { "type": "LineString", "coordinates": [ [ -119.7470151, 36.814068 ], [ -119.7471733, 36.8140678 ], [ -119.747305, 36.8140639 ], [ -119.747334, 36.8140656 ], [ -119.7474415, 36.814072 ], [ -119.7476627, 36.814085 ], [ -119.7478578, 36.8140841 ], [ -119.7479486, 36.8140783 ], [ -119.7480438, 36.8140726 ], [ -119.7481937, 36.8140568 ], [ -119.7483284, 36.8140508 ], [ -119.7484458, 36.8140517 ], [ -119.7485531, 36.8140541 ], [ -119.7486538, 36.8140655 ], [ -119.748825, 36.8140818 ] ] } },
{ "type": "Feature", "properties": { "name": null, "highway": "footway", "footway": null, "osm_id": "way/469235006" }, "geometry": { "type": "LineString", "coordinates": [ [ -119.7532349, 36.8304303 ], [ -119.7532382, 36.8304739 ], [ -119.753367, 36.830503 ], [ -119.7533703, 36.8306946 ], [ -119.7530929, 36.8306985 ] ] } },
{ "type": "Feature", "properties": { "name": null, "highway": "footway", "footway": null, "osm_id": "way/469235007" }, "geometry": { "type": "LineString", "coordinates": [ [ -119.7533703, 36.8306946 ], [ -119.7534958, 36.8307448 ], [ -119.7536312, 36.8307157 ], [ -119.7536213, 36.8306364 ], [ -119.7536266, 36.8306214 ], [ -119.7536405, 36.8305825 ], [ -119.7536444, 36.8305717 ], [ -119.7536396, 36.8305435 ], [ -119.7536345, 36.8305135 ], [ -119.7536378, 36.8304633 ], [ -119.7536642, 36.8304369 ], [ -119.753717, 36.8304303 ], [ -119.7537533, 36.8304633 ], [ -119.7537599, 36.8305162 ], [ -119.7537565, 36.8305285 ], [ -119.7537533, 36.83054 ], [ -119.7537732, 36.8305743 ], [ -119.7537902, 36.8305798 ], [ -119.7538392, 36.8305955 ], [ -119.7538524, 36.8306325 ], [ -119.7538524, 36.8306655 ], [ -119.7538161, 36.8306972 ], [ -119.7537798, 36.8307289 ], [ -119.7537368, 36.8307554 ], [ -119.7536807, 36.8307395 ], [ -119.7536312, 36.8307157 ] ] } },
{ "type": "Feature", "properties": { "name": null, "highway": "footway", "footway": null, "osm_id": "way/469235008" }, "geometry": { "type": "LineString", "coordinates": [ [ -119.7537565, 36.8305285 ], [ -119.7536396, 36.8305435 ] ] } },
{ "type": "Feature", "properties": { "name": null, "highway": "footway", "footway": null, "osm_id": "way/469235009" }, "geometry": { "type": "LineString", "coordinates": [ [ -119.7537732, 36.8305743 ], [ -119.7537127, 36.830578 ], [ -119.7536405, 36.8305825 ] ] } },
{ "type": "Feature", "properties": { "name": null, "highway": "footway", "footway": null, "osm_id": "way/469235014" }, "geometry": { "type": "LineString", "coordinates": [ [ -119.7534958, 36.8307448 ], [ -119.7535156, 36.8308928 ] ] } },
{ "type": "Feature", "properties": { "name": null, "highway": "footway", "footway": "sidewalk", "osm_id": "way/557067422" }, "geometry": { "type": "LineString", "coordinates": [ [ -119.7453767, 36.8103822 ], [ -119.7454229, 36.8104177 ], [ -119.7454529, 36.8104632 ], [ -119.7454636, 36.8105139 ], [ -119.7454538, 36.8105649 ], [ -119.7454243, 36.8106109 ], [ -119.7453782, 36.8106472 ], [ -119.7453495, 36.8106607 ], [ -119.7453271, 36.8106681 ], [ -119.7452617, 36.8106769 ], [ -119.7452065, 36.8106707 ], [ -119.7451601, 36.810655 ], [ -119.7451325, 36.8106395 ], [ -119.7450879, 36.8105977 ], [ -119.7450634, 36.8105464 ], [ -119.7450617, 36.8104916 ], [ -119.745083, 36.8104396 ], [ -119.7451245, 36.8103963 ], [ -119.7451515, 36.8103795 ], [ -119.7451464, 36.8102314 ], [ -119.745146, 36.8101545 ] ] } },
{ "type": "Feature", "properties": { "name": null, "highway": "footway", "footway": "sidewalk", "osm_id": "way/557067424" }, "geometry": { "type": "LineString", "coordinates": [ [ -119.7453767, 36.8103822 ], [ -119.74537, 36.8102317 ], [ -119.745371, 36.810177 ], [ -119.7453851, 36.8101613 ] ] } },
{ "type": "Feature", "properties": { "name": null, "highway": "footway", "footway": "crossing", "osm_id": "way/557067426" }, "geometry": { "type": "LineString", "coordinates": [ [ -119.7453689, 36.8101547 ], [ -119.7452605, 36.8101546 ], [ -119.745146, 36.8101545 ] ] } },
{ "type": "Feature", "properties": { "name": null, "highway": "footway", "footway": "crossing", "osm_id": "way/557067429" }, "geometry": { "type": "LineString", "coordinates": [ [ -119.7453689, 36.8101547 ], [ -119.745369, 36.8100946 ], [ -119.7453691, 36.8100283 ] ] } },
{ "type": "Feature", "properties": { "name": null, "highway": "footway", "footway": "crossing", "osm_id": "way/557067432" }, "geometry": { "type": "LineString", "coordinates": [ [ -119.745146, 36.8101545 ], [ -119.7451443, 36.8100942 ], [ -119.7451439, 36.8100233 ] ] } },
{ "type": "Feature", "properties": { "name": null, "highway": "footway", "footway": "crossing", "osm_id": "way/557067434" }, "geometry": { "type": "LineString", "coordinates": [ [ -119.7453691, 36.8100283 ], [ -119.7452594, 36.8100252 ], [ -119.7451439, 36.8100233 ] ] } },
{ "type": "Feature", "properties": { "name": null, "highway": "footway", "footway": null, "osm_id": "way/557067437" }, "geometry": { "type": "LineString", "coordinates": [ [ -119.74537, 36.8102317 ], [ -119.7453941, 36.8102297 ], [ -119.7454192, 36.8102267 ], [ -119.7454467, 36.8102187 ], [ -119.7454667, 36.8102107 ], [ -119.7454767, 36.8101936 ], [ -119.7454842, 36.8101686 ], [ -119.7454842, 36.8101405 ] ] } },
{ "type": "Feature", "properties": { "name": null, "highway": "footway", "footway": null, "osm_id": "way/557067439" }, "geometry": { "type": "LineString", "coordinates": [ [ -119.7454667, 36.8102107 ], [ -119.745843, 36.8105186 ], [ -119.7458621, 36.8105342 ], [ -119.7458996, 36.8105433 ], [ -119.7459522, 36.8105473 ], [ -119.7460098, 36.8105433 ], [ -119.7460498, 36.8105332 ], [ -119.7460823, 36.8105062 ], [ -119.7461174, 36.8104701 ], [ -119.7461349, 36.8104361 ], [ -119.7461499, 36.810403 ], [ -119.7461774, 36.8103359 ], [ -119.746195, 36.8102778 ], [ -119.7462, 36.8102187 ], [ -119.7461925, 36.8101656 ], [ -119.7461724, 36.8101425 ] ] } },
{ "type": "Feature", "properties": { "name": null, "highway": "footway", "footway": "sidewalk", "osm_id": "way/557067440" }, "geometry": { "type": "LineString", "coordinates": [ [ -119.7453851, 36.8101613 ], [ -119.7453969, 36.8101491 ], [ -119.7454196, 36.8101409 ], [ -119.7454842, 36.8101405 ], [ -119.7461724, 36.8101425 ], [ -119.7466529, 36.8101445 ] ] } },
{ "type": "Feature", "properties": { "name": null, "highway": "footway", "footway": "crossing", "osm_id": "way/557067441" }, "geometry": { "type": "LineString", "coordinates": [ [ -119.7466529, 36.8101445 ], [ -119.7466659, 36.8101446 ], [ -119.7467104, 36.810145 ], [ -119.7467756, 36.8101455 ] ] } },
{ "type": "Feature", "properties": { "name": null, "highway": "footway", "footway": "sidewalk", "osm_id": "way/557067442" }, "geometry": { "type": "LineString", "coordinates": [ [ -119.7467756, 36.8101455 ], [ -119.7468081, 36.8101485 ], [ -119.7468431, 36.8101646 ], [ -119.7468782, 36.8101926 ], [ -119.7468907, 36.8102087 ], [ -119.7470183, 36.8101886 ], [ -119.7471459, 36.8101746 ], [ -119.747555, 36.810177 ], [ -119.7476571, 36.8101776 ], [ -119.7480498, 36.81018 ], [ -119.7481495, 36.8101806 ] ] } },
{ "type": "Feature", "properties": { "name": null, "highway": "footway", "footway": "crossing", "osm_id": "way/557067443" }, "geometry": { "type": "LineString", "coordinates": [ [ -119.7481495, 36.8101806 ], [ -119.74819, 36.810181 ], [ -119.7482421, 36.8101816 ] ] } },
{ "type": "Feature", "properties": { "name": null, "highway": "footway", "footway": "sidewalk", "osm_id": "way/557067444" }, "geometry": { "type": "LineString", "coordinates": [ [ -119.7482421, 36.8101816 ], [ -119.7487601, 36.8101799 ], [ -119.7487822, 36.8101798 ], [ -119.7488452, 36.8101796 ] ] } },
{ "type": "Feature", "properties": { "name": null, "highway": "footway", "footway": "crossing", "osm_id": "way/557067445" }, "geometry": { "type": "LineString", "coordinates": [ [ -119.7488452, 36.8101796 ], [ -119.7489096, 36.8101703 ], [ -119.7489903, 36.8101586 ] ] } },
{ "type": "Feature", "properties": { "name": null, "highway": "footway", "footway": "crossing", "osm_id": "way/557067446" }, "geometry": { "type": "LineString", "coordinates": [ [ -119.7487601, 36.8101799 ], [ -119.7487616, 36.8101083 ], [ -119.7487626, 36.8100594 ] ] } },
{ "type": "Feature", "properties": { "name": null, "highway": "footway", "footway": "crossing", "osm_id": "way/557067448" }, "geometry": { "type": "LineString", "coordinates": [ [ -119.7489903, 36.8101586 ], [ -119.7489895, 36.8101092 ], [ -119.7489878, 36.8100043 ] ] } },
{ "type": "Feature", "properties": { "name": null, "highway": "footway", "footway": "crossing", "osm_id": "way/557067450" }, "geometry": { "type": "LineString", "coordinates": [ [ -119.7489878, 36.8100043 ], [ -119.7489478, 36.8100041 ], [ -119.7488974, 36.8100039 ], [ -119.7487676, 36.8100033 ] ] } },
{ "type": "Feature", "properties": { "name": null, "highway": "footway", "footway": "sidewalk", "osm_id": "way/557067451" }, "geometry": { "type": "LineString", "coordinates": [ [ -119.7487626, 36.8100594 ], [ -119.7487676, 36.8100033 ], [ -119.748769, 36.8097517 ], [ -119.7487726, 36.8093701 ], [ -119.7487826, 36.809317 ], [ -119.7487701, 36.8092369 ], [ -119.7487426, 36.8091988 ], [ -119.7487476, 36.8091507 ], [ -119.7487676, 36.8091026 ], [ -119.7487701, 36.8090769 ], [ -119.7487726, 36.8090616 ], [ -119.7487751, 36.8090055 ], [ -119.7488177, 36.8089624 ], [ -119.7488978, 36.8089293 ], [ -119.7489803, 36.8089143 ], [ -119.7495534, 36.8089063 ], [ -119.7495584, 36.80877 ] ] } },
{ "type": "Feature", "properties": { "name": null, "highway": "footway", "footway": "crossing", "osm_id": "way/557067452" }, "geometry": { "type": "LineString", "coordinates": [ [ -119.7495534, 36.8089063 ], [ -119.7495542, 36.8089661 ], [ -119.7495534, 36.8090155 ] ] } },
{ "type": "Feature", "properties": { "name": null, "highway": "footway", "footway": "sidewalk", "osm_id": "way/557067453" }, "geometry": { "type": "LineString", "coordinates": [ [ -119.7495534, 36.8090155 ], [ -119.7495709, 36.8090596 ], [ -119.749656, 36.8090656 ], [ -119.749656, 36.8091537 ] ] } },
{ "type": "Feature", "properties": { "name": null, "highway": "footway", "footway": "crossing", "osm_id": "way/557067454" }, "geometry": { "type": "LineString", "coordinates": [ [ -119.749656, 36.8091537 ], [ -119.7496585, 36.8092083 ], [ -119.749661, 36.8092609 ] ] } },
{ "type": "Feature", "properties": { "name": null, "highway": "footway", "footway": "sidewalk", "osm_id": "way/557067455" }, "geometry": { "type": "LineString", "coordinates": [ [ -119.749661, 36.8092609 ], [ -119.7496611, 36.8092972 ], [ -119.7496621, 36.8096757 ], [ -119.7496634, 36.8100053 ], [ -119.7496635, 36.8100474 ] ] } },
{ "type": "Feature", "properties": { "name": null, "highway": "footway", "footway": "sidewalk", "osm_id": "way/557067456" }, "geometry": { "type": "LineString", "coordinates": [ [ -119.7489878, 36.8100043 ], [ -119.7490786, 36.8100044 ], [ -119.7492106, 36.8100046 ], [ -119.7493543, 36.8100048 ], [ -119.7494949, 36.810005 ], [ -119.7496634, 36.8100053 ] ] } },
{ "type": "Feature", "properties": { "name": null, "highway": "footway", "footway": "sidewalk", "osm_id": "way/557067457" }, "geometry": { "type": "LineString", "coordinates": [ [ -119.7489478, 36.8100041 ], [ -119.7489292, 36.8098167 ], [ -119.748922, 36.8097401 ], [ -119.748909, 36.8096036 ], [ -119.748902, 36.8095296 ], [ -119.7488927, 36.8094322 ], [ -119.7488802, 36.809298 ] ] } },
{ "type": "Feature", "properties": { "name": null, "highway": "footway", "footway": "crossing", "osm_id": "way/557067458" }, "geometry": { "type": "LineString", "coordinates": [ [ -119.7496635, 36.8100474 ], [ -119.7497219, 36.8100483 ], [ -119.7497937, 36.8100494 ] ] } },
{ "type": "Feature", "properties": { "name": null, "highway": "footway", "footway": "crossing", "osm_id": "way/557067459" }, "geometry": { "type": "LineString", "coordinates": [ [ -119.7496635, 36.8100474 ], [ -119.7496635, 36.810112 ], [ -119.7496635, 36.8101596 ] ] } },
{ "type": "Feature", "properties": { "name": null, "highway": "footway", "footway": "crossing", "osm_id": "way/557067460" }, "geometry": { "type": "LineString", "coordinates": [ [ -119.7496635, 36.8101596 ], [ -119.7497338, 36.8101596 ], [ -119.7497962, 36.8101596 ] ] } },
{ "type": "Feature", "properties": { "name": null, "highway": "footway", "footway": "sidewalk", "osm_id": "way/557067461" }, "geometry": { "type": "LineString", "coordinates": [ [ -119.749989, 36.8098059 ], [ -119.7499313, 36.809874 ], [ -119.7498963, 36.8099111 ], [ -119.7498612, 36.8099432 ], [ -119.7497962, 36.8099913 ], [ -119.7497937, 36.8100494 ], [ -119.7497962, 36.8101596 ], [ -119.7497962, 36.8103199 ], [ -119.7498122, 36.8103672 ], [ -119.7498287, 36.810416 ], [ -119.7498612, 36.8105302 ], [ -119.7498688, 36.8109831 ], [ -119.7499275, 36.8110294 ], [ -119.7500414, 36.8111298 ], [ -119.750157, 36.8112133 ], [ -119.7501864, 36.8112398 ], [ -119.7501957, 36.8112528 ], [ -119.7501981, 36.811262 ], [ -119.7501955, 36.81127 ], [ -119.7501913, 36.8112749 ], [ -119.750167, 36.8112895 ], [ -119.7502058, 36.8113361 ], [ -119.7502416, 36.8113828 ], [ -119.7504414, 36.8116571 ], [ -119.7506195, 36.8119047 ], [ -119.7507, 36.8120652 ], [ -119.7507296, 36.8121241 ], [ -119.7507631, 36.8122047 ], [ -119.7508153, 36.8123416 ], [ -119.7508421, 36.8124042 ], [ -119.7508457, 36.8124447 ], [ -119.7508804, 36.8125746 ], [ -119.7508963, 36.8126513 ], [ -119.7509083, 36.8127173 ], [ -119.7509174, 36.8128355 ], [ -119.7509212, 36.8129611 ] ] } },
{ "type": "Feature", "properties": { "name": null, "highway": "footway", "footway": null, "osm_id": "way/557067462" }, "geometry": { "type": "LineString", "coordinates": [ [ -119.7425904, 36.8122418 ], [ -119.7433139, 36.8122449 ], [ -119.7439984, 36.8122479 ], [ -119.7440107, 36.8122479 ], [ -119.7441896, 36.8123452 ], [ -119.7442171, 36.8123602 ], [ -119.7442763, 36.8123834 ], [ -119.7443589, 36.8124021 ], [ -119.744439, 36.8124044 ], [ -119.7445191, 36.8123996 ], [ -119.7446237, 36.8123851 ], [ -119.7447194, 36.8123663 ], [ -119.744797, 36.8123406 ], [ -119.744871, 36.8123079 ], [ -119.7451286, 36.8123083 ], [ -119.7451322, 36.812037 ], [ -119.7450891, 36.812116 ], [ -119.7450336, 36.812185 ], [ -119.7449566, 36.8122492 ], [ -119.744871, 36.8123079 ] ] } },
{ "type": "Feature", "properties": { "name": null, "highway": "footway", "footway": null, "osm_id": "way/557067463" }, "geometry": { "type": "LineString", "coordinates": [ [ -119.7451322, 36.812037 ], [ -119.7451421, 36.8119056 ], [ -119.7450798, 36.811852 ], [ -119.7450459, 36.8117978 ], [ -119.7450326, 36.8117559 ], [ -119.7450437, 36.8117245 ], [ -119.7450589, 36.8116764 ], [ -119.7450693, 36.8116411 ], [ -119.7450682, 36.8116087 ], [ -119.7450565, 36.8115834 ], [ -119.7450352, 36.8115537 ], [ -119.7450125, 36.8115287 ], [ -119.744985, 36.8115042 ], [ -119.7449429, 36.8114756 ], [ -119.7448806, 36.8114456 ], [ -119.7448122, 36.8114214 ], [ -119.7447101, 36.8114055 ], [ -119.7446115, 36.8114006 ], [ -119.7441856, 36.8113984 ], [ -119.7438717, 36.8113967 ], [ -119.7425965, 36.81139 ], [ -119.7425133, 36.8113895 ] ] } },
{ "type": "Feature", "properties": { "name": null, "highway": "footway", "footway": "sidewalk", "osm_id": "way/557067464" }, "geometry": { "type": "LineString", "coordinates": [ [ -119.7425904, 36.8122418 ], [ -119.7425915, 36.8120083 ], [ -119.7425965, 36.81139 ] ] } },
{ "type": "Feature", "properties": { "name": null, "highway": "footway", "footway": "sidewalk", "osm_id": "way/557067465" }, "geometry": { "type": "LineString", "coordinates": [ [ -119.7425904, 36.8122418 ], [ -119.7425827, 36.8126063 ], [ -119.7425793, 36.8127791 ], [ -119.7425799, 36.8127928 ], [ -119.742578, 36.8128905 ], [ -119.7426273, 36.8129694 ], [ -119.7426273, 36.8131939 ], [ -119.7425873, 36.8132556 ], [ -119.7425827, 36.8138027 ], [ -119.7425825, 36.8138236 ], [ -119.7425811, 36.813998 ] ] } },
{ "type": "Feature", "properties": { "name": null, "highway": "footway", "footway": null, "osm_id": "way/557067466" }, "geometry": { "type": "LineString", "coordinates": [ [ -119.7425873, 36.8132556 ], [ -119.7426982, 36.8132753 ], [ -119.7427767, 36.813285 ], [ -119.7428646, 36.8132926 ], [ -119.7429445, 36.813297 ], [ -119.7430217, 36.813295 ], [ -119.7431018, 36.8132891 ], [ -119.7431819, 36.8132778 ], [ -119.7432139, 36.8132741 ], [ -119.743262, 36.8132692 ], [ -119.7433101, 36.8132699 ], [ -119.7433598, 36.813277 ], [ -119.743413, 36.8132827 ], [ -119.7434774, 36.8132801 ], [ -119.7435319, 36.813274 ], [ -119.7435768, 36.8132646 ], [ -119.7436147, 36.8132595 ], [ -119.74387, 36.813257 ], [ -119.7438914, 36.8132927 ], [ -119.7439283, 36.8133147 ], [ -119.743966, 36.8133339 ], [ -119.7440099, 36.8133407 ], [ -119.7440573, 36.8133336 ], [ -119.7440954, 36.8133117 ], [ -119.7441328, 36.813287 ], [ -119.7441517, 36.8132574 ], [ -119.7444236, 36.8132987 ], [ -119.74463, 36.813316 ], [ -119.7447594, 36.8132972 ], [ -119.7448334, 36.8132864 ], [ -119.7449102, 36.8132488 ], [ -119.745009, 36.813184 ], [ -119.7451415, 36.8130632 ], [ -119.7451572, 36.812309 ], [ -119.7451286, 36.8123083 ] ] } },
{ "type": "Feature", "properties": { "name": null, "highway": "footway", "footway": "sidewalk", "osm_id": "way/557067467" }, "geometry": { "type": "LineString", "coordinates": [ [ -119.7441517, 36.8132574 ], [ -119.7441486, 36.8131809 ], [ -119.7440015, 36.8130311 ], [ -119.7438682, 36.813181 ], [ -119.74387, 36.813257 ] ] } },
{ "type": "Feature", "properties": { "name": null, "highway": "footway", "footway": null, "osm_id": "way/557067468" }, "geometry": { "type": "LineString", "coordinates": [ [ -119.7440015, 36.8130311 ], [ -119.7439993, 36.8124921 ], [ -119.7439984, 36.8122479 ] ] } },
{ "type": "Feature", "properties": { "name": null, "highway": "footway", "footway": null, "osm_id": "way/557067469" }, "geometry": { "type": "LineString", "coordinates": [ [ -119.7441896, 36.8123452 ], [ -119.7439993, 36.8124921 ] ] } },
{ "type": "Feature", "properties": { "name": null, "highway": "footway", "footway": null, "osm_id": "way/557067471" }, "geometry": { "type": "LineString", "coordinates": [ [ -119.7451415, 36.8130632 ], [ -119.7451969, 36.8130866 ], [ -119.7452801, 36.8130866 ], [ -119.7453479, 36.8130619 ], [ -119.7453508, 36.8127019 ], [ -119.7453551, 36.812312 ], [ -119.7451572, 36.812309 ] ] } },
{ "type": "Feature", "properties": { "name": null, "highway": "footway", "footway": null, "osm_id": "way/557067472" }, "geometry": { "type": "LineString", "coordinates": [ [ -119.7453551, 36.812312 ], [ -119.7453588, 36.8121912 ], [ -119.7453641, 36.811812 ], [ -119.7453715, 36.8114004 ], [ -119.7453689, 36.8110241 ], [ -119.7453702, 36.8109363 ], [ -119.745374, 36.8106887 ], [ -119.7453495, 36.8106607 ] ] } },
{ "type": "Feature", "properties": { "name": null, "highway": "footway", "footway": null, "osm_id": "way/557067475" }, "geometry": { "type": "LineString", "coordinates": [ [ -119.7451601, 36.810655 ], [ -119.7451542, 36.8106853 ], [ -119.7451515, 36.8108378 ], [ -119.7451498, 36.8109333 ], [ -119.745148, 36.8110402 ], [ -119.7451463, 36.8111341 ], [ -119.7451416, 36.8114012 ], [ -119.7451378, 36.8116163 ], [ -119.7450693, 36.8116411 ] ] } },
{ "type": "Feature", "properties": { "name": null, "highway": "footway", "footway": null, "osm_id": "way/557162240" }, "geometry": { "type": "LineString", "coordinates": [ [ -119.7432139, 36.8132741 ], [ -119.74317, 36.8132975 ], [ -119.7431289, 36.8133231 ], [ -119.7430908, 36.8133541 ], [ -119.7430554, 36.8133903 ], [ -119.7430304, 36.8134264 ], [ -119.7430095, 36.8134657 ], [ -119.742988, 36.8135233 ], [ -119.7429629, 36.813582 ], [ -119.7429332, 36.8136278 ], [ -119.7429048, 36.8136649 ], [ -119.7428482, 36.8137148 ], [ -119.7428038, 36.81375 ], [ -119.7427594, 36.8137754 ], [ -119.7425827, 36.8138027 ] ] } },
{ "type": "Feature", "properties": { "name": null, "highway": "footway", "footway": null, "osm_id": "way/557162241" }, "geometry": { "type": "LineString", "coordinates": [ [ -119.7427594, 36.8137754 ], [ -119.7428145, 36.8137775 ], [ -119.7428618, 36.8137845 ], [ -119.7429339, 36.8138061 ], [ -119.7429753, 36.8138249 ], [ -119.7430253, 36.8138529 ], [ -119.7430752, 36.8138908 ], [ -119.7431159, 36.8139212 ], [ -119.7431609, 36.8139409 ], [ -119.7432173, 36.8139575 ], [ -119.7432752, 36.8139667 ], [ -119.7433393, 36.8139732 ], [ -119.7434072, 36.8139729 ], [ -119.7434646, 36.8139653 ], [ -119.7435142, 36.8139516 ], [ -119.74357, 36.8139362 ], [ -119.7436243, 36.8139146 ], [ -119.7437115, 36.8138665 ], [ -119.7438215, 36.8138453 ], [ -119.7438852, 36.8138416 ], [ -119.7439504, 36.8138453 ], [ -119.744007, 36.8138592 ], [ -119.7440589, 36.8138792 ], [ -119.7441062, 36.8139158 ], [ -119.7441627, 36.8139486 ], [ -119.744226, 36.813972 ], [ -119.7442955, 36.8139923 ], [ -119.7444483, 36.8140143 ], [ -119.7445141, 36.8140159 ], [ -119.744629, 36.814014 ], [ -119.7447324, 36.8139909 ], [ -119.7450113, 36.8139923 ], [ -119.7451741, 36.8140192 ] ] } },
{ "type": "Feature", "properties": { "name": null, "highway": "footway", "footway": null, "osm_id": "way/557162245" }, "geometry": { "type": "LineString", "coordinates": [ [ -119.7452801, 36.8130866 ], [ -119.7455226, 36.8130875 ], [ -119.7459229, 36.8130891 ], [ -119.7459253, 36.8136266 ], [ -119.7461379, 36.8136271 ] ] } },
{ "type": "Feature", "properties": { "name": null, "highway": "footway", "footway": null, "osm_id": "way/557162246" }, "geometry": { "type": "LineString", "coordinates": [ [ -119.7459253, 36.8136266 ], [ -119.7454564, 36.8136303 ], [ -119.7454022, 36.8136304 ], [ -119.7451453, 36.8136327 ] ] } },
{ "type": "Feature", "properties": { "name": null, "highway": "footway", "footway": null, "osm_id": "way/557162247" }, "geometry": { "type": "LineString", "coordinates": [ [ -119.7459229, 36.8130891 ], [ -119.7459251, 36.8127064 ], [ -119.7459274, 36.8123116 ], [ -119.7459281, 36.8121932 ], [ -119.7459297, 36.8119103 ], [ -119.7459298, 36.8118941 ], [ -119.7459303, 36.8118169 ], [ -119.7459343, 36.8111288 ], [ -119.7458774, 36.8111151 ], [ -119.7458243, 36.8110863 ], [ -119.7457863, 36.8110362 ], [ -119.7457826, 36.8110013 ], [ -119.7457901, 36.8109648 ], [ -119.7458205, 36.8109193 ], [ -119.7458409, 36.8109087 ], [ -119.7458736, 36.8108919 ], [ -119.7459343, 36.8108798 ] ] } },
{ "type": "Feature", "properties": { "name": null, "highway": "footway", "footway": null, "osm_id": "way/557162248" }, "geometry": { "type": "LineString", "coordinates": [ [ -119.745843, 36.8105186 ], [ -119.7458382, 36.8106874 ], [ -119.7458409, 36.8109087 ] ] } },
{ "type": "Feature", "properties": { "name": null, "highway": "footway", "footway": null, "osm_id": "way/557162250" }, "geometry": { "type": "LineString", "coordinates": [ [ -119.7453689, 36.8110241 ], [ -119.7452982, 36.8110424 ], [ -119.745148, 36.8110402 ] ] } },
{ "type": "Feature", "properties": { "name": null, "highway": "footway", "footway": null, "osm_id": "way/557162251" }, "geometry": { "type": "LineString", "coordinates": [ [ -119.7459298, 36.8118941 ], [ -119.7458797, 36.8118142 ], [ -119.7457671, 36.8116346 ], [ -119.7454043, 36.8110531 ], [ -119.7453689, 36.8110241 ] ] } },
{ "type": "Feature", "properties": { "name": null, "highway": "footway", "footway": null, "osm_id": "way/557162252" }, "geometry": { "type": "LineString", "coordinates": [ [ -119.7457826, 36.8110013 ], [ -119.745457, 36.811002 ], [ -119.7453689, 36.8110241 ] ] } },
{ "type": "Feature", "properties": { "name": null, "highway": "footway", "footway": null, "osm_id": "way/557162253" }, "geometry": { "type": "LineString", "coordinates": [ [ -119.7451601, 36.810655 ], [ -119.7450268, 36.8106542 ], [ -119.7449012, 36.8106811 ], [ -119.744637, 36.810678 ], [ -119.7444321, 36.8106756 ], [ -119.7442221, 36.8106746 ], [ -119.7441731, 36.8106843 ], [ -119.7441214, 36.810684 ] ] } },
{ "type": "Feature", "properties": { "name": null, "highway": "footway", "footway": "sidewalk", "osm_id": "way/557162254" }, "geometry": { "type": "LineString", "coordinates": [ [ -119.7451464, 36.8102314 ], [ -119.7450049, 36.8102329 ], [ -119.7448608, 36.8102208 ], [ -119.7447167, 36.8101919 ], [ -119.7446775, 36.8101811 ], [ -119.7445346, 36.8101418 ], [ -119.7445118, 36.8101023 ], [ -119.7442577, 36.80999 ], [ -119.7440604, 36.8099186 ], [ -119.7440116, 36.8099034 ], [ -119.7438746, 36.8098609 ], [ -119.743719, 36.8098199 ], [ -119.7435332, 36.8097804 ], [ -119.7433625, 36.8097516 ], [ -119.7432752, 36.8097637 ], [ -119.7430628, 36.8097485 ], [ -119.7429882, 36.8097469 ], [ -119.7428466, 36.809744 ], [ -119.7424976, 36.8097728 ], [ -119.7424946, 36.8099844 ], [ -119.7424938, 36.8101106 ], [ -119.7424938, 36.8102435 ], [ -119.7423383, 36.8102435 ], [ -119.7423383, 36.810324 ], [ -119.7423383, 36.8103362 ], [ -119.742308, 36.8103635 ], [ -119.7423156, 36.8107264 ] ] } },
{ "type": "Feature", "properties": { "name": null, "highway": "footway", "footway": null, "osm_id": "way/557162255" }, "geometry": { "type": "LineString", "coordinates": [ [ -119.7444321, 36.8106756 ], [ -119.7444701, 36.8106292 ], [ -119.7445346, 36.8105351 ], [ -119.7445763, 36.8104409 ], [ -119.7445788, 36.8104125 ], [ -119.7445839, 36.8103286 ], [ -119.7445694, 36.8102612 ], [ -119.7445649, 36.8102405 ], [ -119.7445232, 36.8101661 ], [ -119.7445346, 36.8101418 ] ] } },
{ "type": "Feature", "properties": { "name": null, "highway": "footway", "footway": "sidewalk", "osm_id": "way/557162256" }, "geometry": { "type": "LineString", "coordinates": [ [ -119.7445694, 36.8102612 ], [ -119.7446775, 36.8101811 ] ] } },
{ "type": "Feature", "properties": { "name": null, "highway": "footway", "footway": null, "osm_id": "way/557162257" }, "geometry": { "type": "LineString", "coordinates": [ [ -119.744637, 36.810678 ], [ -119.7445346, 36.8105351 ] ] } },
{ "type": "Feature", "properties": { "name": null, "highway": "footway", "footway": "crossing", "osm_id": "way/557162258" }, "geometry": { "type": "LineString", "coordinates": [ [ -119.7421594, 36.8107268 ], [ -119.7422585, 36.8107266 ], [ -119.7423156, 36.8107264 ], [ -119.7423165, 36.8107975 ], [ -119.7423156, 36.8108722 ], [ -119.7422572, 36.8108735 ], [ -119.7421921, 36.8108738 ] ] } },
{ "type": "Feature", "properties": { "name": null, "highway": "footway", "footway": "sidewalk", "osm_id": "way/557162259" }, "geometry": { "type": "LineString", "coordinates": [ [ -119.7423156, 36.8108722 ], [ -119.7423156, 36.8110134 ] ] } },
{ "type": "Feature", "properties": { "name": null, "highway": "footway", "footway": "crossing", "osm_id": "way/557162260" }, "geometry": { "type": "LineString", "coordinates": [ [ -119.7423156, 36.8110134 ], [ -119.7423213, 36.8110619 ], [ -119.7423269, 36.8111091 ] ] } },
{ "type": "Feature", "properties": { "name": null, "highway": "footway", "footway": "sidewalk", "osm_id": "way/557162261" }, "geometry": { "type": "LineString", "coordinates": [ [ -119.7423269, 36.8111091 ], [ -119.7423687, 36.8112062 ] ] } },
{ "type": "Feature", "properties": { "name": null, "highway": "footway", "footway": "crossing", "osm_id": "way/557162262" }, "geometry": { "type": "LineString", "coordinates": [ [ -119.7423687, 36.8112062 ], [ -119.742393, 36.8112398 ], [ -119.7424256, 36.8112852 ] ] } },
{ "type": "Feature", "properties": { "name": null, "highway": "footway", "footway": "sidewalk", "osm_id": "way/557162263" }, "geometry": { "type": "LineString", "coordinates": [ [ -119.7425133, 36.8113895 ], [ -119.7424256, 36.8112852 ] ] } },
{ "type": "Feature", "properties": { "name": null, "highway": "footway", "footway": null, "osm_id": "way/557162264" }, "geometry": { "type": "LineString", "coordinates": [ [ -119.7457671, 36.8116346 ], [ -119.7456157, 36.8115175 ], [ -119.7455442, 36.8114683 ], [ -119.7454711, 36.811424 ], [ -119.7454221, 36.8114073 ], [ -119.7453715, 36.8114004 ] ] } },
{ "type": "Feature", "properties": { "name": null, "highway": "footway", "footway": null, "osm_id": "way/557162265" }, "geometry": { "type": "LineString", "coordinates": [ [ -119.7453715, 36.8114004 ], [ -119.7451416, 36.8114012 ] ] } },
{ "type": "Feature", "properties": { "name": null, "highway": "footway", "footway": null, "osm_id": "way/557162266" }, "geometry": { "type": "LineString", "coordinates": [ [ -119.7458797, 36.8118142 ], [ -119.7453641, 36.811812 ] ] } },
{ "type": "Feature", "properties": { "name": null, "highway": "footway", "footway": null, "osm_id": "way/557162267" }, "geometry": { "type": "LineString", "coordinates": [ [ -119.7453588, 36.8121912 ], [ -119.7459281, 36.8121932 ], [ -119.7461435, 36.8121932 ], [ -119.7461922, 36.8121932 ], [ -119.7463174, 36.8121932 ], [ -119.7464388, 36.8121932 ], [ -119.7464919, 36.8122084 ], [ -119.7465868, 36.8122089 ], [ -119.7469606, 36.8122107 ], [ -119.7470292, 36.812211 ], [ -119.7471178, 36.8122114 ] ] } },
{ "type": "Feature", "properties": { "name": null, "highway": "footway", "footway": null, "osm_id": "way/557162268" }, "geometry": { "type": "LineString", "coordinates": [ [ -119.7453551, 36.812312 ], [ -119.7459274, 36.8123116 ], [ -119.7461922, 36.8123107 ], [ -119.7463174, 36.8123102 ], [ -119.7463402, 36.8123101 ], [ -119.7464919, 36.8122965 ], [ -119.7465867, 36.8122972 ], [ -119.7469607, 36.8122999 ], [ -119.7470252, 36.8123004 ], [ -119.747114, 36.812301 ] ] } },
{ "type": "Feature", "properties": { "name": null, "highway": "footway", "footway": null, "osm_id": "way/557162269" }, "geometry": { "type": "LineString", "coordinates": [ [ -119.7453508, 36.8127019 ], [ -119.7459251, 36.8127064 ] ] } },
{ "type": "Feature", "properties": { "name": null, "highway": "footway", "footway": null, "osm_id": "way/557162270" }, "geometry": { "type": "LineString", "coordinates": [ [ -119.7459229, 36.8130891 ], [ -119.7462894, 36.8132727 ], [ -119.7465917, 36.8134241 ] ] } },
{ "type": "Feature", "properties": { "name": null, "highway": "footway", "footway": null, "osm_id": "way/557162271" }, "geometry": { "type": "LineString", "coordinates": [ [ -119.7459229, 36.8130891 ], [ -119.7466252, 36.8130919 ] ] } },
{ "type": "Feature", "properties": { "name": null, "highway": "footway", "footway": "sidewalk", "osm_id": "way/557162272" }, "geometry": { "type": "LineString", "coordinates": [ [ -119.7461922, 36.8123107 ], [ -119.7461922, 36.8121932 ] ] } },
{ "type": "Feature", "properties": { "name": null, "highway": "footway", "footway": "sidewalk", "osm_id": "way/557162273" }, "geometry": { "type": "LineString", "coordinates": [ [ -119.7463174, 36.8123102 ], [ -119.7463174, 36.8121932 ] ] } },
{ "type": "Feature", "properties": { "name": null, "highway": "footway", "footway": "sidewalk", "osm_id": "way/557162274" }, "geometry": { "type": "LineString", "coordinates": [ [ -119.7465867, 36.8122972 ], [ -119.7465868, 36.8122089 ] ] } },
{ "type": "Feature", "properties": { "name": null, "highway": "footway", "footway": "sidewalk", "osm_id": "way/557162275" }, "geometry": { "type": "LineString", "coordinates": [ [ -119.7465867, 36.8122972 ], [ -119.7466019, 36.8123648 ], [ -119.7466474, 36.8124362 ], [ -119.7467119, 36.812506 ], [ -119.7467953, 36.8125561 ], [ -119.7468902, 36.812588 ], [ -119.7469774, 36.8126062 ], [ -119.7470214, 36.8126075 ], [ -119.7470798, 36.8126093 ], [ -119.7471785, 36.8126032 ], [ -119.7472998, 36.812588 ], [ -119.7474174, 36.8125637 ], [ -119.7475692, 36.8125258 ], [ -119.7476996, 36.8124706 ], [ -119.7478461, 36.8124088 ] ] } },
{ "type": "Feature", "properties": { "name": null, "highway": "footway", "footway": "sidewalk", "osm_id": "way/557162276" }, "geometry": { "type": "LineString", "coordinates": [ [ -119.7479176, 36.8122259 ], [ -119.7479273, 36.8122472 ], [ -119.7479275, 36.8122611 ], [ -119.7479276, 36.8122699 ], [ -119.7479185, 36.8122914 ], [ -119.7479011, 36.8123094 ], [ -119.7478773, 36.8123217 ], [ -119.7478497, 36.812327 ], [ -119.7478224, 36.812325 ], [ -119.7477973, 36.8123161 ], [ -119.7477771, 36.8123012 ], [ -119.7477638, 36.812282 ], [ -119.7477589, 36.8122603 ], [ -119.747763, 36.8122386 ], [ -119.7477754, 36.812219 ], [ -119.7477951, 36.8122036 ], [ -119.7478198, 36.8121941 ], [ -119.747848, 36.8121914 ], [ -119.7478757, 36.8121963 ], [ -119.7478998, 36.8122083 ], [ -119.7479176, 36.8122259 ] ] } },
{ "type": "Feature", "properties": { "name": null, "highway": "footway", "footway": "sidewalk", "osm_id": "way/557162277" }, "geometry": { "type": "LineString", "coordinates": [ [ -119.7477589, 36.8122603 ], [ -119.7477203, 36.81226 ], [ -119.7471162, 36.8122554 ] ] } },
{ "type": "Feature", "properties": { "name": null, "highway": "footway", "footway": "sidewalk", "osm_id": "way/557162278" }, "geometry": { "type": "LineString", "coordinates": [ [ -119.747114, 36.812301 ], [ -119.7471162, 36.8122554 ], [ -119.7471178, 36.8122114 ] ] } },
{ "type": "Feature", "properties": { "name": null, "highway": "footway", "footway": "sidewalk", "osm_id": "way/557162279" }, "geometry": { "type": "LineString", "coordinates": [ [ -119.7469607, 36.8122999 ], [ -119.7469606, 36.8122107 ] ] } },
{ "type": "Feature", "properties": { "name": null, "highway": "footway", "footway": "sidewalk", "osm_id": "way/557162280" }, "geometry": { "type": "LineString", "coordinates": [ [ -119.7470252, 36.8123004 ], [ -119.7470214, 36.8126075 ], [ -119.7470191, 36.8128787 ], [ -119.747019, 36.8128916 ], [ -119.7470176, 36.813008 ], [ -119.7470176, 36.8130601 ], [ -119.7470165, 36.8132668 ], [ -119.7470161, 36.8134318 ], [ -119.7470158, 36.8135297 ], [ -119.7470157, 36.8139188 ], [ -119.7471733, 36.8140678 ] ] } },
{ "type": "Feature", "properties": { "name": null, "highway": "footway", "footway": "sidewalk", "osm_id": "way/557162282" }, "geometry": { "type": "LineString", "coordinates": [ [ -119.7470157, 36.8139188 ], [ -119.7470152, 36.8140319 ], [ -119.7470151, 36.814068 ] ] } },
{ "type": "Feature", "properties": { "name": null, "highway": "footway", "footway": "crossing", "osm_id": "way/557162283" }, "geometry": { "type": "LineString", "coordinates": [ [ -119.7470152, 36.8140319 ], [ -119.7468599, 36.8140319 ], [ -119.7467966, 36.8140319 ] ] } },
{ "type": "Feature", "properties": { "name": null, "highway": "footway", "footway": "sidewalk", "osm_id": "way/557162284" }, "geometry": { "type": "LineString", "coordinates": [ [ -119.7467966, 36.8140319 ], [ -119.746282, 36.8140287 ], [ -119.7459213, 36.8140263 ], [ -119.7453563, 36.8140284 ] ] } },
{ "type": "Feature", "properties": { "name": null, "highway": "footway", "footway": "sidewalk", "osm_id": "way/557162285" }, "geometry": { "type": "LineString", "coordinates": [ [ -119.7459253, 36.8136266 ], [ -119.7459213, 36.8140263 ] ] } },
{ "type": "Feature", "properties": { "name": null, "highway": "footway", "footway": "crossing", "osm_id": "way/557162286" }, "geometry": { "type": "LineString", "coordinates": [ [ -119.746282, 36.8140287 ], [ -119.746282, 36.8140747 ], [ -119.746282, 36.8141217 ] ] } },
{ "type": "Feature", "properties": { "name": null, "highway": "footway", "footway": "crossing", "osm_id": "way/557162287" }, "geometry": { "type": "LineString", "coordinates": [ [ -119.7459213, 36.8140263 ], [ -119.7459222, 36.8140724 ], [ -119.7459231, 36.8141224 ] ] } },
{ "type": "Feature", "properties": { "name": null, "highway": "footway", "footway": "crossing", "osm_id": "way/557162288" }, "geometry": { "type": "LineString", "coordinates": [ [ -119.745306, 36.8140213 ], [ -119.7452354, 36.814018 ], [ -119.7451741, 36.8140192 ] ] } },
{ "type": "Feature", "properties": { "name": null, "highway": "footway", "footway": "sidewalk", "osm_id": "way/557162289" }, "geometry": { "type": "LineString", "coordinates": [ [ -119.7470151, 36.814068 ], [ -119.7469177, 36.8141482 ], [ -119.746815, 36.8141491 ], [ -119.7467396, 36.8141202 ], [ -119.746282, 36.8141217 ], [ -119.7459231, 36.8141224 ], [ -119.7454026, 36.814126 ], [ -119.7453515, 36.8141474 ] ] } },
{ "type": "Feature", "properties": { "name": null, "highway": "footway", "footway": "sidewalk", "osm_id": "way/557162290" }, "geometry": { "type": "LineString", "coordinates": [ [ -119.7459231, 36.8141224 ], [ -119.7458968, 36.8141505 ], [ -119.7456122, 36.8143852 ], [ -119.7455691, 36.8144485 ], [ -119.7455202, 36.814512 ] ] } },
{ "type": "Feature", "properties": { "name": null, "highway": "footway", "footway": "crossing", "osm_id": "way/557162291" }, "geometry": { "type": "LineString", "coordinates": [ [ -119.7453515, 36.8141474 ], [ -119.7453535, 36.8140706 ], [ -119.7453563, 36.8140284 ] ] } },
{ "type": "Feature", "properties": { "name": null, "highway": "footway", "footway": "crossing", "osm_id": "way/557162292" }, "geometry": { "type": "LineString", "coordinates": [ [ -119.7453515, 36.8141474 ], [ -119.7452295, 36.8141475 ], [ -119.7451336, 36.8141463 ] ] } },
{ "type": "Feature", "properties": { "name": null, "highway": "footway", "footway": "sidewalk", "osm_id": "way/557162293" }, "geometry": { "type": "LineString", "coordinates": [ [ -119.7451336, 36.8141463 ], [ -119.7450628, 36.8141185 ], [ -119.744857, 36.8141181 ], [ -119.7445135, 36.814117 ], [ -119.7442805, 36.814117 ], [ -119.7439362, 36.8141136 ], [ -119.7432713, 36.8141129 ], [ -119.743179, 36.8141286 ], [ -119.7426145, 36.8141271 ], [ -119.7426136, 36.8143313 ], [ -119.7427114, 36.8144867 ], [ -119.7429186, 36.8146579 ] ] } },
{ "type": "Feature", "properties": { "name": null, "highway": "footway", "footway": "sidewalk", "osm_id": "way/557162294" }, "geometry": { "type": "LineString", "coordinates": [ [ -119.743179, 36.8141286 ], [ -119.7435537, 36.814773 ] ] } },
{ "type": "Feature", "properties": { "name": null, "highway": "footway", "footway": "sidewalk", "osm_id": "way/557162295" }, "geometry": { "type": "LineString", "coordinates": [ [ -119.7425811, 36.813998 ], [ -119.7426161, 36.8140305 ] ] } },
{ "type": "Feature", "properties": { "name": null, "highway": "footway", "footway": "crossing", "osm_id": "way/557162296" }, "geometry": { "type": "LineString", "coordinates": [ [ -119.7426145, 36.8141271 ], [ -119.7426148, 36.8140803 ], [ -119.7426161, 36.8140305 ] ] } },
{ "type": "Feature", "properties": { "name": null, "highway": "footway", "footway": "sidewalk", "osm_id": "way/557162297" }, "geometry": { "type": "LineString", "coordinates": [ [ -119.743179, 36.8141286 ], [ -119.7438582, 36.8143069 ], [ -119.744171, 36.8143846 ] ] } },
{ "type": "Feature", "properties": { "name": null, "highway": "footway", "footway": "sidewalk", "osm_id": "way/557162298" }, "geometry": { "type": "LineString", "coordinates": [ [ -119.744171, 36.8143846 ], [ -119.7438644, 36.8151228 ] ] } },
{ "type": "Feature", "properties": { "name": null, "highway": "footway", "footway": "sidewalk", "osm_id": "way/557162299" }, "geometry": { "type": "LineString", "coordinates": [ [ -119.744171, 36.8143846 ], [ -119.7442805, 36.814117 ] ] } },
{ "type": "Feature", "properties": { "name": null, "highway": "footway", "footway": "sidewalk", "osm_id": "way/557162300" }, "geometry": { "type": "LineString", "coordinates": [ [ -119.7439362, 36.8141136 ], [ -119.7438582, 36.8143069 ] ] } },
{ "type": "Feature", "properties": { "name": null, "highway": "footway", "footway": null, "osm_id": "way/557164794" }, "geometry": { "type": "LineString", "coordinates": [ [ -119.7450326, 36.8117559 ], [ -119.7444179, 36.8117501 ] ] } },
{ "type": "Feature", "properties": { "name": null, "highway": "footway", "footway": "sidewalk", "osm_id": "way/557164795" }, "geometry": { "type": "LineString", "coordinates": [ [ -119.7461349, 36.8104361 ], [ -119.7463986, 36.810444 ], [ -119.7464618, 36.8103807 ], [ -119.7465251, 36.8103301 ], [ -119.7466199, 36.8102932 ], [ -119.7466602, 36.8102829 ], [ -119.7466659, 36.8101446 ] ] } },
{ "type": "Feature", "properties": { "name": null, "highway": "footway", "footway": "sidewalk", "osm_id": "way/557164796" }, "geometry": { "type": "LineString", "coordinates": [ [ -119.7466602, 36.8102829 ], [ -119.7467171, 36.8102589 ], [ -119.7467666, 36.810238 ], [ -119.7468907, 36.8102087 ] ] } },
{ "type": "Feature", "properties": { "name": null, "highway": "footway", "footway": "sidewalk", "osm_id": "way/557164797" }, "geometry": { "type": "LineString", "coordinates": [ [ -119.7465868, 36.8122089 ], [ -119.7465923, 36.812153 ], [ -119.7466296, 36.8120943 ], [ -119.7466785, 36.8120402 ], [ -119.746736, 36.8119942 ], [ -119.746805, 36.811955 ], [ -119.7468884, 36.811924 ], [ -119.746989, 36.8119101 ], [ -119.7470292, 36.8119086 ], [ -119.7471097, 36.8119055 ], [ -119.7472419, 36.8119113 ], [ -119.7473627, 36.8119309 ], [ -119.7475093, 36.8119711 ], [ -119.7476674, 36.8120229 ], [ -119.7477996, 36.8120793 ], [ -119.7478686, 36.812115 ], [ -119.7479793, 36.8121759 ], [ -119.748033, 36.8122039 ], [ -119.748033, 36.8121075 ], [ -119.7480424, 36.8119096 ], [ -119.748044, 36.811652 ], [ -119.7480443, 36.8115994 ] ] } },
{ "type": "Feature", "properties": { "name": null, "highway": "footway", "footway": "sidewalk", "osm_id": "way/557164798" }, "geometry": { "type": "LineString", "coordinates": [ [ -119.7480424, 36.8119096 ], [ -119.7472419, 36.8119113 ] ] } },
{ "type": "Feature", "properties": { "name": null, "highway": "footway", "footway": "sidewalk", "osm_id": "way/557164799" }, "geometry": { "type": "LineString", "coordinates": [ [ -119.7480452, 36.8115358 ], [ -119.748045, 36.8108099 ], [ -119.7480498, 36.81018 ] ] } },
{ "type": "Feature", "properties": { "name": null, "highway": "footway", "footway": "sidewalk", "osm_id": "way/557164800" }, "geometry": { "type": "LineString", "coordinates": [ [ -119.748045, 36.8108099 ], [ -119.74766, 36.8108113 ], [ -119.7475601, 36.8108239 ], [ -119.747555, 36.810177 ] ] } },
{ "type": "Feature", "properties": { "name": null, "highway": "footway", "footway": "crossing", "osm_id": "way/557164801" }, "geometry": { "type": "LineString", "coordinates": [ [ -119.7480443, 36.8115994 ], [ -119.7480452, 36.8115358 ] ] } },
{ "type": "Feature", "properties": { "name": null, "highway": "footway", "footway": "sidewalk", "osm_id": "way/557164802" }, "geometry": { "type": "LineString", "coordinates": [ [ -119.7478461, 36.8124088 ], [ -119.7479087, 36.8123842 ], [ -119.7480381, 36.8123333 ], [ -119.7480353, 36.8122622 ], [ -119.748033, 36.8122039 ] ] } },
{ "type": "Feature", "properties": { "name": null, "highway": "footway", "footway": "sidewalk", "osm_id": "way/557164804" }, "geometry": { "type": "LineString", "coordinates": [ [ -119.7480353, 36.8122622 ], [ -119.7479275, 36.8122611 ] ] } },
{ "type": "Feature", "properties": { "name": null, "highway": "footway", "footway": "sidewalk", "osm_id": "way/557164806" }, "geometry": { "type": "LineString", "coordinates": [ [ -119.7470292, 36.812211 ], [ -119.7470292, 36.8119086 ] ] } },
{ "type": "Feature", "properties": { "name": null, "highway": "footway", "footway": "sidewalk", "osm_id": "way/557164813" }, "geometry": { "type": "LineString", "coordinates": [ [ -119.7487626, 36.8100594 ], [ -119.7487285, 36.8100168 ], [ -119.7485193, 36.8097517 ] ] } },
{ "type": "Feature", "properties": { "name": null, "highway": "footway", "footway": "sidewalk", "osm_id": "way/557164816" }, "geometry": { "type": "LineString", "coordinates": [ [ -119.7487676, 36.8100033 ], [ -119.7487285, 36.8100168 ], [ -119.7482513, 36.8100173 ], [ -119.7481859, 36.8100032 ], [ -119.7481322, 36.8099771 ], [ -119.7480995, 36.8099546 ], [ -119.7480622, 36.8100042 ], [ -119.7476559, 36.810002 ], [ -119.7475648, 36.8100015 ], [ -119.7471099, 36.8099991 ], [ -119.7470091, 36.8099986 ], [ -119.7469904, 36.8099799 ], [ -119.7469531, 36.8099612 ], [ -119.746911, 36.8099556 ], [ -119.7468597, 36.8099556 ], [ -119.7468095, 36.8099582 ], [ -119.7467159, 36.8099632 ], [ -119.7465234, 36.8099733 ], [ -119.74643, 36.8099733 ], [ -119.7463235, 36.8099646 ], [ -119.7462923, 36.8099621 ], [ -119.7461919, 36.809963 ], [ -119.7460424, 36.8099687 ], [ -119.7456962, 36.8099596 ], [ -119.7453676, 36.8099509 ], [ -119.7453691, 36.8100283 ] ] } },
{ "type": "Feature", "properties": { "name": null, "highway": "footway", "footway": "sidewalk", "osm_id": "way/557164819" }, "geometry": { "type": "LineString", "coordinates": [ [ -119.7476606, 36.8093443 ], [ -119.7476591, 36.8094673 ], [ -119.7476584, 36.8095503 ], [ -119.7476571, 36.8097309 ], [ -119.7476559, 36.810002 ] ] } },
{ "type": "Feature", "properties": { "name": null, "highway": "footway", "footway": "sidewalk", "osm_id": "way/557164820" }, "geometry": { "type": "LineString", "coordinates": [ [ -119.7475648, 36.8100015 ], [ -119.7474247, 36.8096705 ] ] } },
{ "type": "Feature", "properties": { "name": null, "highway": "footway", "footway": "sidewalk", "osm_id": "way/557164821" }, "geometry": { "type": "LineString", "coordinates": [ [ -119.7453676, 36.8099509 ], [ -119.7455381, 36.8098499 ], [ -119.7456159, 36.8097771 ], [ -119.7456665, 36.8097303 ], [ -119.7457038, 36.809592 ], [ -119.7456898, 36.8094517 ], [ -119.7456611, 36.8093688 ], [ -119.7456268, 36.8092648 ], [ -119.7453676, 36.8090423 ], [ -119.7453718, 36.8087507 ] ] } },
{ "type": "Feature", "properties": { "name": null, "highway": "footway", "footway": "sidewalk", "osm_id": "way/557164822" }, "geometry": { "type": "LineString", "coordinates": [ [ -119.74537, 36.8098087 ], [ -119.7453712, 36.8092086 ] ] } },
{ "type": "Feature", "properties": { "name": null, "highway": "footway", "footway": "sidewalk", "osm_id": "way/557164823" }, "geometry": { "type": "LineString", "coordinates": [ [ -119.7451523, 36.8087503 ], [ -119.7451535, 36.8090889 ] ] } },
{ "type": "Feature", "properties": { "name": null, "highway": "footway", "footway": "sidewalk", "osm_id": "way/557164824" }, "geometry": { "type": "LineString", "coordinates": [ [ -119.7451548, 36.8092337 ], [ -119.7451483, 36.8096601 ], [ -119.7451445, 36.8099795 ], [ -119.7451439, 36.8100233 ] ] } },
{ "type": "Feature", "properties": { "name": null, "highway": "footway", "footway": "sidewalk", "osm_id": "way/557164825" }, "geometry": { "type": "LineString", "coordinates": [ [ -119.7451445, 36.8099795 ], [ -119.7448657, 36.8097431 ] ] } },
{ "type": "Feature", "properties": { "name": null, "highway": "footway", "footway": "crossing", "osm_id": "way/557164826" }, "geometry": { "type": "LineString", "coordinates": [ [ -119.7453712, 36.8092086 ], [ -119.7453735, 36.8091571 ], [ -119.7453676, 36.8090423 ] ] } },
{ "type": "Feature", "properties": { "name": null, "highway": "footway", "footway": "crossing", "osm_id": "way/557164827" }, "geometry": { "type": "LineString", "coordinates": [ [ -119.7451548, 36.8092337 ], [ -119.7451514, 36.8091713 ], [ -119.7451535, 36.8090889 ] ] } },
{ "type": "Feature", "properties": { "name": null, "highway": "footway", "footway": "crossing", "osm_id": "way/557164829" }, "geometry": { "type": "LineString", "coordinates": [ [ -119.7453691, 36.8099031 ], [ -119.7453696, 36.8098552 ], [ -119.74537, 36.8098087 ] ] } },
{ "type": "Feature", "properties": { "name": null, "highway": "footway", "footway": "sidewalk", "osm_id": "way/557164832" }, "geometry": { "type": "LineString", "coordinates": [ [ -119.7451445, 36.8099795 ], [ -119.7451117, 36.8100193 ], [ -119.7450445, 36.810042 ], [ -119.7449489, 36.8100363 ], [ -119.7448533, 36.810025 ], [ -119.7447507, 36.8100051 ], [ -119.7446516, 36.8099754 ], [ -119.7445419, 36.8099315 ], [ -119.7444216, 36.8098776 ], [ -119.7443189, 36.8098351 ], [ -119.7442021, 36.8097884 ], [ -119.7442517, 36.8097855 ], [ -119.7443543, 36.8097997 ], [ -119.7444428, 36.8098096 ], [ -119.7445702, 36.809821 ], [ -119.7445667, 36.8098975 ], [ -119.7445419, 36.8099315 ] ] } },
{ "type": "Feature", "properties": { "name": null, "highway": "footway", "footway": "crossing", "osm_id": "way/557164833" }, "geometry": { "type": "LineString", "coordinates": [ [ -119.7442021, 36.8097884 ], [ -119.7441551, 36.8097728 ], [ -119.7440889, 36.8097501 ], [ -119.7440633, 36.8098005 ], [ -119.7440365, 36.8098528 ] ] } },
{ "type": "Feature", "properties": { "name": null, "highway": "footway", "footway": "sidewalk", "osm_id": "way/557164834" }, "geometry": { "type": "LineString", "coordinates": [ [ -119.7429882, 36.8097469 ], [ -119.7429882, 36.8096637 ] ] } },
{ "type": "Feature", "properties": { "name": null, "highway": "footway", "footway": "crossing", "osm_id": "way/557164835" }, "geometry": { "type": "LineString", "coordinates": [ [ -119.7429904, 36.8095361 ], [ -119.7429909, 36.8095045 ], [ -119.7429917, 36.8094568 ] ] } },
{ "type": "Feature", "properties": { "name": null, "highway": "footway", "footway": "sidewalk", "osm_id": "way/557164836" }, "geometry": { "type": "LineString", "coordinates": [ [ -119.7429917, 36.8094568 ], [ -119.7429917, 36.808944 ] ] } },
{ "type": "Feature", "properties": { "name": null, "highway": "footway", "footway": "crossing", "osm_id": "way/557164837" }, "geometry": { "type": "LineString", "coordinates": [ [ -119.7429917, 36.808944 ], [ -119.7429917, 36.8089043 ], [ -119.7429917, 36.8088575 ] ] } },
{ "type": "Feature", "properties": { "name": null, "highway": "footway", "footway": "sidewalk", "osm_id": "way/557164838" }, "geometry": { "type": "LineString", "coordinates": [ [ -119.7429917, 36.8088575 ], [ -119.7429929, 36.8087447 ] ] } },
{ "type": "Feature", "properties": { "name": null, "highway": "footway", "footway": "sidewalk", "osm_id": "way/557164839" }, "geometry": { "type": "LineString", "coordinates": [ [ -119.7504414, 36.8116571 ], [ -119.7504277, 36.8120641 ], [ -119.750307, 36.8124906 ], [ -119.7503416, 36.8124979 ], [ -119.7503793, 36.8125552 ], [ -119.7504813, 36.8127252 ], [ -119.7506082, 36.8129368 ] ] } },
{ "type": "Feature", "properties": { "name": null, "highway": "footway", "footway": "sidewalk", "osm_id": "way/557164840" }, "geometry": { "type": "LineString", "coordinates": [ [ -119.7508421, 36.8124042 ], [ -119.7507998, 36.8124319 ], [ -119.7503793, 36.8125552 ] ] } },
{ "type": "Feature", "properties": { "name": null, "highway": "footway", "footway": "sidewalk", "osm_id": "way/557164841" }, "geometry": { "type": "LineString", "coordinates": [ [ -119.750307, 36.8124906 ], [ -119.7495166, 36.8123508 ], [ -119.7491517, 36.8122847 ], [ -119.749018, 36.8122577 ], [ -119.7488777, 36.812254 ] ] } },
{ "type": "Feature", "properties": { "name": null, "highway": "footway", "footway": "sidewalk", "osm_id": "way/557164842" }, "geometry": { "type": "LineString", "coordinates": [ [ -119.7488777, 36.812254 ], [ -119.7489283, 36.8122993 ], [ -119.7491738, 36.8125154 ], [ -119.7494182, 36.8127276 ] ] } },
{ "type": "Feature", "properties": { "name": null, "highway": "footway", "footway": "sidewalk", "osm_id": "way/557164843" }, "geometry": { "type": "LineString", "coordinates": [ [ -119.74888, 36.8125827 ], [ -119.7489295, 36.8125985 ], [ -119.7492279, 36.8126901 ], [ -119.7494182, 36.8127276 ] ] } },
{ "type": "Feature", "properties": { "name": null, "highway": "footway", "footway": "sidewalk", "osm_id": "way/557164844" }, "geometry": { "type": "LineString", "coordinates": [ [ -119.7494182, 36.8127276 ], [ -119.7500135, 36.812834 ], [ -119.7506082, 36.8129368 ] ] } },
{ "type": "Feature", "properties": { "name": null, "highway": "footway", "footway": "sidewalk", "osm_id": "way/557164845" }, "geometry": { "type": "LineString", "coordinates": [ [ -119.7491738, 36.8125154 ], [ -119.7495166, 36.8123508 ] ] } },
{ "type": "Feature", "properties": { "name": null, "highway": "footway", "footway": "sidewalk", "osm_id": "way/557164846" }, "geometry": { "type": "LineString", "coordinates": [ [ -119.750995, 36.8133065 ], [ -119.7510344, 36.8132691 ], [ -119.7510946, 36.8132482 ], [ -119.7511515, 36.8132206 ], [ -119.751194, 36.8131796 ], [ -119.7512172, 36.8131297 ], [ -119.7512187, 36.8130764 ], [ -119.7511983, 36.8130257 ], [ -119.7511694, 36.8129951 ], [ -119.7511581, 36.8129832 ] ] } },
{ "type": "Feature", "properties": { "name": null, "highway": "footway", "footway": "sidewalk", "osm_id": "way/557164847" }, "geometry": { "type": "LineString", "coordinates": [ [ -119.7511581, 36.8129832 ], [ -119.7511028, 36.8129536 ], [ -119.7510384, 36.8129402 ], [ -119.7509734, 36.8129442 ], [ -119.7509212, 36.8129611 ], [ -119.750882, 36.8129875 ], [ -119.7508651, 36.8129997 ], [ -119.7508332, 36.8130452 ], [ -119.7508214, 36.8130965 ], [ -119.7508308, 36.8131481 ], [ -119.7508605, 36.8131988 ] ] } },
{ "type": "Feature", "properties": { "name": null, "highway": "footway", "footway": "sidewalk", "osm_id": "way/557164848" }, "geometry": { "type": "LineString", "coordinates": [ [ -119.7516568, 36.8129906 ], [ -119.7511694, 36.8129951 ] ] } },
{ "type": "Feature", "properties": { "name": null, "highway": "footway", "footway": "sidewalk", "osm_id": "way/557164849" }, "geometry": { "type": "LineString", "coordinates": [ [ -119.7506082, 36.8129368 ], [ -119.7506652, 36.8129474 ], [ -119.750882, 36.8129875 ] ] } },
{ "type": "Feature", "properties": { "name": null, "highway": "footway", "footway": "sidewalk", "osm_id": "way/557164851" }, "geometry": { "type": "LineString", "coordinates": [ [ -119.7507695, 36.812736 ], [ -119.7507589, 36.8127539 ], [ -119.7507412, 36.8127679 ], [ -119.7507188, 36.8127762 ], [ -119.7506941, 36.812778 ], [ -119.7506741, 36.8127743 ], [ -119.7506561, 36.8127662 ], [ -119.7506418, 36.8127544 ], [ -119.7506322, 36.8127399 ], [ -119.7506281, 36.8127237 ], [ -119.7506303, 36.8127059 ], [ -119.7506393, 36.8126894 ], [ -119.7506542, 36.8126759 ], [ -119.7506735, 36.8126668 ], [ -119.7506954, 36.8126628 ], [ -119.7507178, 36.8126645 ], [ -119.7507385, 36.8126716 ], [ -119.7507554, 36.8126834 ], [ -119.7507669, 36.8126988 ], [ -119.750772, 36.8127163 ], [ -119.7507695, 36.812736 ] ] } },
{ "type": "Feature", "properties": { "name": null, "highway": "footway", "footway": "sidewalk", "osm_id": "way/557164852" }, "geometry": { "type": "LineString", "coordinates": [ [ -119.7506941, 36.812778 ], [ -119.7506652, 36.8129474 ] ] } },
{ "type": "Feature", "properties": { "name": null, "highway": "footway", "footway": "sidewalk", "osm_id": "way/557164853" }, "geometry": { "type": "LineString", "coordinates": [ [ -119.750772, 36.8127163 ], [ -119.7509083, 36.8127173 ] ] } },
{ "type": "Feature", "properties": { "name": null, "highway": "footway", "footway": "sidewalk", "osm_id": "way/557164854" }, "geometry": { "type": "LineString", "coordinates": [ [ -119.7506281, 36.8127237 ], [ -119.7504813, 36.8127252 ] ] } },
{ "type": "Feature", "properties": { "name": null, "highway": "footway", "footway": "sidewalk", "osm_id": "way/557165115" }, "geometry": { "type": "LineString", "coordinates": [ [ -119.7508605, 36.8131988 ], [ -119.750861, 36.8134651 ], [ -119.7508618, 36.8138735 ], [ -119.750862, 36.8139958 ], [ -119.7506938, 36.8139949 ], [ -119.7499644, 36.813991 ], [ -119.7499421, 36.8139909 ], [ -119.7488952, 36.8139895 ] ] } },
{ "type": "Feature", "properties": { "name": null, "highway": "footway", "footway": "sidewalk", "osm_id": "way/557165117" }, "geometry": { "type": "LineString", "coordinates": [ [ -119.7488949, 36.8140344 ], [ -119.748825, 36.8140818 ] ] } },
{ "type": "Feature", "properties": { "name": null, "highway": "footway", "footway": "sidewalk", "osm_id": "way/557165119" }, "geometry": { "type": "LineString", "coordinates": [ [ -119.7488777, 36.812254 ], [ -119.7484679, 36.812258 ], [ -119.7483208, 36.8122594 ], [ -119.7480353, 36.8122622 ] ] } },
{ "type": "Feature", "properties": { "name": null, "highway": "footway", "footway": "sidewalk", "osm_id": "way/557165886" }, "geometry": { "type": "LineString", "coordinates": [ [ -119.7472998, 36.812588 ], [ -119.7472965, 36.8126421 ], [ -119.7470191, 36.8128787 ] ] } },
{ "type": "Feature", "properties": { "name": null, "highway": "footway", "footway": "sidewalk", "osm_id": "way/557165887" }, "geometry": { "type": "LineString", "coordinates": [ [ -119.7488828, 36.811188 ], [ -119.7491091, 36.8111896 ], [ -119.7491707, 36.811191 ], [ -119.7494153, 36.8111165 ], [ -119.7495386, 36.8110823 ], [ -119.7498432, 36.8110794 ] ] } },
{ "type": "Feature", "properties": { "name": null, "highway": "footway", "footway": "sidewalk", "osm_id": "way/557165888" }, "geometry": { "type": "LineString", "coordinates": [ [ -119.7495386, 36.8110823 ], [ -119.7491533, 36.8110821 ], [ -119.7491091, 36.8111896 ] ] } },
{ "type": "Feature", "properties": { "name": null, "highway": "footway", "footway": "sidewalk", "osm_id": "way/557165889" }, "geometry": { "type": "LineString", "coordinates": [ [ -119.7488786, 36.8116903 ], [ -119.7489656, 36.8116862 ], [ -119.7490113, 36.8116755 ], [ -119.7490456, 36.8116656 ], [ -119.74908, 36.8116495 ], [ -119.7490966, 36.8116393 ], [ -119.7491224, 36.8116212 ], [ -119.7491467, 36.8115964 ], [ -119.7491711, 36.8115679 ], [ -119.7491957, 36.8115296 ], [ -119.7492202, 36.8114759 ], [ -119.7492625, 36.8112988 ], [ -119.7491707, 36.811191 ] ] } },
{ "type": "Feature", "properties": { "name": null, "highway": "footway", "footway": "sidewalk", "osm_id": "way/557165890" }, "geometry": { "type": "LineString", "coordinates": [ [ -119.7492625, 36.8112988 ], [ -119.7492731, 36.8112643 ], [ -119.7492935, 36.8112298 ], [ -119.7493193, 36.8111878 ], [ -119.7493438, 36.8111589 ], [ -119.7493772, 36.8111368 ], [ -119.7494153, 36.8111165 ] ] } },
{ "type": "Feature", "properties": { "name": null, "highway": "footway", "footway": "crossing", "osm_id": "way/557165892" }, "geometry": { "type": "LineString", "coordinates": [ [ -119.7498432, 36.8110794 ], [ -119.7498828, 36.8110558 ], [ -119.7499275, 36.8110294 ] ] } },
{ "type": "Feature", "properties": { "name": null, "highway": "footway", "footway": "crossing", "osm_id": "way/557165893" }, "geometry": { "type": "LineString", "coordinates": [ [ -119.7499429, 36.8111738 ], [ -119.749991, 36.8111524 ], [ -119.7500414, 36.8111298 ] ] } },
{ "type": "Feature", "properties": { "name": null, "highway": "footway", "footway": "sidewalk", "osm_id": "way/557165894" }, "geometry": { "type": "LineString", "coordinates": [ [ -119.7504414, 36.8116571 ], [ -119.7504237, 36.8115452 ], [ -119.750422, 36.8115004 ], [ -119.7504277, 36.8114589 ], [ -119.7504425, 36.8114107 ], [ -119.7505036, 36.8112765 ], [ -119.7505574, 36.811163 ], [ -119.7506081, 36.8110813 ], [ -119.7501738, 36.811079 ], [ -119.7500414, 36.8111298 ] ] } },
{ "type": "Feature", "properties": { "name": null, "highway": "footway", "footway": "sidewalk", "osm_id": "way/557194906" }, "geometry": { "type": "LineString", "coordinates": [ [ -119.7500809, 36.8136881 ], [ -119.7501358, 36.8136739 ], [ -119.7501919, 36.8136531 ], [ -119.7502303, 36.813625 ], [ -119.7502598, 36.8135969 ], [ -119.7502901, 36.8135626 ], [ -119.750316, 36.8135241 ], [ -119.7503345, 36.8134831 ], [ -119.7503405, 36.8134448 ], [ -119.7503385, 36.8134126 ], [ -119.7503259, 36.8133704 ], [ -119.750306, 36.8133266 ], [ -119.7502782, 36.8132877 ], [ -119.7502399, 36.8132466 ], [ -119.7501937, 36.8132191 ], [ -119.7501351, 36.813197 ], [ -119.7500715, 36.8131846 ], [ -119.75001, 36.8131813 ], [ -119.7499632, 36.8131811 ], [ -119.7499192, 36.813183 ], [ -119.7498446, 36.8131974 ], [ -119.7497831, 36.8132161 ], [ -119.7497257, 36.8132373 ], [ -119.7496713, 36.8132641 ], [ -119.7496262, 36.813296 ], [ -119.7495913, 36.8133296 ], [ -119.7495596, 36.8133713 ], [ -119.7495401, 36.8134253 ], [ -119.7495351, 36.8134712 ], [ -119.7495473, 36.8135148 ], [ -119.7495656, 36.8135516 ], [ -119.7495839, 36.8135705 ], [ -119.7496317, 36.8136059 ], [ -119.7496703, 36.8136283 ], [ -119.7497221, 36.8136522 ], [ -119.7497805, 36.8136718 ], [ -119.7498399, 36.8136848 ], [ -119.7498979, 36.8136929 ], [ -119.749964, 36.8136978 ], [ -119.7500202, 36.8136952 ], [ -119.7500809, 36.8136881 ] ] } },
{ "type": "Feature", "properties": { "name": null, "highway": "footway", "footway": "sidewalk", "osm_id": "way/557194907" }, "geometry": { "type": "LineString", "coordinates": [ [ -119.7503405, 36.8134448 ], [ -119.7504549, 36.8134658 ], [ -119.7506047, 36.8134645 ], [ -119.750861, 36.8134651 ] ] } },
{ "type": "Feature", "properties": { "name": null, "highway": "footway", "footway": "sidewalk", "osm_id": "way/557194908" }, "geometry": { "type": "LineString", "coordinates": [ [ -119.7499644, 36.813991 ], [ -119.7499642, 36.8138395 ], [ -119.749964, 36.8136978 ], [ -119.7499449, 36.8133831 ], [ -119.7499192, 36.813183 ], [ -119.7500135, 36.812834 ] ] } },
{ "type": "Feature", "properties": { "name": null, "highway": "footway", "footway": "sidewalk", "osm_id": "way/557194909" }, "geometry": { "type": "LineString", "coordinates": [ [ -119.7503405, 36.8134448 ], [ -119.7499449, 36.8133831 ], [ -119.7495913, 36.8133296 ], [ -119.7495191, 36.8133188 ], [ -119.7492438, 36.8133073 ], [ -119.7489991, 36.8133052 ], [ -119.748898, 36.8132897 ] ] } },
{ "type": "Feature", "properties": { "name": null, "highway": "footway", "footway": "sidewalk", "osm_id": "way/557194910" }, "geometry": { "type": "LineString", "coordinates": [ [ -119.7480437, 36.8128937 ], [ -119.747955, 36.8128935 ], [ -119.7471341, 36.8128918 ], [ -119.747019, 36.8128916 ] ] } },
{ "type": "Feature", "properties": { "name": null, "highway": "footway", "footway": "sidewalk", "osm_id": "way/557194911" }, "geometry": { "type": "LineString", "coordinates": [ [ -119.7481506, 36.8128939 ], [ -119.7481494, 36.8129109 ], [ -119.7483168, 36.8129109 ], [ -119.7486356, 36.8129108 ], [ -119.7486371, 36.8125498 ], [ -119.7486372, 36.8125271 ], [ -119.7481506, 36.812525 ], [ -119.74815, 36.8125532 ], [ -119.74815, 36.8126495 ], [ -119.7481506, 36.8128133 ], [ -119.7481506, 36.8128939 ] ] } },
{ "type": "Feature", "properties": { "name": null, "highway": "steps", "footway": null, "osm_id": "way/557194912" }, "geometry": { "type": "LineString", "coordinates": [ [ -119.7480437, 36.8128937 ], [ -119.7480444, 36.8128133 ], [ -119.7481506, 36.8128133 ] ] } },
{ "type": "Feature", "properties": { "name": null, "highway": "footway", "footway": "sidewalk", "osm_id": "way/557194913" }, "geometry": { "type": "LineString", "coordinates": [ [ -119.7486883, 36.8125495 ], [ -119.7487579, 36.8125491 ], [ -119.7488798, 36.8125484 ] ] } },
{ "type": "Feature", "properties": { "name": null, "highway": "footway", "footway": "sidewalk", "osm_id": "way/557194914" }, "geometry": { "type": "LineString", "coordinates": [ [ -119.7480763, 36.8128937 ], [ -119.7480763, 36.8129826 ], [ -119.748115, 36.8129825 ], [ -119.7483173, 36.8129822 ], [ -119.7485275, 36.8129819 ], [ -119.7485611, 36.813018 ], [ -119.7485982, 36.8130179 ], [ -119.7488897, 36.813021 ] ] } },
{ "type": "Feature", "properties": { "name": null, "highway": "footway", "footway": "sidewalk", "osm_id": "way/557540665" }, "geometry": { "type": "LineString", "coordinates": [ [ -119.7507, 36.8120652 ], [ -119.7508561, 36.8117075 ] ] } },
{ "type": "Feature", "properties": { "name": null, "highway": "footway", "footway": "sidewalk", "osm_id": "way/557540666" }, "geometry": { "type": "LineString", "coordinates": [ [ -119.7506081, 36.8110813 ], [ -119.7507033, 36.811006 ], [ -119.7507694, 36.8109644 ], [ -119.7509199, 36.8109108 ], [ -119.7510949, 36.8108588 ], [ -119.7511939, 36.8108634 ], [ -119.7512481, 36.810872 ], [ -119.7513277, 36.8109055 ], [ -119.7513885, 36.8109392 ], [ -119.7516406, 36.810941 ] ] } },
{ "type": "Feature", "properties": { "name": null, "highway": "footway", "footway": "sidewalk", "osm_id": "way/557540667" }, "geometry": { "type": "LineString", "coordinates": [ [ -119.7507033, 36.811006 ], [ -119.7509715, 36.8105721 ], [ -119.7509814, 36.8105566 ], [ -119.7510761, 36.8104081 ] ] } },
{ "type": "Feature", "properties": { "name": null, "highway": "footway", "footway": "sidewalk", "osm_id": "way/557540668" }, "geometry": { "type": "LineString", "coordinates": [ [ -119.7509814, 36.8105566 ], [ -119.7509884, 36.8103747 ], [ -119.7509948, 36.8102079 ], [ -119.751007, 36.8101811 ], [ -119.7511525, 36.810221 ], [ -119.7511879, 36.8102307 ], [ -119.75119, 36.8104569 ], [ -119.7511939, 36.8108634 ] ] } },
{ "type": "Feature", "properties": { "name": null, "highway": "footway", "footway": "sidewalk", "osm_id": "way/557540669" }, "geometry": { "type": "LineString", "coordinates": [ [ -119.7509715, 36.8105721 ], [ -119.7511939, 36.8108634 ] ] } },
{ "type": "Feature", "properties": { "name": null, "highway": "footway", "footway": "sidewalk", "osm_id": "way/557540670" }, "geometry": { "type": "LineString", "coordinates": [ [ -119.7510761, 36.8104081 ], [ -119.7509884, 36.8103747 ], [ -119.75082, 36.8103202 ] ] } },
{ "type": "Feature", "properties": { "name": null, "highway": "footway", "footway": "sidewalk", "osm_id": "way/557540671" }, "geometry": { "type": "LineString", "coordinates": [ [ -119.7510761, 36.8104081 ], [ -119.75119, 36.8104569 ], [ -119.751255, 36.8104146 ], [ -119.75132, 36.8103788 ], [ -119.7514013, 36.8103365 ], [ -119.7514847, 36.810304 ], [ -119.7516168, 36.8102682 ], [ -119.7515233, 36.8102258 ], [ -119.7514338, 36.8101982 ], [ -119.7513647, 36.810186 ], [ -119.7512733, 36.8101957 ], [ -119.7512001, 36.8102071 ], [ -119.7511879, 36.8102307 ] ] } },
{ "type": "Feature", "properties": { "name": null, "highway": "footway", "footway": "sidewalk", "osm_id": "way/557540672" }, "geometry": { "type": "LineString", "coordinates": [ [ -119.7510761, 36.8104081 ], [ -119.7511879, 36.8102307 ] ] } },
{ "type": "Feature", "properties": { "name": null, "highway": "footway", "footway": "sidewalk", "osm_id": "way/557540673" }, "geometry": { "type": "LineString", "coordinates": [ [ -119.7513647, 36.810186 ], [ -119.7514698, 36.8101834 ], [ -119.7515738, 36.810184 ], [ -119.7517208, 36.8101999 ], [ -119.7517142, 36.8103301 ], [ -119.7519041, 36.8104101 ], [ -119.7520593, 36.810457 ], [ -119.7522062, 36.8104901 ], [ -119.7523895, 36.8105059 ] ] } },
{ "type": "Feature", "properties": { "name": null, "highway": "footway", "footway": "sidewalk", "osm_id": "way/557540674" }, "geometry": { "type": "LineString", "coordinates": [ [ -119.7517142, 36.8103301 ], [ -119.7516168, 36.8102682 ] ] } },
{ "type": "Feature", "properties": { "name": null, "highway": "footway", "footway": "sidewalk", "osm_id": "way/557540675" }, "geometry": { "type": "LineString", "coordinates": [ [ -119.7516168, 36.8102682 ], [ -119.7516349, 36.8102376 ], [ -119.7517208, 36.8101999 ] ] } },
{ "type": "Feature", "properties": { "name": null, "highway": "footway", "footway": "sidewalk", "osm_id": "way/557540676" }, "geometry": { "type": "LineString", "coordinates": [ [ -119.751451, 36.809775 ], [ -119.7514272, 36.8098083 ], [ -119.7514187, 36.809846 ], [ -119.7514263, 36.8098838 ], [ -119.7514492, 36.8099175 ], [ -119.7514848, 36.8099431 ], [ -119.751529, 36.8099578 ], [ -119.7515742, 36.8099601 ], [ -119.751618, 36.8099508 ], [ -119.751656, 36.809931 ], [ -119.7516842, 36.8099025 ], [ -119.7516997, 36.8098684 ], [ -119.7517009, 36.8098321 ], [ -119.7516878, 36.8097974 ], [ -119.7516617, 36.8097677 ], [ -119.7516252, 36.8097462 ], [ -119.7515796, 36.8097347 ], [ -119.7515563, 36.8097353 ], [ -119.7515317, 36.809736 ], [ -119.7514872, 36.80975 ], [ -119.751451, 36.809775 ] ] } },
{ "type": "Feature", "properties": { "name": null, "highway": "footway", "footway": "sidewalk", "osm_id": "way/557540677" }, "geometry": { "type": "LineString", "coordinates": [ [ -119.7511525, 36.810221 ], [ -119.7512783, 36.8099631 ], [ -119.7513067, 36.8099047 ], [ -119.7514092, 36.8096946 ] ] } },
{ "type": "Feature", "properties": { "name": null, "highway": "footway", "footway": "sidewalk", "osm_id": "way/557540678" }, "geometry": { "type": "LineString", "coordinates": [ [ -119.7514092, 36.8096946 ], [ -119.7514819, 36.8097204 ], [ -119.7515563, 36.8097353 ] ] } },
{ "type": "Feature", "properties": { "name": null, "highway": "footway", "footway": "sidewalk", "osm_id": "way/557540679" }, "geometry": { "type": "LineString", "coordinates": [ [ -119.7513067, 36.8099047 ], [ -119.7513003, 36.8095631 ], [ -119.75133, 36.8096199 ], [ -119.7513663, 36.8096635 ], [ -119.7514092, 36.8096946 ] ] } },
{ "type": "Feature", "properties": { "name": null, "highway": "footway", "footway": "sidewalk", "osm_id": "way/557540680" }, "geometry": { "type": "LineString", "coordinates": [ [ -119.7513003, 36.8095631 ], [ -119.751292, 36.8095049 ], [ -119.7513102, 36.8094467 ], [ -119.7513581, 36.8094018 ], [ -119.7514307, 36.8093648 ] ] } },
{ "type": "Feature", "properties": { "name": null, "highway": "footway", "footway": "sidewalk", "osm_id": "way/557540681" }, "geometry": { "type": "LineString", "coordinates": [ [ -119.7516617, 36.8097677 ], [ -119.751751, 36.8098037 ], [ -119.7518881, 36.8098301 ], [ -119.7520383, 36.8098704 ], [ -119.7521638, 36.8098896 ], [ -119.7522761, 36.8099021 ], [ -119.7523916, 36.8099068 ] ] } },
{ "type": "Feature", "properties": { "name": null, "highway": "footway", "footway": "sidewalk", "osm_id": "way/557540683" }, "geometry": { "type": "LineString", "coordinates": [ [ -119.7512783, 36.8099631 ], [ -119.7511909, 36.8098499 ], [ -119.751195, 36.8090172 ], [ -119.7512392, 36.8090194 ], [ -119.7512848, 36.8090097 ], [ -119.7513224, 36.8089893 ], [ -119.7513532, 36.8089582 ], [ -119.7513814, 36.8089259 ], [ -119.7519092, 36.8089265 ], [ -119.7524006, 36.808927 ], [ -119.7523916, 36.8099068 ], [ -119.7523902, 36.8101615 ], [ -119.7523895, 36.8105059 ], [ -119.752389, 36.8106673 ], [ -119.7523898, 36.8109419 ] ] } },
{ "type": "Feature", "properties": { "name": null, "highway": "footway", "footway": "sidewalk", "osm_id": "way/557540684" }, "geometry": { "type": "LineString", "coordinates": [ [ -119.7516406, 36.810941 ], [ -119.7522036, 36.8109417 ], [ -119.7523898, 36.8109419 ] ] } },
{ "type": "Feature", "properties": { "name": null, "highway": "footway", "footway": "sidewalk", "osm_id": "way/557540685" }, "geometry": { "type": "LineString", "coordinates": [ [ -119.7508421, 36.8124042 ], [ -119.7508664, 36.8123493 ], [ -119.7509631, 36.8121956 ] ] } },
{ "type": "Feature", "properties": { "name": null, "highway": "footway", "footway": "sidewalk", "osm_id": "way/557540686" }, "geometry": { "type": "LineString", "coordinates": [ [ -119.7507631, 36.8122047 ], [ -119.7508133, 36.8122001 ], [ -119.7508634, 36.8121966 ], [ -119.7509631, 36.8121956 ], [ -119.7510785, 36.8121961 ], [ -119.751107, 36.8121885 ], [ -119.7511321, 36.8121805 ], [ -119.7511614, 36.8121635 ], [ -119.7512343, 36.8121051 ], [ -119.7512824, 36.8120764 ], [ -119.7513262, 36.8120621 ], [ -119.7513781, 36.8120564 ], [ -119.7514509, 36.8120525 ], [ -119.7515135, 36.8120489 ], [ -119.7515534, 36.8120388 ], [ -119.7515983, 36.8120228 ], [ -119.7516208, 36.8120088 ], [ -119.7516406, 36.8119917 ], [ -119.7516611, 36.8119665 ], [ -119.7516776, 36.8119381 ], [ -119.7516861, 36.8119097 ], [ -119.7517127, 36.8117837 ], [ -119.7517468, 36.8116546 ], [ -119.7518303, 36.8115362 ], [ -119.7519403, 36.8114087 ], [ -119.7521911, 36.811125 ], [ -119.7522504, 36.8111251 ], [ -119.753163, 36.8111273 ], [ -119.7540429, 36.8111293 ] ] } },
{ "type": "Feature", "properties": { "name": null, "highway": "footway", "footway": "sidewalk", "osm_id": "way/557540687" }, "geometry": { "type": "LineString", "coordinates": [ [ -119.750995, 36.8133065 ], [ -119.750976, 36.8133588 ], [ -119.7509757, 36.8133925 ], [ -119.7509754, 36.8134898 ], [ -119.7509714, 36.8138733 ], [ -119.7509706, 36.8142612 ], [ -119.7513085, 36.8142666 ], [ -119.7514411, 36.8142681 ], [ -119.7516163, 36.8142701 ], [ -119.7516163, 36.8151131 ], [ -119.7516651, 36.8151595 ], [ -119.751657, 36.8156949 ], [ -119.751743, 36.8157163 ], [ -119.7517769, 36.815725 ], [ -119.7524394, 36.8157289 ], [ -119.7536792, 36.815738 ], [ -119.75395, 36.8157551 ], [ -119.7540148, 36.8157688 ] ] } },
{ "type": "Feature", "properties": { "name": null, "highway": "footway", "footway": "sidewalk", "osm_id": "way/557540688" }, "geometry": { "type": "LineString", "coordinates": [ [ -119.7509714, 36.8138733 ], [ -119.7513135, 36.8138738 ], [ -119.7514437, 36.8138739 ], [ -119.7516964, 36.8138743 ] ] } },
{ "type": "Feature", "properties": { "name": null, "highway": "footway", "footway": "sidewalk", "osm_id": "way/557540689" }, "geometry": { "type": "LineString", "coordinates": [ [ -119.7514411, 36.8142681 ], [ -119.7514415, 36.8141667 ], [ -119.7514437, 36.8138739 ] ] } },
{ "type": "Feature", "properties": { "name": null, "highway": "footway", "footway": "sidewalk", "osm_id": "way/557540690" }, "geometry": { "type": "LineString", "coordinates": [ [ -119.7513085, 36.8142666 ], [ -119.7513135, 36.8138738 ] ] } },
{ "type": "Feature", "properties": { "name": null, "highway": "footway", "footway": "sidewalk", "osm_id": "way/557540691" }, "geometry": { "type": "LineString", "coordinates": [ [ -119.750862, 36.8139958 ], [ -119.7508405, 36.8140546 ] ] } },
{ "type": "Feature", "properties": { "name": null, "highway": "footway", "footway": "sidewalk", "osm_id": "way/557540692" }, "geometry": { "type": "LineString", "coordinates": [ [ -119.7508428, 36.8141318 ], [ -119.750844, 36.8142611 ] ] } },
{ "type": "Feature", "properties": { "name": null, "highway": "footway", "footway": "sidewalk", "osm_id": "way/557540693" }, "geometry": { "type": "LineString", "coordinates": [ [ -119.750672, 36.8142714 ], [ -119.750482, 36.8142689 ], [ -119.7503851, 36.8141919 ], [ -119.7500788, 36.8141903 ], [ -119.7491427, 36.814184 ], [ -119.7489353, 36.8141813 ], [ -119.7489356, 36.8143535 ], [ -119.7489366, 36.8146777 ] ] } },
{ "type": "Feature", "properties": { "name": null, "highway": "footway", "footway": "crossing", "osm_id": "way/557540694" }, "geometry": { "type": "LineString", "coordinates": [ [ -119.7508405, 36.8140546 ], [ -119.7508412, 36.8140906 ], [ -119.7508428, 36.8141318 ] ] } },
{ "type": "Feature", "properties": { "name": null, "highway": "footway", "footway": "crossing", "osm_id": "way/557540695" }, "geometry": { "type": "LineString", "coordinates": [ [ -119.7509706, 36.8142612 ], [ -119.7509231, 36.814262 ], [ -119.7508836, 36.8142616 ] ] } },
{ "type": "Feature", "properties": { "name": null, "highway": "footway", "footway": "crossing", "osm_id": "way/557540696" }, "geometry": { "type": "LineString", "coordinates": [ [ -119.7507966, 36.8142696 ], [ -119.7507419, 36.8142709 ], [ -119.750672, 36.8142714 ] ] } },
{ "type": "Feature", "properties": { "name": null, "highway": "footway", "footway": "crossing", "osm_id": "way/557540697" }, "geometry": { "type": "LineString", "coordinates": [ [ -119.7500788, 36.8141903 ], [ -119.7500156, 36.8141247 ], [ -119.7500152, 36.8140908 ], [ -119.7500169, 36.8140494 ], [ -119.7499421, 36.8139909 ] ] } },
{ "type": "Feature", "properties": { "name": null, "highway": "footway", "footway": "sidewalk", "osm_id": "way/557540698" }, "geometry": { "type": "LineString", "coordinates": [ [ -119.750482, 36.8142689 ], [ -119.7504807, 36.8147502 ], [ -119.7504767, 36.8152728 ], [ -119.7506732, 36.8152689 ], [ -119.7508205, 36.8152709 ], [ -119.7509155, 36.8152718 ] ] } },
{ "type": "Feature", "properties": { "name": null, "highway": "footway", "footway": "sidewalk", "osm_id": "way/557540699" }, "geometry": { "type": "LineString", "coordinates": [ [ -119.7508205, 36.8152709 ], [ -119.7508155, 36.8157726 ] ] } },
{ "type": "Feature", "properties": { "name": null, "highway": "footway", "footway": "sidewalk", "osm_id": "way/557540700" }, "geometry": { "type": "LineString", "coordinates": [ [ -119.751743, 36.8157163 ], [ -119.7516115, 36.8157688 ], [ -119.7515625, 36.8157701 ] ] } },
{ "type": "Feature", "properties": { "name": null, "highway": "footway", "footway": "sidewalk", "osm_id": "way/557540701" }, "geometry": { "type": "LineString", "coordinates": [ [ -119.751657, 36.8156949 ], [ -119.7515212, 36.8156604 ] ] } },
{ "type": "Feature", "properties": { "name": null, "highway": "footway", "footway": "crossing", "osm_id": "way/557540702" }, "geometry": { "type": "LineString", "coordinates": [ [ -119.7515625, 36.8157701 ], [ -119.7514752, 36.8157699 ], [ -119.7514157, 36.8157689 ] ] } },
{ "type": "Feature", "properties": { "name": null, "highway": "footway", "footway": "sidewalk", "osm_id": "way/557540703" }, "geometry": { "type": "LineString", "coordinates": [ [ -119.7514157, 36.8157689 ], [ -119.7509944, 36.8157679 ] ] } },
{ "type": "Feature", "properties": { "name": null, "highway": "footway", "footway": "crossing", "osm_id": "way/557540704" }, "geometry": { "type": "LineString", "coordinates": [ [ -119.7509944, 36.8157679 ], [ -119.7509111, 36.8157701 ], [ -119.7508155, 36.8157726 ] ] } },
{ "type": "Feature", "properties": { "name": null, "highway": "footway", "footway": "crossing", "osm_id": "way/557540705" }, "geometry": { "type": "LineString", "coordinates": [ [ -119.7509944, 36.8157679 ], [ -119.7509937, 36.8158711 ], [ -119.7509932, 36.8159509 ] ] } },
{ "type": "Feature", "properties": { "name": null, "highway": "footway", "footway": "crossing", "osm_id": "way/557540706" }, "geometry": { "type": "LineString", "coordinates": [ [ -119.7508155, 36.8157726 ], [ -119.7508165, 36.8158712 ], [ -119.7508155, 36.8159469 ] ] } },
{ "type": "Feature", "properties": { "name": null, "highway": "footway", "footway": "sidewalk", "osm_id": "way/557540710" }, "geometry": { "type": "LineString", "coordinates": [ [ -119.7509944, 36.8157679 ], [ -119.7509682, 36.8156574 ], [ -119.7509707, 36.8143582 ] ] } },
{ "type": "Feature", "properties": { "name": null, "highway": "footway", "footway": "crossing", "osm_id": "way/557540711" }, "geometry": { "type": "LineString", "coordinates": [ [ -119.7509707, 36.8143582 ], [ -119.7509701, 36.8143213 ], [ -119.7509706, 36.8142612 ] ] } },
{ "type": "Feature", "properties": { "name": null, "highway": "footway", "footway": "sidewalk", "osm_id": "way/558164322" }, "geometry": { "type": "LineString", "coordinates": [ [ -119.7508155, 36.8157726 ], [ -119.7494085, 36.815766 ], [ -119.7491694, 36.8157648 ], [ -119.7489295, 36.8157637 ] ] } },
{ "type": "Feature", "properties": { "name": null, "highway": "footway", "footway": "crossing", "osm_id": "way/558164323" }, "geometry": { "type": "LineString", "coordinates": [ [ -119.7489295, 36.8157637 ], [ -119.7488679, 36.8157643 ], [ -119.748806, 36.8157638 ] ] } },
{ "type": "Feature", "properties": { "name": null, "highway": "footway", "footway": "sidewalk", "osm_id": "way/558164325" }, "geometry": { "type": "LineString", "coordinates": [ [ -119.748806, 36.8157638 ], [ -119.7484534, 36.8157666 ] ] } },
{ "type": "Feature", "properties": { "name": null, "highway": "footway", "footway": "crossing", "osm_id": "way/558164327" }, "geometry": { "type": "LineString", "coordinates": [ [ -119.7484534, 36.8157666 ], [ -119.748408, 36.8157663 ], [ -119.7483297, 36.8157657 ] ] } },
{ "type": "Feature", "properties": { "name": null, "highway": "footway", "footway": "sidewalk", "osm_id": "way/558164330" }, "geometry": { "type": "LineString", "coordinates": [ [ -119.7483297, 36.8157657 ], [ -119.7477669, 36.8157675 ] ] } },
{ "type": "Feature", "properties": { "name": null, "highway": "footway", "footway": "crossing", "osm_id": "way/558164332" }, "geometry": { "type": "LineString", "coordinates": [ [ -119.7477669, 36.8157675 ], [ -119.7476834, 36.8157665 ], [ -119.7476198, 36.8157657 ] ] } },
{ "type": "Feature", "properties": { "name": null, "highway": "footway", "footway": "sidewalk", "osm_id": "way/558164334" }, "geometry": { "type": "LineString", "coordinates": [ [ -119.7476198, 36.8157657 ], [ -119.7473652, 36.8157648 ], [ -119.7462679, 36.815761 ] ] } },
{ "type": "Feature", "properties": { "name": null, "highway": "footway", "footway": "crossing", "osm_id": "way/558164336" }, "geometry": { "type": "LineString", "coordinates": [ [ -119.7462679, 36.815761 ], [ -119.7462181, 36.815761 ], [ -119.7462153, 36.8157621 ], [ -119.7461441, 36.815761 ] ] } },
{ "type": "Feature", "properties": { "name": null, "highway": "footway", "footway": "sidewalk", "osm_id": "way/558164339" }, "geometry": { "type": "LineString", "coordinates": [ [ -119.7461441, 36.815761 ], [ -119.7453479, 36.8157563 ] ] } },
{ "type": "Feature", "properties": { "name": null, "highway": "footway", "footway": "crossing", "osm_id": "way/558164341" }, "geometry": { "type": "LineString", "coordinates": [ [ -119.7453479, 36.8157563 ], [ -119.7453467, 36.8158477 ], [ -119.7453455, 36.815933 ] ] } },
{ "type": "Feature", "properties": { "name": null, "highway": "footway", "footway": null, "osm_id": "way/558164343" }, "geometry": { "type": "LineString", "coordinates": [ [ -119.7453455, 36.815933 ], [ -119.7461374, 36.8159359 ] ] } },
{ "type": "Feature", "properties": { "name": null, "highway": "footway", "footway": "crossing", "osm_id": "way/558164345" }, "geometry": { "type": "LineString", "coordinates": [ [ -119.7461374, 36.8159359 ], [ -119.7462171, 36.8159367 ], [ -119.7462622, 36.8159371 ] ] } },
{ "type": "Feature", "properties": { "name": null, "highway": "footway", "footway": "sidewalk", "osm_id": "way/558164347" }, "geometry": { "type": "LineString", "coordinates": [ [ -119.7462622, 36.8159371 ], [ -119.7472112, 36.8159402 ] ] } },
{ "type": "Feature", "properties": { "name": null, "highway": "footway", "footway": "crossing", "osm_id": "way/558164349" }, "geometry": { "type": "LineString", "coordinates": [ [ -119.7472112, 36.8159402 ], [ -119.7472928, 36.8159494 ], [ -119.7473652, 36.8159575 ] ] } },
{ "type": "Feature", "properties": { "name": null, "highway": "footway", "footway": "crossing", "osm_id": "way/558164352" }, "geometry": { "type": "LineString", "coordinates": [ [ -119.7473652, 36.8159575 ], [ -119.7473652, 36.8158625 ], [ -119.7473652, 36.8157648 ] ] } },
{ "type": "Feature", "properties": { "name": null, "highway": "footway", "footway": "sidewalk", "osm_id": "way/558164354" }, "geometry": { "type": "LineString", "coordinates": [ [ -119.7473652, 36.8159575 ], [ -119.7477528, 36.8159599 ], [ -119.7479086, 36.8159609 ], [ -119.7479573, 36.8159437 ] ] } },
{ "type": "Feature", "properties": { "name": null, "highway": "footway", "footway": "crossing", "osm_id": "way/558164356" }, "geometry": { "type": "LineString", "coordinates": [ [ -119.7479573, 36.8159437 ], [ -119.7480621, 36.8159454 ] ] } },
{ "type": "Feature", "properties": { "name": null, "highway": "footway", "footway": "sidewalk", "osm_id": "way/558164359" }, "geometry": { "type": "LineString", "coordinates": [ [ -119.7480621, 36.8159454 ], [ -119.7488027, 36.8159526 ] ] } },
{ "type": "Feature", "properties": { "name": null, "highway": "footway", "footway": "crossing", "osm_id": "way/558164361" }, "geometry": { "type": "LineString", "coordinates": [ [ -119.7488027, 36.8159526 ], [ -119.7488662, 36.815953 ], [ -119.748929, 36.8159533 ] ] } },
{ "type": "Feature", "properties": { "name": null, "highway": "footway", "footway": "crossing", "osm_id": "way/558164363" }, "geometry": { "type": "LineString", "coordinates": [ [ -119.7488027, 36.8159526 ], [ -119.7488041, 36.8158731 ], [ -119.748806, 36.8157638 ] ] } },
{ "type": "Feature", "properties": { "name": null, "highway": "footway", "footway": "crossing", "osm_id": "way/558164366" }, "geometry": { "type": "LineString", "coordinates": [ [ -119.748929, 36.8159533 ], [ -119.7489292, 36.8158734 ], [ -119.7489295, 36.8157637 ] ] } },
{ "type": "Feature", "properties": { "name": null, "highway": "footway", "footway": "sidewalk", "osm_id": "way/558164368" }, "geometry": { "type": "LineString", "coordinates": [ [ -119.748929, 36.8159533 ], [ -119.7508155, 36.8159469 ] ] } },
{ "type": "Feature", "properties": { "name": null, "highway": "footway", "footway": "crossing", "osm_id": "way/558164371" }, "geometry": { "type": "LineString", "coordinates": [ [ -119.7508155, 36.8159469 ], [ -119.7509096, 36.815949 ], [ -119.7509932, 36.8159509 ] ] } },
{ "type": "Feature", "properties": { "name": null, "highway": "footway", "footway": "sidewalk", "osm_id": "way/558164373" }, "geometry": { "type": "LineString", "coordinates": [ [ -119.7509932, 36.8159509 ], [ -119.7516383, 36.8159531 ], [ -119.751675, 36.8159532 ] ] } },
{ "type": "Feature", "properties": { "name": null, "highway": "footway", "footway": "sidewalk", "osm_id": "way/558164375" }, "geometry": { "type": "LineString", "coordinates": [ [ -119.7524394, 36.8157289 ], [ -119.7525774, 36.8153101 ], [ -119.7526521, 36.814859 ], [ -119.7527039, 36.8147692 ], [ -119.7528102, 36.8146806 ], [ -119.7529338, 36.8146323 ], [ -119.7530862, 36.8146139 ], [ -119.7533277, 36.8146185 ] ] } },
{ "type": "Feature", "properties": { "name": null, "highway": "footway", "footway": "sidewalk", "osm_id": "way/558164377" }, "geometry": { "type": "LineString", "coordinates": [ [ -119.7424976, 36.8097728 ], [ -119.742342, 36.8097918 ], [ -119.742342, 36.8098713 ] ] } },
{ "type": "Feature", "properties": { "name": null, "highway": "footway", "footway": "crossing", "osm_id": "way/558164380" }, "geometry": { "type": "LineString", "coordinates": [ [ -119.7423383, 36.8102435 ], [ -119.7423383, 36.8102163 ], [ -119.7423414, 36.8099259 ], [ -119.742342, 36.8098713 ] ] } },
{ "type": "Feature", "properties": { "name": null, "highway": "footway", "footway": null, "osm_id": "way/558166094" }, "geometry": { "type": "LineString", "coordinates": [ [ -119.7423383, 36.810324 ], [ -119.7430907, 36.8103315 ] ] } },
{ "type": "Feature", "properties": { "name": null, "highway": "footway", "footway": "sidewalk", "osm_id": "way/558166095" }, "geometry": { "type": "LineString", "coordinates": [ [ -119.7430907, 36.8103315 ], [ -119.7430907, 36.8107363 ] ] } },
{ "type": "Feature", "properties": { "name": null, "highway": "footway", "footway": "sidewalk", "osm_id": "way/558166096" }, "geometry": { "type": "LineString", "coordinates": [ [ -119.7430907, 36.8107363 ], [ -119.7423156, 36.8107264 ] ] } },
{ "type": "Feature", "properties": { "name": null, "highway": "footway", "footway": "sidewalk", "osm_id": "way/558166097" }, "geometry": { "type": "LineString", "coordinates": [ [ -119.7423156, 36.8108722 ], [ -119.7423611, 36.8108587 ], [ -119.7425274, 36.8108609 ], [ -119.7428976, 36.8108287 ], [ -119.7430853, 36.8108265 ], [ -119.7430853, 36.8109725 ] ] } },
{ "type": "Feature", "properties": { "name": null, "highway": "footway", "footway": "sidewalk", "osm_id": "way/558166098" }, "geometry": { "type": "LineString", "coordinates": [ [ -119.7421921, 36.8108738 ], [ -119.7421465, 36.8108566 ], [ -119.7418408, 36.8108566 ], [ -119.7417925, 36.8108866 ], [ -119.7416557, 36.8108866 ], [ -119.7416074, 36.8108566 ], [ -119.7408842, 36.8108671 ], [ -119.7408805, 36.8108985 ], [ -119.740961, 36.811037 ] ] } },
{ "type": "Feature", "properties": { "name": null, "highway": "footway", "footway": "sidewalk", "osm_id": "way/558166099" }, "geometry": { "type": "LineString", "coordinates": [ [ -119.7406908, 36.8108809 ], [ -119.7406694, 36.8108932 ], [ -119.7406732, 36.8119935 ], [ -119.7406836, 36.8120225 ] ] } },
{ "type": "Feature", "properties": { "name": null, "highway": "footway", "footway": "sidewalk", "osm_id": "way/558166100" }, "geometry": { "type": "LineString", "coordinates": [ [ -119.7406845, 36.8121635 ], [ -119.7406474, 36.8121849 ], [ -119.7406123, 36.8121966 ], [ -119.7396306, 36.8121901 ], [ -119.7393839, 36.8122202 ], [ -119.7389306, 36.8123254 ], [ -119.7368867, 36.81232 ], [ -119.7366453, 36.8123394 ], [ -119.7365085, 36.8123823 ], [ -119.7364281, 36.8124446 ], [ -119.7363852, 36.812509 ], [ -119.7363798, 36.8125681 ] ] } },
{ "type": "Feature", "properties": { "name": null, "highway": "footway", "footway": "traffic_island", "osm_id": "way/558166101" }, "geometry": { "type": "LineString", "coordinates": [ [ -119.7362712, 36.8125639 ], [ -119.7362632, 36.8125635 ], [ -119.7362601, 36.8125621 ], [ -119.7362588, 36.8125592 ], [ -119.7362578, 36.8125441 ], [ -119.7362555, 36.8125399 ], [ -119.7362483, 36.812537 ], [ -119.7362351, 36.8125382 ] ] } },
{ "type": "Feature", "properties": { "name": null, "highway": "footway", "footway": "sidewalk", "osm_id": "way/558166102" }, "geometry": { "type": "LineString", "coordinates": [ [ -119.7347599, 36.812158 ], [ -119.7358921, 36.8121704 ], [ -119.7359535, 36.8121711 ], [ -119.7360052, 36.8121522 ], [ -119.736125, 36.8120015 ], [ -119.7361446, 36.8119312 ] ] } },
{ "type": "Feature", "properties": { "name": null, "highway": "footway", "footway": "traffic_island", "osm_id": "way/558166104" }, "geometry": { "type": "LineString", "coordinates": [ [ -119.7362481, 36.8119317 ], [ -119.7362581, 36.8119314 ], [ -119.7362633, 36.811936 ], [ -119.7362677, 36.8119557 ], [ -119.7362717, 36.8119613 ], [ -119.7362805, 36.8119634 ] ] } },
{ "type": "Feature", "properties": { "name": null, "highway": "footway", "footway": "sidewalk", "osm_id": "way/558166105" }, "geometry": { "type": "LineString", "coordinates": [ [ -119.7363918, 36.8119507 ], [ -119.7364537, 36.8120623 ], [ -119.7366218, 36.8121429 ], [ -119.7366764, 36.8121441 ], [ -119.736984, 36.812151 ] ] } },
{ "type": "Feature", "properties": { "name": null, "highway": "footway", "footway": "crossing", "osm_id": "way/558166107" }, "geometry": { "type": "LineString", "coordinates": [ [ -119.7366453, 36.8123394 ], [ -119.7366315, 36.812304 ] ] } },
{ "type": "Feature", "properties": { "name": null, "highway": "footway", "footway": "crossing", "osm_id": "way/558166108" }, "geometry": { "type": "LineString", "coordinates": [ [ -119.7366722, 36.8122519 ], [ -119.7366736, 36.8122149 ], [ -119.7366764, 36.8121441 ] ] } },
{ "type": "Feature", "properties": { "name": null, "highway": "footway", "footway": "crossing", "osm_id": "way/558166109" }, "geometry": { "type": "LineString", "coordinates": [ [ -119.7363798, 36.8125681 ], [ -119.736319, 36.8125657 ], [ -119.7362712, 36.8125639 ] ] } },
{ "type": "Feature", "properties": { "name": null, "highway": "footway", "footway": "crossing", "osm_id": "way/558166111" }, "geometry": { "type": "LineString", "coordinates": [ [ -119.7362351, 36.8125382 ], [ -119.7361801, 36.8125425 ], [ -119.7361187, 36.8125493 ] ] } },
{ "type": "Feature", "properties": { "name": null, "highway": "footway", "footway": "crossing", "osm_id": "way/558166113" }, "geometry": { "type": "LineString", "coordinates": [ [ -119.7361446, 36.8119312 ], [ -119.736205, 36.8119315 ], [ -119.7362481, 36.8119317 ] ] } },
{ "type": "Feature", "properties": { "name": null, "highway": "footway", "footway": "crossing", "osm_id": "way/558166116" }, "geometry": { "type": "LineString", "coordinates": [ [ -119.7362805, 36.8119634 ], [ -119.7363341, 36.8119573 ], [ -119.7363918, 36.8119507 ] ] } },
{ "type": "Feature", "properties": { "name": null, "highway": "footway", "footway": "sidewalk", "osm_id": "way/558166118" }, "geometry": { "type": "LineString", "coordinates": [ [ -119.7421594, 36.8107268 ], [ -119.742124, 36.8107332 ], [ -119.7409242, 36.8107282 ], [ -119.7408924, 36.8107154 ] ] } },
{ "type": "Feature", "properties": { "name": null, "highway": "footway", "footway": "crossing", "osm_id": "way/558166125" }, "geometry": { "type": "LineString", "coordinates": [ [ -119.7406942, 36.8107218 ], [ -119.740771, 36.8107193 ], [ -119.7408924, 36.8107154 ], [ -119.740887, 36.8107872 ], [ -119.7408842, 36.8108671 ], [ -119.74077, 36.8108752 ], [ -119.7406908, 36.8108809 ], [ -119.740692, 36.8107997 ], [ -119.7406942, 36.8107218 ] ] } },
{ "type": "Feature", "properties": { "name": null, "highway": "footway", "footway": "sidewalk", "osm_id": "way/558166130" }, "geometry": { "type": "LineString", "coordinates": [ [ -119.7406942, 36.8107218 ], [ -119.7406712, 36.8107055 ], [ -119.7406759, 36.8102432 ], [ -119.7406765, 36.8101877 ] ] } },
{ "type": "Feature", "properties": { "name": null, "highway": "footway", "footway": "sidewalk", "osm_id": "way/558166137" }, "geometry": { "type": "LineString", "coordinates": [ [ -119.74068, 36.8100977 ], [ -119.7406818, 36.8097272 ], [ -119.7406623, 36.809536 ] ] } },
{ "type": "Feature", "properties": { "name": null, "highway": "footway", "footway": "sidewalk", "osm_id": "way/558166139" }, "geometry": { "type": "LineString", "coordinates": [ [ -119.7406428, 36.8087482 ], [ -119.7406415, 36.8091513 ], [ -119.7406411, 36.8092887 ], [ -119.740657, 36.8094559 ] ] } },
{ "type": "Feature", "properties": { "name": null, "highway": "footway", "footway": "sidewalk", "osm_id": "way/558166141" }, "geometry": { "type": "LineString", "coordinates": [ [ -119.7406415, 36.8091513 ], [ -119.7403572, 36.8091498 ], [ -119.7393908, 36.8091446 ], [ -119.7378078, 36.8091327 ], [ -119.7376876, 36.8090727 ], [ -119.7376027, 36.8090713 ], [ -119.7375419, 36.8090988 ], [ -119.7374563, 36.8091379 ], [ -119.7365216, 36.8091314 ] ] } },
{ "type": "Feature", "properties": { "name": null, "highway": "footway", "footway": "sidewalk", "osm_id": "way/558166144" }, "geometry": { "type": "LineString", "coordinates": [ [ -119.7375419, 36.8090988 ], [ -119.7371246, 36.8087654 ], [ -119.737105, 36.8087386 ] ] } },
{ "type": "Feature", "properties": { "name": null, "highway": "footway", "footway": "sidewalk", "osm_id": "way/558166146" }, "geometry": { "type": "LineString", "coordinates": [ [ -119.7393908, 36.8091446 ], [ -119.7394757, 36.8090783 ], [ -119.7398814, 36.8087641 ], [ -119.7398895, 36.808746 ] ] } },
{ "type": "Feature", "properties": { "name": null, "highway": "footway", "footway": "sidewalk", "osm_id": "way/558166148" }, "geometry": { "type": "LineString", "coordinates": [ [ -119.737105, 36.8087386 ], [ -119.7398895, 36.808746 ] ] } },
{ "type": "Feature", "properties": { "name": null, "highway": "footway", "footway": "sidewalk", "osm_id": "way/558166150" }, "geometry": { "type": "LineString", "coordinates": [ [ -119.7398895, 36.808746 ], [ -119.7406428, 36.8087482 ] ] } },
{ "type": "Feature", "properties": { "name": null, "highway": "footway", "footway": "sidewalk", "osm_id": "way/558166156" }, "geometry": { "type": "LineString", "coordinates": [ [ -119.7463235, 36.8099646 ], [ -119.7464963, 36.8098359 ], [ -119.7465239, 36.8098161 ], [ -119.7467159, 36.8099632 ] ] } },
{ "type": "Feature", "properties": { "name": null, "highway": "footway", "footway": "sidewalk", "osm_id": "way/558166158" }, "geometry": { "type": "LineString", "coordinates": [ [ -119.7468095, 36.8099582 ], [ -119.7470054, 36.80981 ], [ -119.7470403, 36.80981 ], [ -119.7471099, 36.8099991 ] ] } },
{ "type": "Feature", "properties": { "name": null, "highway": "footway", "footway": "sidewalk", "osm_id": "way/558166160" }, "geometry": { "type": "LineString", "coordinates": [ [ -119.7453676, 36.8090423 ], [ -119.7454457, 36.8090418 ], [ -119.7455758, 36.8089407 ], [ -119.745828, 36.8091416 ], [ -119.7457066, 36.8092211 ], [ -119.7457319, 36.8092398 ], [ -119.7461165, 36.8095527 ] ] } },
{ "type": "Feature", "properties": { "name": null, "highway": "footway", "footway": "sidewalk", "osm_id": "way/558166163" }, "geometry": { "type": "LineString", "coordinates": [ [ -119.7456268, 36.8092648 ], [ -119.7457319, 36.8092398 ], [ -119.7458202, 36.8092126 ], [ -119.7458878, 36.8091908 ], [ -119.7459923, 36.8091716 ], [ -119.746049, 36.8091716 ], [ -119.7460577, 36.8091882 ], [ -119.7459836, 36.8092178 ], [ -119.7458899, 36.8092745 ], [ -119.745903, 36.8092911 ], [ -119.7459923, 36.8092737 ], [ -119.7460817, 36.8092597 ], [ -119.7461819, 36.809258 ], [ -119.746181, 36.8093447 ], [ -119.7461819, 36.8093609 ] ] } },
{ "type": "Feature", "properties": { "name": null, "highway": "footway", "footway": "crossing", "osm_id": "way/558167726" }, "geometry": { "type": "LineString", "coordinates": [ [ -119.7406765, 36.8101877 ], [ -119.7406783, 36.8101408 ], [ -119.74068, 36.8100977 ] ] } },
{ "type": "Feature", "properties": { "name": null, "highway": "footway", "footway": "crossing", "osm_id": "way/558167727" }, "geometry": { "type": "LineString", "coordinates": [ [ -119.7406623, 36.809536 ], [ -119.7406597, 36.8094961 ], [ -119.740657, 36.8094559 ] ] } },
{ "type": "Feature", "properties": { "name": null, "highway": "footway", "footway": "sidewalk", "osm_id": "way/558167728" }, "geometry": { "type": "LineString", "coordinates": [ [ -119.7403833, 36.8095665 ], [ -119.7403928, 36.8095722 ], [ -119.7404179, 36.8095871 ], [ -119.7404591, 36.8095972 ], [ -119.7404777, 36.8095966 ], [ -119.7405022, 36.8095957 ], [ -119.7405397, 36.8095839 ], [ -119.7405706, 36.8095633 ], [ -119.740592, 36.8095359 ], [ -119.7406016, 36.8095046 ], [ -119.740601, 36.8094989 ], [ -119.7405984, 36.8094725 ], [ -119.7405828, 36.8094427 ], [ -119.7405563, 36.8094184 ], [ -119.7405217, 36.809402 ], [ -119.7404824, 36.8093951 ], [ -119.7404396, 36.809399 ], [ -119.7404008, 36.8094141 ], [ -119.7403896, 36.8094233 ], [ -119.7403707, 36.8094388 ], [ -119.7403526, 36.8094701 ], [ -119.7403487, 36.8095045 ], [ -119.7403593, 36.8095379 ], [ -119.7403833, 36.8095665 ] ] } },
{ "type": "Feature", "properties": { "name": null, "highway": "footway", "footway": "sidewalk", "osm_id": "way/558167729" }, "geometry": { "type": "LineString", "coordinates": [ [ -119.7403896, 36.8094233 ], [ -119.7403558, 36.8093985 ], [ -119.7403572, 36.8091498 ] ] } },
{ "type": "Feature", "properties": { "name": null, "highway": "footway", "footway": "sidewalk", "osm_id": "way/558167730" }, "geometry": { "type": "LineString", "coordinates": [ [ -119.7403928, 36.8095722 ], [ -119.7403529, 36.8095965 ], [ -119.7403518, 36.8101143 ], [ -119.7403515, 36.8102415 ] ] } },
{ "type": "Feature", "properties": { "name": null, "highway": "footway", "footway": "sidewalk", "osm_id": "way/558167731" }, "geometry": { "type": "LineString", "coordinates": [ [ -119.7403518, 36.8101143 ], [ -119.7401821, 36.8101138 ], [ -119.7395515, 36.810112 ], [ -119.7393813, 36.8101115 ] ] } },
{ "type": "Feature", "properties": { "name": null, "highway": "footway", "footway": "sidewalk", "osm_id": "way/558167732" }, "geometry": { "type": "LineString", "coordinates": [ [ -119.7406759, 36.8102432 ], [ -119.7403515, 36.8102415 ], [ -119.7401802, 36.8102411 ], [ -119.7395496, 36.8102395 ], [ -119.7393817, 36.810238 ], [ -119.7377946, 36.8102352 ] ] } },
{ "type": "Feature", "properties": { "name": null, "highway": "footway", "footway": "sidewalk", "osm_id": "way/558167733" }, "geometry": { "type": "LineString", "coordinates": [ [ -119.7393817, 36.810238 ], [ -119.7393813, 36.8101115 ], [ -119.7393873, 36.8094958 ], [ -119.7393908, 36.8091446 ] ] } },
{ "type": "Feature", "properties": { "name": null, "highway": "footway", "footway": "sidewalk", "osm_id": "way/558167734" }, "geometry": { "type": "LineString", "coordinates": [ [ -119.7401802, 36.8102411 ], [ -119.7401821, 36.8101138 ] ] } },
{ "type": "Feature", "properties": { "name": null, "highway": "footway", "footway": "sidewalk", "osm_id": "way/558167735" }, "geometry": { "type": "LineString", "coordinates": [ [ -119.7395496, 36.8102395 ], [ -119.7395515, 36.810112 ] ] } },
{ "type": "Feature", "properties": { "name": null, "highway": "footway", "footway": "crossing", "osm_id": "way/558167736" }, "geometry": { "type": "LineString", "coordinates": [ [ -119.7393839, 36.8122202 ], [ -119.7393692, 36.8121738 ], [ -119.7393565, 36.8121339 ] ] } },
{ "type": "Feature", "properties": { "name": null, "highway": "footway", "footway": "sidewalk", "osm_id": "way/558167737" }, "geometry": { "type": "LineString", "coordinates": [ [ -119.7393565, 36.8121339 ], [ -119.7392911, 36.812017 ] ] } },
{ "type": "Feature", "properties": { "name": null, "highway": "footway", "footway": "crossing", "osm_id": "way/558167738" }, "geometry": { "type": "LineString", "coordinates": [ [ -119.7392911, 36.812017 ], [ -119.7392916, 36.8119345 ], [ -119.7392925, 36.8117711 ], [ -119.7392934, 36.8116094 ], [ -119.7392943, 36.8114443 ], [ -119.7392952, 36.8112783 ], [ -119.7392961, 36.8111157 ], [ -119.739297, 36.8109498 ], [ -119.7392975, 36.8108611 ] ] } },
{ "type": "Feature", "properties": { "name": null, "highway": "footway", "footway": "sidewalk", "osm_id": "way/558167739" }, "geometry": { "type": "LineString", "coordinates": [ [ -119.7393818, 36.8107715 ], [ -119.7393817, 36.810238 ] ] } },
{ "type": "Feature", "properties": { "name": null, "highway": "footway", "footway": "sidewalk", "osm_id": "way/558167740" }, "geometry": { "type": "LineString", "coordinates": [ [ -119.7377946, 36.8102352 ], [ -119.7377912, 36.8107494 ], [ -119.7377915, 36.8107606 ] ] } },
{ "type": "Feature", "properties": { "name": null, "highway": "footway", "footway": "crossing", "osm_id": "way/558167741" }, "geometry": { "type": "LineString", "coordinates": [ [ -119.7378706, 36.8108568 ], [ -119.7378706, 36.8109414 ], [ -119.7378705, 36.8111101 ], [ -119.7378705, 36.8112718 ], [ -119.7378705, 36.8114378 ], [ -119.7378704, 36.811602 ], [ -119.7378704, 36.8117646 ], [ -119.7378703, 36.8119308 ], [ -119.7378703, 36.8120908 ], [ -119.7378703, 36.812143 ] ] } },
{ "type": "Feature", "properties": { "name": null, "highway": "footway", "footway": "sidewalk", "osm_id": "way/558167742" }, "geometry": { "type": "LineString", "coordinates": [ [ -119.7364664, 36.8106976 ], [ -119.736488, 36.809776 ], [ -119.7364894, 36.8096669 ], [ -119.7365162, 36.809452 ], [ -119.7365216, 36.8091314 ], [ -119.736531, 36.8087719 ], [ -119.7365315, 36.8087389 ], [ -119.737105, 36.8087386 ] ] } },
{ "type": "Feature", "properties": { "name": null, "highway": "footway", "footway": "sidewalk", "osm_id": "way/558167743" }, "geometry": { "type": "LineString", "coordinates": [ [ -119.7364664, 36.8106976 ], [ -119.7366077, 36.8107287 ], [ -119.7366964, 36.8107465 ], [ -119.7368084, 36.8107468 ], [ -119.7376314, 36.8107493 ], [ -119.7377912, 36.8107494 ] ] } },
{ "type": "Feature", "properties": { "name": null, "highway": "footway", "footway": "crossing", "osm_id": "way/558167744" }, "geometry": { "type": "LineString", "coordinates": [ [ -119.7364664, 36.8106976 ], [ -119.7364638, 36.8107854 ], [ -119.7364638, 36.8108599 ] ] } },
{ "type": "Feature", "properties": { "name": null, "highway": "footway", "footway": "sidewalk", "osm_id": "way/558167745" }, "geometry": { "type": "LineString", "coordinates": [ [ -119.7364638, 36.8108599 ], [ -119.7364434, 36.8118523 ], [ -119.7363918, 36.8119507 ] ] } },
{ "type": "Feature", "properties": { "name": null, "highway": "footway", "footway": "sidewalk", "osm_id": "way/558167747" }, "geometry": { "type": "LineString", "coordinates": [ [ -119.7429929, 36.8087447 ], [ -119.7409132, 36.8087407 ] ] } },
{ "type": "Feature", "properties": { "name": null, "highway": "footway", "footway": "sidewalk", "osm_id": "way/558167748" }, "geometry": { "type": "LineString", "coordinates": [ [ -119.7409132, 36.8087407 ], [ -119.7410595, 36.8088991 ] ] } },
{ "type": "Feature", "properties": { "name": null, "highway": "footway", "footway": "crossing", "osm_id": "way/558167749" }, "geometry": { "type": "LineString", "coordinates": [ [ -119.7409132, 36.8087407 ], [ -119.7407999, 36.8087502 ], [ -119.7407093, 36.808749 ], [ -119.7406428, 36.8087482 ] ] } },
{ "type": "Feature", "properties": { "name": null, "highway": "footway", "footway": "crossing", "osm_id": "way/558167750" }, "geometry": { "type": "LineString", "coordinates": [ [ -119.7408682, 36.8120432 ], [ -119.7408674, 36.8120977 ], [ -119.7408682, 36.8121601 ] ] } },
{ "type": "Feature", "properties": { "name": null, "highway": "footway", "footway": "crossing", "osm_id": "way/558167751" }, "geometry": { "type": "LineString", "coordinates": [ [ -119.7408682, 36.8121601 ], [ -119.740772, 36.8121629 ], [ -119.7406845, 36.8121635 ] ] } },
{ "type": "Feature", "properties": { "name": null, "highway": "footway", "footway": "crossing", "osm_id": "way/558167753" }, "geometry": { "type": "LineString", "coordinates": [ [ -119.7406845, 36.8121635 ], [ -119.7406864, 36.8120952 ], [ -119.7406836, 36.8120225 ] ] } },
{ "type": "Feature", "properties": { "name": null, "highway": "footway", "footway": "crossing", "osm_id": "way/558167755" }, "geometry": { "type": "LineString", "coordinates": [ [ -119.7406836, 36.8120225 ], [ -119.740772, 36.8120326 ], [ -119.7408682, 36.8120432 ] ] } },
{ "type": "Feature", "properties": { "name": null, "highway": "footway", "footway": "sidewalk", "osm_id": "way/558167757" }, "geometry": { "type": "LineString", "coordinates": [ [ -119.7408682, 36.8121601 ], [ -119.7409292, 36.812167 ] ] } },
{ "type": "Feature", "properties": { "name": null, "highway": "footway", "footway": "crossing", "osm_id": "way/558167758" }, "geometry": { "type": "LineString", "coordinates": [ [ -119.7409292, 36.812167 ], [ -119.7409787, 36.8121685 ], [ -119.7410403, 36.8121705 ] ] } },
{ "type": "Feature", "properties": { "name": null, "highway": "footway", "footway": "sidewalk", "osm_id": "way/558167759" }, "geometry": { "type": "LineString", "coordinates": [ [ -119.7410403, 36.8121705 ], [ -119.7410403, 36.8122342 ], [ -119.7424869, 36.8122368 ] ] } },
{ "type": "Feature", "properties": { "name": null, "highway": "footway", "footway": "crossing", "osm_id": "way/558167760" }, "geometry": { "type": "LineString", "coordinates": [ [ -119.7424869, 36.8122368 ], [ -119.7425346, 36.8122391 ], [ -119.7425904, 36.8122418 ] ] } },
{ "type": "Feature", "properties": { "name": null, "highway": "footway", "footway": "sidewalk", "osm_id": "way/558167761" }, "geometry": { "type": "LineString", "coordinates": [ [ -119.7429929, 36.8087447 ], [ -119.7451523, 36.8087503 ] ] } },
{ "type": "Feature", "properties": { "name": null, "highway": "footway", "footway": "crossing", "osm_id": "way/558167762" }, "geometry": { "type": "LineString", "coordinates": [ [ -119.7452625, 36.8087493 ], [ -119.7453718, 36.8087507 ] ] } },
{ "type": "Feature", "properties": { "name": null, "highway": "footway", "footway": "sidewalk", "osm_id": "way/558167763" }, "geometry": { "type": "LineString", "coordinates": [ [ -119.7453718, 36.8087507 ], [ -119.7453919, 36.8087525 ], [ -119.7495584, 36.80877 ] ] } },
{ "type": "Feature", "properties": { "name": null, "highway": "footway", "footway": "crossing", "osm_id": "way/558167764" }, "geometry": { "type": "LineString", "coordinates": [ [ -119.7495584, 36.80877 ], [ -119.7495906, 36.8087701 ], [ -119.749733, 36.8087705 ], [ -119.7498866, 36.8087725 ] ] } },
{ "type": "Feature", "properties": { "name": null, "highway": "footway", "footway": "sidewalk", "osm_id": "way/558167765" }, "geometry": { "type": "LineString", "coordinates": [ [ -119.7498866, 36.8087725 ], [ -119.7540163, 36.8087867 ] ] } },
{ "type": "Feature", "properties": { "name": null, "highway": "footway", "footway": "sidewalk", "osm_id": "way/558167766" }, "geometry": { "type": "LineString", "coordinates": [ [ -119.7540163, 36.8087867 ], [ -119.7540225, 36.808831 ], [ -119.7540398, 36.8096205 ], [ -119.7540398, 36.8104794 ], [ -119.7540416, 36.8109559 ] ] } },
{ "type": "Feature", "properties": { "name": null, "highway": "footway", "footway": "crossing", "osm_id": "way/558167767" }, "geometry": { "type": "LineString", "coordinates": [ [ -119.7540429, 36.8111293 ], [ -119.7540406, 36.8110412 ], [ -119.7540416, 36.8109559 ] ] } },
{ "type": "Feature", "properties": { "name": null, "highway": "footway", "footway": "sidewalk", "osm_id": "way/558557979" }, "geometry": { "type": "LineString", "coordinates": [ [ -119.7453563, 36.8140284 ], [ -119.7453757, 36.8139761 ], [ -119.7453702, 36.813696 ], [ -119.7454022, 36.8136304 ] ] } },
{ "type": "Feature", "properties": { "name": null, "highway": "footway", "footway": "sidewalk", "osm_id": "way/558557980" }, "geometry": { "type": "LineString", "coordinates": [ [ -119.7451175, 36.8155712 ], [ -119.7451336, 36.8141463 ] ] } },
{ "type": "Feature", "properties": { "name": null, "highway": "footway", "footway": "sidewalk", "osm_id": "way/558557981" }, "geometry": { "type": "LineString", "coordinates": [ [ -119.7453515, 36.8141474 ], [ -119.74535, 36.814493 ], [ -119.7453479, 36.8157347 ], [ -119.7453479, 36.8157563 ] ] } },
{ "type": "Feature", "properties": { "name": "Fresno State Farm", "highway": "footway", "footway": null, "osm_id": "way/564769406" }, "geometry": { "type": "LineString", "coordinates": [ [ -119.7358862, 36.8266238 ], [ -119.735767, 36.8266495 ], [ -119.7332603, 36.8266437 ], [ -119.7329124, 36.8266656 ], [ -119.7328447, 36.8266649 ], [ -119.7325838, 36.8266411 ], [ -119.7299595, 36.8266026 ], [ -119.7299247, 36.8265929 ], [ -119.7298986, 36.8265532 ], [ -119.7299009, 36.8263528 ], [ -119.7298875, 36.8262897 ], [ -119.7298153, 36.8262089 ], [ -119.7297358, 36.8261368 ], [ -119.7297274, 36.8260684 ], [ -119.7297045, 36.8239034 ], [ -119.7296275, 36.8234791 ], [ -119.7295917, 36.8233345 ], [ -119.7295942, 36.8232621 ], [ -119.7296287, 36.8232192 ], [ -119.7297111, 36.8231906 ], [ -119.7356871, 36.82324 ], [ -119.7358246, 36.8233483 ], [ -119.7358644, 36.8234958 ], [ -119.7359248, 36.8262321 ], [ -119.7358862, 36.8266238 ] ] } },
{ "type": "Feature", "properties": { "name": null, "highway": "footway", "footway": "sidewalk", "osm_id": "way/649707151" }, "geometry": { "type": "LineString", "coordinates": [ [ -119.7475601, 36.8108239 ], [ -119.7467513, 36.8108293 ], [ -119.7467513, 36.8111023 ], [ -119.7467513, 36.8114235 ], [ -119.7468135, 36.8114838 ], [ -119.7471324, 36.8114737 ], [ -119.7471995, 36.8115628 ], [ -119.7475713, 36.8115572 ], [ -119.7476174, 36.8116566 ], [ -119.7478609, 36.811658 ], [ -119.7480424, 36.8119096 ] ] } },
{ "type": "Feature", "properties": { "name": null, "highway": "footway", "footway": "sidewalk", "osm_id": "way/660996649" }, "geometry": { "type": "LineString", "coordinates": [ [ -119.7493543, 36.8100048 ], [ -119.7493528, 36.8099267 ], [ -119.7493502, 36.8097958 ], [ -119.7493436, 36.8097905 ], [ -119.7492115, 36.8098972 ], [ -119.7490786, 36.8100044 ] ] } },
{ "type": "Feature", "properties": { "name": null, "highway": "footway", "footway": "sidewalk", "osm_id": "way/660996650" }, "geometry": { "type": "LineString", "coordinates": [ [ -119.7496635, 36.8101596 ], [ -119.7489903, 36.8101586 ] ] } },
{ "type": "Feature", "properties": { "name": null, "highway": "footway", "footway": "crossing", "osm_id": "way/660996651" }, "geometry": { "type": "LineString", "coordinates": [ [ -119.7488828, 36.811188 ], [ -119.7488821, 36.8111438 ], [ -119.7488821, 36.8110992 ] ] } },
{ "type": "Feature", "properties": { "name": null, "highway": "footway", "footway": "sidewalk", "osm_id": "way/660996652" }, "geometry": { "type": "LineString", "coordinates": [ [ -119.7488821, 36.8110992 ], [ -119.7488838, 36.8108276 ], [ -119.7488417, 36.8106438 ], [ -119.748821, 36.8105526 ], [ -119.7487764, 36.8103021 ], [ -119.7487781, 36.8102486 ], [ -119.7487822, 36.8101798 ] ] } },
{ "type": "Feature", "properties": { "name": null, "highway": "footway", "footway": "sidewalk", "osm_id": "way/660996653" }, "geometry": { "type": "LineString", "coordinates": [ [ -119.7498122, 36.8103672 ], [ -119.7498735, 36.8103565 ], [ -119.7499508, 36.8103541 ], [ -119.7501022, 36.8103801 ], [ -119.75015, 36.8104045 ], [ -119.7502892, 36.8104452 ] ] } },
{ "type": "Feature", "properties": { "name": null, "highway": "footway", "footway": "sidewalk", "osm_id": "way/660996665" }, "geometry": { "type": "LineString", "coordinates": [ [ -119.7489366, 36.8146777 ], [ -119.7489297, 36.8148031 ], [ -119.7489304, 36.8150282 ], [ -119.7489275, 36.8154833 ], [ -119.7489295, 36.8157637 ] ] } },
{ "type": "Feature", "properties": { "name": null, "highway": "footway", "footway": "sidewalk", "osm_id": "way/660996666" }, "geometry": { "type": "LineString", "coordinates": [ [ -119.748806, 36.8157638 ], [ -119.7488126, 36.8147217 ], [ -119.7488118, 36.8146798 ], [ -119.7488132, 36.8146356 ], [ -119.7488283, 36.8145974 ], [ -119.7488305, 36.8143953 ], [ -119.748825, 36.8140818 ] ] } },
{ "type": "Feature", "properties": { "name": null, "highway": "footway", "footway": "sidewalk", "osm_id": "way/660996668" }, "geometry": { "type": "LineString", "coordinates": [ [ -119.7488126, 36.8147217 ], [ -119.7480919, 36.8147156 ] ] } },
{ "type": "Feature", "properties": { "name": null, "highway": "footway", "footway": "sidewalk", "osm_id": "way/711883990" }, "geometry": { "type": "LineString", "coordinates": [ [ -119.7492202, 36.8114759 ], [ -119.7492566, 36.811448 ], [ -119.7493066, 36.8114091 ], [ -119.7493621, 36.8113691 ], [ -119.7494145, 36.8113401 ], [ -119.7495129, 36.8112992 ], [ -119.7495917, 36.8112658 ], [ -119.7499429, 36.8111738 ] ] } },
{ "type": "Feature", "properties": { "name": null, "highway": "footway", "footway": "sidewalk", "osm_id": "way/712073560" }, "geometry": { "type": "LineString", "coordinates": [ [ -119.7485643, 36.8135572 ], [ -119.7488984, 36.8135566 ] ] } },
{ "type": "Feature", "properties": { "name": null, "highway": "footway", "footway": "sidewalk", "osm_id": "way/712073561" }, "geometry": { "type": "LineString", "coordinates": [ [ -119.748047, 36.814258 ], [ -119.7480438, 36.8140726 ] ] } },
{ "type": "Feature", "properties": { "name": null, "highway": "footway", "footway": "sidewalk", "osm_id": "way/712073562" }, "geometry": { "type": "LineString", "coordinates": [ [ -119.746136, 36.8144429 ], [ -119.7456122, 36.8143852 ] ] } },
{ "type": "Feature", "properties": { "name": null, "highway": "footway", "footway": "crossing", "osm_id": "way/712073563" }, "geometry": { "type": "LineString", "coordinates": [ [ -119.7445135, 36.814117 ], [ -119.7445149, 36.8140716 ], [ -119.7445141, 36.8140159 ] ] } },
{ "type": "Feature", "properties": { "name": null, "highway": "footway", "footway": "crossing", "osm_id": "way/712073564" }, "geometry": { "type": "LineString", "coordinates": [ [ -119.7425825, 36.8138236 ], [ -119.7425286, 36.8138236 ], [ -119.7424784, 36.8138236 ] ] } },
{ "type": "Feature", "properties": { "name": null, "highway": "footway", "footway": "crossing", "osm_id": "way/712073565" }, "geometry": { "type": "LineString", "coordinates": [ [ -119.7425873, 36.8132556 ], [ -119.7425307, 36.8132687 ], [ -119.7424773, 36.8132811 ] ] } },
{ "type": "Feature", "properties": { "name": null, "highway": "footway", "footway": "crossing", "osm_id": "way/712073566" }, "geometry": { "type": "LineString", "coordinates": [ [ -119.7425799, 36.8127928 ], [ -119.7425325, 36.8127928 ], [ -119.7424764, 36.8127929 ] ] } },
{ "type": "Feature", "properties": { "name": null, "highway": "footway", "footway": "crossing", "osm_id": "way/712073567" }, "geometry": { "type": "LineString", "coordinates": [ [ -119.7425133, 36.8113895 ], [ -119.7424593, 36.8114231 ], [ -119.74245, 36.8114289 ], [ -119.7423991, 36.8114606 ], [ -119.7423971, 36.8115967 ], [ -119.7423959, 36.8116773 ] ] } },
{ "type": "Feature", "properties": { "name": null, "highway": "footway", "footway": "sidewalk", "osm_id": "way/712073568" }, "geometry": { "type": "LineString", "coordinates": [ [ -119.742342, 36.8097918 ], [ -119.7423415, 36.8097199 ] ] } },
{ "type": "Feature", "properties": { "name": null, "highway": "footway", "footway": "crossing", "osm_id": "way/712073569" }, "geometry": { "type": "LineString", "coordinates": [ [ -119.7423415, 36.8097199 ], [ -119.7423427, 36.8096529 ], [ -119.7423435, 36.8095975 ] ] } },
{ "type": "Feature", "properties": { "name": null, "highway": "footway", "footway": "sidewalk", "osm_id": "way/712073570" }, "geometry": { "type": "LineString", "coordinates": [ [ -119.7423435, 36.8095975 ], [ -119.7423455, 36.8094966 ] ] } },
{ "type": "Feature", "properties": { "name": null, "highway": "footway", "footway": "sidewalk", "osm_id": "way/712073571" }, "geometry": { "type": "LineString", "coordinates": [ [ -119.7410525, 36.8105985 ], [ -119.7408924, 36.8107154 ] ] } },
{ "type": "Feature", "properties": { "name": null, "highway": "footway", "footway": "sidewalk", "osm_id": "way/712073572" }, "geometry": { "type": "LineString", "coordinates": [ [ -119.7438757, 36.8115764 ], [ -119.7438717, 36.8113967 ] ] } },
{ "type": "Feature", "properties": { "name": null, "highway": "footway", "footway": null, "osm_id": "way/712073573" }, "geometry": { "type": "LineString", "coordinates": [ [ -119.7451416, 36.8114012 ], [ -119.7449039, 36.8114043 ], [ -119.7448634, 36.8114057 ], [ -119.7448122, 36.8114214 ] ] } },
{ "type": "Feature", "properties": { "name": null, "highway": "footway", "footway": "sidewalk", "osm_id": "way/712073574" }, "geometry": { "type": "LineString", "coordinates": [ [ -119.7461435, 36.8121932 ], [ -119.7460912, 36.8121014 ], [ -119.7460269, 36.8120102 ], [ -119.7459612, 36.811935 ], [ -119.7459297, 36.8119103 ] ] } },
{ "type": "Feature", "properties": { "name": null, "highway": "footway", "footway": "sidewalk", "osm_id": "way/712073575" }, "geometry": { "type": "LineString", "coordinates": [ [ -119.7460711, 36.8118191 ], [ -119.7459303, 36.8118169 ] ] } },
{ "type": "Feature", "properties": { "name": null, "highway": "footway", "footway": null, "osm_id": "way/712073576" }, "geometry": { "type": "LineString", "coordinates": [ [ -119.7454184, 36.8133745 ], [ -119.7455226, 36.8130875 ] ] } },
{ "type": "Feature", "properties": { "name": null, "highway": "footway", "footway": null, "osm_id": "way/712073577" }, "geometry": { "type": "LineString", "coordinates": [ [ -119.7454184, 36.8133745 ], [ -119.7454231, 36.8135841 ], [ -119.7454022, 36.8136304 ] ] } },
{ "type": "Feature", "properties": { "name": null, "highway": "footway", "footway": "sidewalk", "osm_id": "way/712073578" }, "geometry": { "type": "LineString", "coordinates": [ [ -119.7446469, 36.8134672 ], [ -119.7446469, 36.8134393 ], [ -119.7446563, 36.8134135 ], [ -119.7446683, 36.8133888 ], [ -119.7446978, 36.8133566 ], [ -119.7447367, 36.8133233 ], [ -119.7447594, 36.8132972 ] ] } },
{ "type": "Feature", "properties": { "name": null, "highway": "footway", "footway": "crossing", "osm_id": "way/712073580" }, "geometry": { "type": "LineString", "coordinates": [ [ -119.7453479, 36.8157347 ], [ -119.7452289, 36.8157347 ], [ -119.7451404, 36.8157347 ] ] } },
{ "type": "Feature", "properties": { "name": null, "highway": "footway", "footway": "sidewalk", "osm_id": "way/712073581" }, "geometry": { "type": "LineString", "coordinates": [ [ -119.7451404, 36.8157347 ], [ -119.7451216, 36.8157337 ], [ -119.7451042, 36.8157326 ], [ -119.7450841, 36.8157294 ], [ -119.7450707, 36.8157251 ], [ -119.7450519, 36.8157122 ], [ -119.7450051, 36.8156794 ] ] } },
{ "type": "Feature", "properties": { "name": null, "highway": "footway", "footway": "sidewalk", "osm_id": "way/712073585" }, "geometry": { "type": "LineString", "coordinates": [ [ -119.744171, 36.8143846 ], [ -119.7443897, 36.814438 ], [ -119.7444806, 36.8144625 ], [ -119.7445639, 36.8145186 ], [ -119.7447495, 36.8145205 ] ] } },
{ "type": "Feature", "properties": { "name": null, "highway": "path", "footway": null, "osm_id": "way/712089284" }, "geometry": { "type": "LineString", "coordinates": [ [ -119.7378039, 36.8170596 ], [ -119.7377965, 36.8169243 ], [ -119.7378502, 36.8168631 ], [ -119.7378502, 36.8168329 ] ] } },
{ "type": "Feature", "properties": { "name": null, "highway": "footway", "footway": "crossing", "osm_id": "way/712089307" }, "geometry": { "type": "LineString", "coordinates": [ [ -119.739493, 36.8158748 ], [ -119.739493, 36.8158309 ], [ -119.739493, 36.8157793 ] ] } },
{ "type": "Feature", "properties": { "name": null, "highway": "footway", "footway": "sidewalk", "osm_id": "way/712089308" }, "geometry": { "type": "LineString", "coordinates": [ [ -119.739485, 36.8156859 ], [ -119.7394828, 36.8157345 ], [ -119.7394809, 36.8157782 ], [ -119.739493, 36.8157793 ] ] } },
{ "type": "Feature", "properties": { "name": null, "highway": "footway", "footway": "sidewalk", "osm_id": "way/712089309" }, "geometry": { "type": "LineString", "coordinates": [ [ -119.7392288, 36.8157342 ], [ -119.7394828, 36.8157345 ], [ -119.7398779, 36.815735 ], [ -119.7401569, 36.8157353 ], [ -119.7408516, 36.8157363 ] ] } },
{ "type": "Feature", "properties": { "name": null, "highway": "footway", "footway": "crossing", "osm_id": "way/712089310" }, "geometry": { "type": "LineString", "coordinates": [ [ -119.7410755, 36.8157718 ], [ -119.7409554, 36.8157705 ], [ -119.7408717, 36.8157696 ], [ -119.7408702, 36.8158347 ], [ -119.740869, 36.8158727 ] ] } },
{ "type": "Feature", "properties": { "name": null, "highway": "footway", "footway": "sidewalk", "osm_id": "way/712089311" }, "geometry": { "type": "LineString", "coordinates": [ [ -119.7408717, 36.8157696 ], [ -119.7408516, 36.8157363 ] ] } },
{ "type": "Feature", "properties": { "name": null, "highway": "footway", "footway": "sidewalk", "osm_id": "way/712089312" }, "geometry": { "type": "LineString", "coordinates": [ [ -119.7398771, 36.815832 ], [ -119.7398779, 36.815735 ], [ -119.7398785, 36.8156733 ] ] } },
{ "type": "Feature", "properties": { "name": null, "highway": "footway", "footway": "sidewalk", "osm_id": "way/712089313" }, "geometry": { "type": "LineString", "coordinates": [ [ -119.7408516, 36.8157363 ], [ -119.7408508, 36.8153287 ], [ -119.740851, 36.8153136 ], [ -119.7408548, 36.8150806 ] ] } },
{ "type": "Feature", "properties": { "name": null, "highway": "footway", "footway": "crossing", "osm_id": "way/712089314" }, "geometry": { "type": "LineString", "coordinates": [ [ -119.7408548, 36.8150806 ], [ -119.7408548, 36.8150383 ], [ -119.7408548, 36.8149969 ] ] } },
{ "type": "Feature", "properties": { "name": null, "highway": "footway", "footway": "sidewalk", "osm_id": "way/712089315" }, "geometry": { "type": "LineString", "coordinates": [ [ -119.7408548, 36.8149969 ], [ -119.7408561, 36.8148809 ] ] } },
{ "type": "Feature", "properties": { "name": null, "highway": "footway", "footway": "sidewalk", "osm_id": "way/712089322" }, "geometry": { "type": "LineString", "coordinates": [ [ -119.7402151, 36.8153126 ], [ -119.7406979, 36.8153134 ], [ -119.740851, 36.8153136 ] ] } },
{ "type": "Feature", "properties": { "name": null, "highway": "footway", "footway": "sidewalk", "osm_id": "way/712089323" }, "geometry": { "type": "LineString", "coordinates": [ [ -119.7406979, 36.8154672 ], [ -119.7406979, 36.8153134 ] ] } },
{ "type": "Feature", "properties": { "name": null, "highway": "footway", "footway": "sidewalk", "osm_id": "way/712089333" }, "geometry": { "type": "LineString", "coordinates": [ [ -119.7365847, 36.8156658 ], [ -119.7367108, 36.8156787 ], [ -119.7367309, 36.8157474 ], [ -119.736916, 36.8157442 ], [ -119.737148, 36.8157442 ], [ -119.7373241, 36.8157458 ] ] } },
{ "type": "Feature", "properties": { "name": null, "highway": "footway", "footway": "sidewalk", "osm_id": "way/712089334" }, "geometry": { "type": "LineString", "coordinates": [ [ -119.737148, 36.8157442 ], [ -119.7371292, 36.8156883 ], [ -119.7371279, 36.8154693 ] ] } },
{ "type": "Feature", "properties": { "name": null, "highway": "footway", "footway": "sidewalk", "osm_id": "way/712102644" }, "geometry": { "type": "LineString", "coordinates": [ [ -119.7506711, 36.8154818 ], [ -119.7506732, 36.8152689 ] ] } },
{ "type": "Feature", "properties": { "name": null, "highway": "footway", "footway": "sidewalk", "osm_id": "way/712102645" }, "geometry": { "type": "LineString", "coordinates": [ [ -119.7502889, 36.8153648 ], [ -119.7504096, 36.8153519 ], [ -119.750478, 36.8153176 ], [ -119.7504767, 36.8152728 ] ] } },
{ "type": "Feature", "properties": { "name": null, "highway": "footway", "footway": "crossing", "osm_id": "way/712102649" }, "geometry": { "type": "LineString", "coordinates": [ [ -119.7509714, 36.8138733 ], [ -119.7509243, 36.8138729 ], [ -119.7508618, 36.8138735 ] ] } },
{ "type": "Feature", "properties": { "name": null, "highway": "footway", "footway": "sidewalk", "osm_id": "way/712102650" }, "geometry": { "type": "LineString", "coordinates": [ [ -119.7506938, 36.8139949 ], [ -119.7506939, 36.8138735 ], [ -119.7508618, 36.8138735 ] ] } },
{ "type": "Feature", "properties": { "name": null, "highway": "footway", "footway": "sidewalk", "osm_id": "way/712102651" }, "geometry": { "type": "LineString", "coordinates": [ [ -119.7509754, 36.8134898 ], [ -119.7511136, 36.8134902 ], [ -119.751115, 36.8133935 ], [ -119.7509757, 36.8133925 ] ] } },
{ "type": "Feature", "properties": { "name": null, "highway": "footway", "footway": "crossing", "osm_id": "way/712102652" }, "geometry": { "type": "LineString", "coordinates": [ [ -119.7509754, 36.8134898 ], [ -119.750923, 36.8134794 ], [ -119.750861, 36.8134651 ] ] } },
{ "type": "Feature", "properties": { "name": null, "highway": "footway", "footway": "sidewalk", "osm_id": "way/712102653" }, "geometry": { "type": "LineString", "coordinates": [ [ -119.7494949, 36.810005 ], [ -119.7494453, 36.809991 ], [ -119.7494239, 36.8099824 ], [ -119.7493984, 36.8099684 ], [ -119.749385, 36.8099556 ], [ -119.7493729, 36.8099427 ], [ -119.7493528, 36.8099267 ] ] } },
{ "type": "Feature", "properties": { "name": null, "highway": "footway", "footway": "sidewalk", "osm_id": "way/712102654" }, "geometry": { "type": "LineString", "coordinates": [ [ -119.7492106, 36.8100046 ], [ -119.7492115, 36.8098972 ] ] } },
{ "type": "Feature", "properties": { "name": null, "highway": "footway", "footway": "sidewalk", "osm_id": "way/712102655" }, "geometry": { "type": "LineString", "coordinates": [ [ -119.7519092, 36.8089265 ], [ -119.7518274, 36.8091073 ] ] } },
{ "type": "Feature", "properties": { "name": null, "highway": "footway", "footway": "sidewalk", "osm_id": "way/712114434" }, "geometry": { "type": "LineString", "coordinates": [ [ -119.7485697, 36.8132837 ], [ -119.7485959, 36.8132841 ], [ -119.748898, 36.8132897 ] ] } },
{ "type": "Feature", "properties": { "name": null, "highway": "footway", "footway": "sidewalk", "osm_id": "way/784743802" }, "geometry": { "type": "LineString", "coordinates": [ [ -119.752326, 36.8137232 ], [ -119.7523632, 36.8134904 ], [ -119.7523675, 36.8128546 ] ] } },
{ "type": "Feature", "properties": { "name": null, "highway": "footway", "footway": "sidewalk", "osm_id": "way/832378860" }, "geometry": { "type": "LineString", "coordinates": [ [ -119.7186787, 36.8231601 ], [ -119.7187779, 36.8231311 ], [ -119.7188916, 36.8231317 ], [ -119.7187574, 36.823257 ], [ -119.7187575, 36.8233893 ], [ -119.7187412, 36.8235254 ], [ -119.7186824, 36.8236962 ], [ -119.718605, 36.8238427 ], [ -119.7184987, 36.8239735 ], [ -119.7183854, 36.824095 ], [ -119.7182535, 36.8241939 ], [ -119.7181029, 36.8242853 ], [ -119.7179525, 36.8243341 ], [ -119.7178854, 36.8243878 ], [ -119.717863, 36.8244383 ], [ -119.7178654, 36.8245653 ], [ -119.7178747, 36.8250894 ], [ -119.717875, 36.8251106 ], [ -119.7178834, 36.8257356 ], [ -119.7178874, 36.8259634 ], [ -119.717887, 36.8259812 ] ] } },
{ "type": "Feature", "properties": { "name": null, "highway": "footway", "footway": "sidewalk", "osm_id": "way/952917721" }, "geometry": { "type": "LineString", "coordinates": [ [ -119.7498866, 36.8087725 ], [ -119.7498646, 36.8088191 ], [ -119.7498601, 36.8089662 ], [ -119.7498532, 36.8090401 ], [ -119.7498365, 36.8090851 ], [ -119.7498153, 36.80911 ], [ -119.7498062, 36.809124 ], [ -119.749806, 36.8091934 ], [ -119.7498047, 36.8096712 ], [ -119.7498085, 36.8096961 ], [ -119.7498259, 36.8097186 ], [ -119.7498274, 36.8097634 ], [ -119.7498274, 36.8098164 ], [ -119.7498043, 36.8098486 ], [ -119.7497962, 36.8099913 ] ] } },
{ "type": "Feature", "properties": { "name": null, "highway": "footway", "footway": null, "osm_id": "way/952917722" }, "geometry": { "type": "LineString", "coordinates": [ [ -119.749806, 36.8091934 ], [ -119.7498463, 36.809197 ], [ -119.7498789, 36.8091952 ], [ -119.7499055, 36.8091936 ], [ -119.7499436, 36.8091945 ], [ -119.7499946, 36.8091962 ], [ -119.7500477, 36.8092022 ], [ -119.7501045, 36.8092082 ], [ -119.7501641, 36.8092224 ], [ -119.7502145, 36.8092361 ], [ -119.7502392, 36.8092421 ], [ -119.7502708, 36.8092344 ], [ -119.7502885, 36.8092245 ], [ -119.7503111, 36.8092061 ], [ -119.7503272, 36.8091803 ], [ -119.750339, 36.8091541 ], [ -119.7503529, 36.8091184 ], [ -119.7503599, 36.809088 ], [ -119.7503634, 36.8090547 ], [ -119.7503626, 36.8090089 ], [ -119.750362, 36.8089689 ] ] } },
{ "type": "Feature", "properties": { "name": null, "highway": "footway", "footway": null, "osm_id": "way/952917723" }, "geometry": { "type": "LineString", "coordinates": [ [ -119.7502392, 36.8092421 ], [ -119.7500991, 36.8095496 ], [ -119.7504039, 36.8096363 ], [ -119.7505262, 36.8096711 ], [ -119.7506679, 36.8097093 ], [ -119.7508238, 36.8097513 ], [ -119.7510903, 36.8098218 ], [ -119.7511909, 36.8098499 ] ] } },
{ "type": "Feature", "properties": { "name": null, "highway": "footway", "footway": null, "osm_id": "way/952917724" }, "geometry": { "type": "LineString", "coordinates": [ [ -119.7506679, 36.8097093 ], [ -119.7507157, 36.8096035 ], [ -119.750849, 36.8093087 ], [ -119.7505921, 36.8092296 ], [ -119.7505035, 36.8092022 ] ] } },
{ "type": "Feature", "properties": { "name": null, "highway": "footway", "footway": null, "osm_id": "way/952917725" }, "geometry": { "type": "LineString", "coordinates": [ [ -119.7505921, 36.8092296 ], [ -119.7504039, 36.8096363 ] ] } },
{ "type": "Feature", "properties": { "name": null, "highway": "footway", "footway": null, "osm_id": "way/952917726" }, "geometry": { "type": "LineString", "coordinates": [ [ -119.7508238, 36.8097513 ], [ -119.7508076, 36.8097144 ], [ -119.7507962, 36.8096858 ], [ -119.7507628, 36.8096421 ], [ -119.7507157, 36.8096035 ] ] } },
{ "type": "Feature", "properties": { "name": null, "highway": "footway", "footway": null, "osm_id": "way/952917727" }, "geometry": { "type": "LineString", "coordinates": [ [ -119.75082, 36.8103202 ], [ -119.7507145, 36.8102941 ], [ -119.7506679, 36.8102825 ], [ -119.7506259, 36.810371 ], [ -119.7505567, 36.8105155 ], [ -119.7505214, 36.8105911 ], [ -119.750416, 36.810813 ], [ -119.7501489, 36.810735 ], [ -119.7502563, 36.8105053 ], [ -119.7505214, 36.8105911 ] ] } },
{ "type": "Feature", "properties": { "name": null, "highway": "footway", "footway": null, "osm_id": "way/952917728" }, "geometry": { "type": "LineString", "coordinates": [ [ -119.7507145, 36.8102941 ], [ -119.7507478, 36.810216 ], [ -119.7504852, 36.8101425 ] ] } },
{ "type": "Feature", "properties": { "name": null, "highway": "footway", "footway": null, "osm_id": "way/952917729" }, "geometry": { "type": "LineString", "coordinates": [ [ -119.7506259, 36.810371 ], [ -119.7504117, 36.8103064 ], [ -119.7500856, 36.8102058 ], [ -119.750138, 36.8100929 ], [ -119.7504651, 36.8101893 ] ] } },
{ "type": "Feature", "properties": { "name": null, "highway": "footway", "footway": null, "osm_id": "way/952917730" }, "geometry": { "type": "LineString", "coordinates": [ [ -119.7504117, 36.8103064 ], [ -119.7504651, 36.8101893 ], [ -119.7504852, 36.8101425 ], [ -119.7504997, 36.8101087 ] ] } },
{ "type": "Feature", "properties": { "name": null, "highway": "footway", "footway": null, "osm_id": "way/952917733" }, "geometry": { "type": "LineString", "coordinates": [ [ -119.7516406, 36.810941 ], [ -119.7517298, 36.8107308 ] ] } },
{ "type": "Feature", "properties": { "name": null, "highway": "footway", "footway": null, "osm_id": "way/952917734" }, "geometry": { "type": "LineString", "coordinates": [ [ -119.7512481, 36.810872 ], [ -119.7511305, 36.8111277 ] ] } },
{ "type": "Feature", "properties": { "name": null, "highway": "footway", "footway": "sidewalk", "osm_id": "way/952917735" }, "geometry": { "type": "LineString", "coordinates": [ [ -119.7516776, 36.8119381 ], [ -119.751837, 36.8120834 ], [ -119.751988, 36.8122337 ] ] } },
{ "type": "Feature", "properties": { "name": null, "highway": "footway", "footway": "sidewalk", "osm_id": "way/952917736" }, "geometry": { "type": "LineString", "coordinates": [ [ -119.751837, 36.8120834 ], [ -119.7516954, 36.812221 ] ] } },
{ "type": "Feature", "properties": { "name": null, "highway": "footway", "footway": "sidewalk", "osm_id": "way/952917737" }, "geometry": { "type": "LineString", "coordinates": [ [ -119.751988, 36.8122337 ], [ -119.7519763, 36.8128893 ] ] } },
{ "type": "Feature", "properties": { "name": null, "highway": "footway", "footway": null, "osm_id": "way/952917738" }, "geometry": { "type": "LineString", "coordinates": [ [ -119.7508421, 36.8124042 ], [ -119.7508889, 36.812397 ], [ -119.7510432, 36.8123989 ] ] } },
{ "type": "Feature", "properties": { "name": null, "highway": "footway", "footway": null, "osm_id": "way/952917739" }, "geometry": { "type": "LineString", "coordinates": [ [ -119.7488747, 36.809073 ], [ -119.7487701, 36.8090769 ], [ -119.7480706, 36.8090692 ], [ -119.747997, 36.8090777 ], [ -119.7479727, 36.8091038 ], [ -119.7479744, 36.809226 ], [ -119.7479758, 36.8093237 ] ] } },
{ "type": "Feature", "properties": { "name": null, "highway": "footway", "footway": null, "osm_id": "way/952917740" }, "geometry": { "type": "LineString", "coordinates": [ [ -119.7479744, 36.809226 ], [ -119.7482144, 36.8092245 ] ] } },
{ "type": "Feature", "properties": { "name": null, "highway": "footway", "footway": null, "osm_id": "way/952917741" }, "geometry": { "type": "LineString", "coordinates": [ [ -119.7496611, 36.8092972 ], [ -119.7494595, 36.8092969 ], [ -119.7492862, 36.8092966 ], [ -119.7491605, 36.8092963 ] ] } },
{ "type": "Feature", "properties": { "name": null, "highway": "footway", "footway": null, "osm_id": "way/952917742" }, "geometry": { "type": "LineString", "coordinates": [ [ -119.7494595, 36.8092969 ], [ -119.7494599, 36.809358 ] ] } },
{ "type": "Feature", "properties": { "name": null, "highway": "footway", "footway": null, "osm_id": "way/952917743" }, "geometry": { "type": "LineString", "coordinates": [ [ -119.7492862, 36.8092966 ], [ -119.7492912, 36.8093573 ] ] } },
{ "type": "Feature", "properties": { "name": null, "highway": "footway", "footway": null, "osm_id": "way/952917744" }, "geometry": { "type": "LineString", "coordinates": [ [ -119.7489292, 36.8098167 ], [ -119.7489814, 36.8098136 ], [ -119.7489819, 36.8097395 ], [ -119.7489816, 36.8096032 ], [ -119.7489833, 36.8095271 ], [ -119.748902, 36.8095296 ] ] } },
{ "type": "Feature", "properties": { "name": null, "highway": "footway", "footway": null, "osm_id": "way/952917745" }, "geometry": { "type": "LineString", "coordinates": [ [ -119.7489819, 36.8097395 ], [ -119.748922, 36.8097401 ] ] } },
{ "type": "Feature", "properties": { "name": null, "highway": "footway", "footway": null, "osm_id": "way/952917746" }, "geometry": { "type": "LineString", "coordinates": [ [ -119.7489816, 36.8096032 ], [ -119.748909, 36.8096036 ] ] } },
{ "type": "Feature", "properties": { "name": null, "highway": "footway", "footway": null, "osm_id": "way/952917747" }, "geometry": { "type": "LineString", "coordinates": [ [ -119.7488927, 36.8094322 ], [ -119.7489648, 36.8094316 ] ] } },
{ "type": "Feature", "properties": { "name": null, "highway": "footway", "footway": null, "osm_id": "way/952917748" }, "geometry": { "type": "LineString", "coordinates": [ [ -119.7496621, 36.8096757 ], [ -119.7495319, 36.8096763 ] ] } },
{ "type": "Feature", "properties": { "name": null, "highway": "footway", "footway": "sidewalk", "osm_id": "way/952917749" }, "geometry": { "type": "LineString", "coordinates": [ [ -119.7504414, 36.8116571 ], [ -119.7504455, 36.8116073 ], [ -119.7504602, 36.8115593 ], [ -119.7505122, 36.8114625 ], [ -119.7505852, 36.8113012 ] ] } },
{ "type": "Feature", "properties": { "name": null, "highway": "footway", "footway": "sidewalk", "osm_id": "way/952917750" }, "geometry": { "type": "LineString", "coordinates": [ [ -119.7504414, 36.8116571 ], [ -119.7505123, 36.8115467 ], [ -119.7505597, 36.8114468 ] ] } },
{ "type": "Feature", "properties": { "name": null, "highway": "footway", "footway": "sidewalk", "osm_id": "way/952917752" }, "geometry": { "type": "LineString", "coordinates": [ [ -119.7498432, 36.8110794 ], [ -119.7495917, 36.8112658 ] ] } },
{ "type": "Feature", "properties": { "name": null, "highway": "footway", "footway": "sidewalk", "osm_id": "way/952917753" }, "geometry": { "type": "LineString", "coordinates": [ [ -119.74908, 36.8116495 ], [ -119.7489409, 36.8117985 ] ] } },
{ "type": "Feature", "properties": { "name": null, "highway": "footway", "footway": null, "osm_id": "way/952917754" }, "geometry": { "type": "LineString", "coordinates": [ [ -119.7488774, 36.8117955 ], [ -119.7489409, 36.8117985 ], [ -119.7492364, 36.8118509 ], [ -119.7492839, 36.811824 ], [ -119.7493047, 36.8118164 ], [ -119.7493317, 36.8118174 ], [ -119.7493711, 36.8118374 ], [ -119.7494212, 36.811852 ] ] } },
{ "type": "Feature", "properties": { "name": null, "highway": "footway", "footway": null, "osm_id": "way/952917755" }, "geometry": { "type": "LineString", "coordinates": [ [ -119.7488766, 36.8119341 ], [ -119.7490312, 36.8119348 ] ] } },
{ "type": "Feature", "properties": { "name": null, "highway": "footway", "footway": "sidewalk", "osm_id": "way/952917756" }, "geometry": { "type": "LineString", "coordinates": [ [ -119.7494182, 36.8127276 ], [ -119.7490814, 36.8127442 ], [ -119.749039, 36.8127945 ], [ -119.7490299, 36.8128285 ], [ -119.7488822, 36.8128062 ] ] } },
{ "type": "Feature", "properties": { "name": null, "highway": "footway", "footway": null, "osm_id": "way/952917757" }, "geometry": { "type": "LineString", "coordinates": [ [ -119.749039, 36.8127945 ], [ -119.7489299, 36.8127041 ], [ -119.7488806, 36.8126627 ] ] } },
{ "type": "Feature", "properties": { "name": null, "highway": "footway", "footway": "sidewalk", "osm_id": "way/952917758" }, "geometry": { "type": "LineString", "coordinates": [ [ -119.7488969, 36.81368 ], [ -119.7489975, 36.8136806 ], [ -119.7490617, 36.8137373 ], [ -119.7489975, 36.8137925 ], [ -119.7488957, 36.813792 ] ] } },
{ "type": "Feature", "properties": { "name": null, "highway": "footway", "footway": "sidewalk", "osm_id": "way/952917759" }, "geometry": { "type": "LineString", "coordinates": [ [ -119.7490617, 36.8137373 ], [ -119.7491176, 36.8137373 ] ] } },
{ "type": "Feature", "properties": { "name": null, "highway": "footway", "footway": "sidewalk", "osm_id": "way/952917760" }, "geometry": { "type": "LineString", "coordinates": [ [ -119.7479486, 36.8140783 ], [ -119.7478867, 36.8140234 ], [ -119.7478641, 36.8139512 ], [ -119.7478854, 36.8136415 ] ] } },
{ "type": "Feature", "properties": { "name": null, "highway": "footway", "footway": "sidewalk", "osm_id": "way/952917761" }, "geometry": { "type": "LineString", "coordinates": [ [ -119.7486538, 36.8140655 ], [ -119.748655, 36.8141062 ], [ -119.748651, 36.8144082 ] ] } },
{ "type": "Feature", "properties": { "name": null, "highway": "footway", "footway": "sidewalk", "osm_id": "way/952917762" }, "geometry": { "type": "LineString", "coordinates": [ [ -119.7488305, 36.8143953 ], [ -119.748655, 36.8141062 ] ] } },
{ "type": "Feature", "properties": { "name": null, "highway": "footway", "footway": "sidewalk", "osm_id": "way/952917764" }, "geometry": { "type": "LineString", "coordinates": [ [ -119.7491427, 36.814184 ], [ -119.7491414, 36.8143553 ], [ -119.7491403, 36.8145133 ] ] } },
{ "type": "Feature", "properties": { "name": null, "highway": "footway", "footway": "sidewalk", "osm_id": "way/952917765" }, "geometry": { "type": "LineString", "coordinates": [ [ -119.7489356, 36.8143535 ], [ -119.7491414, 36.8143553 ], [ -119.7492033, 36.8143555 ] ] } },
{ "type": "Feature", "properties": { "name": null, "highway": "footway", "footway": "sidewalk", "osm_id": "way/952917766" }, "geometry": { "type": "LineString", "coordinates": [ [ -119.7500926, 36.8148157 ], [ -119.7489297, 36.8148031 ] ] } },
{ "type": "Feature", "properties": { "name": null, "highway": "footway", "footway": "sidewalk", "osm_id": "way/952917769" }, "geometry": { "type": "LineString", "coordinates": [ [ -119.7489275, 36.8154833 ], [ -119.7490143, 36.8154841 ], [ -119.7492772, 36.8154865 ], [ -119.7493148, 36.8154855 ] ] } },
{ "type": "Feature", "properties": { "name": null, "highway": "footway", "footway": "sidewalk", "osm_id": "way/952917770" }, "geometry": { "type": "LineString", "coordinates": [ [ -119.7492772, 36.8154865 ], [ -119.749278, 36.8155694 ], [ -119.7492782, 36.8155895 ], [ -119.7493437, 36.81559 ], [ -119.7494084, 36.8155899 ], [ -119.7494084, 36.8156487 ], [ -119.7494085, 36.815766 ] ] } },
{ "type": "Feature", "properties": { "name": null, "highway": "footway", "footway": "sidewalk", "osm_id": "way/952917771" }, "geometry": { "type": "LineString", "coordinates": [ [ -119.7494084, 36.8156487 ], [ -119.7493433, 36.8156487 ], [ -119.7493437, 36.81559 ] ] } },
{ "type": "Feature", "properties": { "name": null, "highway": "footway", "footway": "sidewalk", "osm_id": "way/952917772" }, "geometry": { "type": "LineString", "coordinates": [ [ -119.7492782, 36.8155895 ], [ -119.7492777, 36.8156238 ], [ -119.7492159, 36.8156235 ], [ -119.7492155, 36.8155694 ], [ -119.749278, 36.8155694 ] ] } },
{ "type": "Feature", "properties": { "name": null, "highway": "footway", "footway": null, "osm_id": "way/952917773" }, "geometry": { "type": "LineString", "coordinates": [ [ -119.7491694, 36.8157648 ], [ -119.7490706, 36.8157021 ], [ -119.7490449, 36.8156824 ], [ -119.7490218, 36.8156609 ], [ -119.7490154, 36.8156411 ], [ -119.7490149, 36.8155393 ], [ -119.7490143, 36.8154841 ] ] } },
{ "type": "Feature", "properties": { "name": null, "highway": "footway", "footway": "sidewalk", "osm_id": "way/952917774" }, "geometry": { "type": "LineString", "coordinates": [ [ -119.7504807, 36.8147502 ], [ -119.7502432, 36.8147509 ], [ -119.7501271, 36.8147505 ], [ -119.7501269, 36.8146646 ] ] } },
{ "type": "Feature", "properties": { "name": null, "highway": "footway", "footway": "sidewalk", "osm_id": "way/952917775" }, "geometry": { "type": "LineString", "coordinates": [ [ -119.7502432, 36.8147509 ], [ -119.7502419, 36.8148293 ] ] } },
{ "type": "Feature", "properties": { "name": null, "highway": "footway", "footway": null, "osm_id": "way/952917776" }, "geometry": { "type": "LineString", "coordinates": [ [ -119.7470176, 36.813008 ], [ -119.7470347, 36.813008 ], [ -119.7470568, 36.813008 ], [ -119.7471574, 36.813008 ] ] } },
{ "type": "Feature", "properties": { "name": null, "highway": "footway", "footway": null, "osm_id": "way/952917777" }, "geometry": { "type": "LineString", "coordinates": [ [ -119.7470165, 36.8132668 ], [ -119.7471481, 36.8132639 ] ] } },
{ "type": "Feature", "properties": { "name": null, "highway": "footway", "footway": null, "osm_id": "way/952917778" }, "geometry": { "type": "LineString", "coordinates": [ [ -119.7470568, 36.813008 ], [ -119.7471439, 36.8132253 ], [ -119.7471481, 36.8132639 ] ] } },
{ "type": "Feature", "properties": { "name": null, "highway": "footway", "footway": null, "osm_id": "way/952917779" }, "geometry": { "type": "LineString", "coordinates": [ [ -119.7471439, 36.8132253 ], [ -119.7472012, 36.8132189 ], [ -119.7472335, 36.8132055 ], [ -119.7472629, 36.8132039 ] ] } },
{ "type": "Feature", "properties": { "name": null, "highway": "footway", "footway": null, "osm_id": "way/952917780" }, "geometry": { "type": "LineString", "coordinates": [ [ -119.7471341, 36.8128918 ], [ -119.7470347, 36.813008 ] ] } },
{ "type": "Feature", "properties": { "name": null, "highway": "footway", "footway": null, "osm_id": "way/952917783" }, "geometry": { "type": "LineString", "coordinates": [ [ -119.748769, 36.8097517 ], [ -119.7485193, 36.8097517 ] ] } },
{ "type": "Feature", "properties": { "name": null, "highway": "footway", "footway": null, "osm_id": "way/952917784" }, "geometry": { "type": "LineString", "coordinates": [ [ -119.7480995, 36.8099546 ], [ -119.7481026, 36.8097295 ], [ -119.7478075, 36.8097304 ], [ -119.7476571, 36.8097309 ] ] } },
{ "type": "Feature", "properties": { "name": null, "highway": "footway", "footway": null, "osm_id": "way/952917785" }, "geometry": { "type": "LineString", "coordinates": [ [ -119.7481026, 36.8097295 ], [ -119.748228, 36.8097288 ], [ -119.7482262, 36.809476 ], [ -119.7478082, 36.8094696 ], [ -119.7476591, 36.8094673 ] ] } },
{ "type": "Feature", "properties": { "name": null, "highway": "footway", "footway": null, "osm_id": "way/952917786" }, "geometry": { "type": "LineString", "coordinates": [ [ -119.7478082, 36.8094696 ], [ -119.7478079, 36.8095508 ], [ -119.7478075, 36.8097304 ] ] } },
{ "type": "Feature", "properties": { "name": null, "highway": "footway", "footway": null, "osm_id": "way/952917787" }, "geometry": { "type": "LineString", "coordinates": [ [ -119.7478079, 36.8095508 ], [ -119.7476584, 36.8095503 ] ] } },
{ "type": "Feature", "properties": { "name": null, "highway": "footway", "footway": "sidewalk", "osm_id": "way/952957719" }, "geometry": { "type": "LineString", "coordinates": [ [ -119.7409712, 36.8142418 ], [ -119.7409722, 36.8142862 ], [ -119.7408467, 36.8142866 ], [ -119.7408566, 36.8143498 ], [ -119.7409451, 36.8145144 ], [ -119.7410096, 36.8146316 ], [ -119.7410301, 36.8146929 ], [ -119.7410437, 36.8147725 ], [ -119.7410468, 36.8148527 ], [ -119.7410422, 36.8150392 ], [ -119.7410407, 36.8152857 ], [ -119.7410411, 36.8154072 ] ] } },
{ "type": "Feature", "properties": { "name": null, "highway": "footway", "footway": null, "osm_id": "way/952957723" }, "geometry": { "type": "LineString", "coordinates": [ [ -119.7374169, 36.8161174 ], [ -119.7376393, 36.8161145 ] ] } },
{ "type": "Feature", "properties": { "name": null, "highway": "footway", "footway": null, "osm_id": "way/952957729" }, "geometry": { "type": "LineString", "coordinates": [ [ -119.7449102, 36.8132488 ], [ -119.7449001, 36.8133503 ], [ -119.7448784, 36.8134341 ], [ -119.7448287, 36.8135454 ], [ -119.744784, 36.8136302 ], [ -119.7447509, 36.8137313 ], [ -119.7447419, 36.8137967 ], [ -119.7447316, 36.8138789 ], [ -119.7447324, 36.8139909 ] ] } },
{ "type": "Feature", "properties": { "name": null, "highway": "footway", "footway": null, "osm_id": "way/952957730" }, "geometry": { "type": "LineString", "coordinates": [ [ -119.7425793, 36.8127791 ], [ -119.7430217, 36.8127821 ] ] } },
{ "type": "Feature", "properties": { "name": null, "highway": "footway", "footway": null, "osm_id": "way/952957731" }, "geometry": { "type": "LineString", "coordinates": [ [ -119.7425827, 36.8126063 ], [ -119.7427885, 36.8126071 ] ] } },
{ "type": "Feature", "properties": { "name": null, "highway": "footway", "footway": null, "osm_id": "way/952957734" }, "geometry": { "type": "LineString", "coordinates": [ [ -119.7429882, 36.8097469 ], [ -119.7429886, 36.8097849 ], [ -119.7429883, 36.8098157 ] ] } },
{ "type": "Feature", "properties": { "name": null, "highway": "footway", "footway": null, "osm_id": "way/952957735" }, "geometry": { "type": "LineString", "coordinates": [ [ -119.7429886, 36.8097849 ], [ -119.7430452, 36.8098175 ], [ -119.7430801, 36.8098321 ], [ -119.7431047, 36.8098381 ], [ -119.7431391, 36.8098485 ], [ -119.74316, 36.8098648 ], [ -119.7431734, 36.8098918 ], [ -119.7431734, 36.8100082 ] ] } },
{ "type": "Feature", "properties": { "name": null, "highway": "footway", "footway": null, "osm_id": "way/952957736" }, "geometry": { "type": "LineString", "coordinates": [ [ -119.7431047, 36.8098381 ], [ -119.7431041, 36.8098514 ], [ -119.7430996, 36.8098605 ], [ -119.7430928, 36.809867 ], [ -119.7430834, 36.8098702 ], [ -119.7430563, 36.8098717 ] ] } },
{ "type": "Feature", "properties": { "name": null, "highway": "footway", "footway": null, "osm_id": "way/952957738" }, "geometry": { "type": "LineString", "coordinates": [ [ -119.7424946, 36.8099844 ], [ -119.7426345, 36.8099857 ] ] } },
{ "type": "Feature", "properties": { "name": null, "highway": "footway", "footway": null, "osm_id": "way/952957739" }, "geometry": { "type": "LineString", "coordinates": [ [ -119.7424938, 36.8101106 ], [ -119.7428421, 36.8101132 ] ] } },
{ "type": "Feature", "properties": { "name": null, "highway": "footway", "footway": null, "osm_id": "way/952957741" }, "geometry": { "type": "LineString", "coordinates": [ [ -119.7440365, 36.8098528 ], [ -119.7440199, 36.8098837 ], [ -119.7440116, 36.8099034 ], [ -119.7439935, 36.8099444 ], [ -119.7439838, 36.8100029 ] ] } },
{ "type": "Feature", "properties": { "name": null, "highway": "footway", "footway": null, "osm_id": "way/952957742" }, "geometry": { "type": "LineString", "coordinates": [ [ -119.7445694, 36.8102612 ], [ -119.7444255, 36.8103317 ] ] } },
{ "type": "Feature", "properties": { "name": null, "highway": "footway", "footway": null, "osm_id": "way/952957743" }, "geometry": { "type": "LineString", "coordinates": [ [ -119.7445788, 36.8104125 ], [ -119.7444255, 36.8103317 ] ] } },
{ "type": "Feature", "properties": { "name": null, "highway": "footway", "footway": "sidewalk", "osm_id": "way/952968285" }, "geometry": { "type": "LineString", "coordinates": [ [ -119.7419892, 36.8153412 ], [ -119.7419878, 36.8152397 ], [ -119.741987, 36.8151836 ], [ -119.7419873, 36.815074 ], [ -119.7419879, 36.8148864 ], [ -119.7419879, 36.8143082 ], [ -119.7419879, 36.8142441 ] ] } },
{ "type": "Feature", "properties": { "name": null, "highway": "footway", "footway": "sidewalk", "osm_id": "way/952968286" }, "geometry": { "type": "LineString", "coordinates": [ [ -119.7419873, 36.815074 ], [ -119.7419071, 36.8150736 ] ] } },
{ "type": "Feature", "properties": { "name": null, "highway": "footway", "footway": null, "osm_id": "way/952968287" }, "geometry": { "type": "LineString", "coordinates": [ [ -119.7419878, 36.8152397 ], [ -119.7420796, 36.8152405 ] ] } },
{ "type": "Feature", "properties": { "name": null, "highway": "footway", "footway": "sidewalk", "osm_id": "way/1043256188" }, "geometry": { "type": "LineString", "coordinates": [ [ -119.739006, 36.8032132 ], [ -119.7390359, 36.8032325 ], [ -119.7407047, 36.8032384 ], [ -119.7407068, 36.8038009 ], [ -119.7386757, 36.8037933 ], [ -119.738644, 36.8037913 ], [ -119.7386065, 36.803789 ], [ -119.7385743, 36.8037901 ], [ -119.7385423, 36.8037951 ], [ -119.7385016, 36.8038064 ], [ -119.738474, 36.8038173 ], [ -119.7384464, 36.8038316 ], [ -119.7384226, 36.8038487 ], [ -119.738394, 36.8038751 ], [ -119.738362, 36.803912 ], [ -119.738214, 36.8040893 ], [ -119.7382014, 36.8041067 ], [ -119.7381893, 36.8041281 ], [ -119.7381815, 36.8041463 ], [ -119.7381738, 36.80417 ], [ -119.7381439, 36.8042655 ], [ -119.7381289, 36.8043062 ], [ -119.738111, 36.8043489 ], [ -119.7380887, 36.8043974 ], [ -119.738002, 36.8045684 ], [ -119.7379026, 36.8047497 ], [ -119.7378723, 36.8047962 ], [ -119.7378365, 36.8048407 ], [ -119.7377804, 36.8048971 ], [ -119.7377296, 36.8049392 ], [ -119.7376587, 36.8049904 ], [ -119.7373571, 36.805209 ], [ -119.7373331, 36.8052266 ], [ -119.7372858, 36.8052614 ], [ -119.7372301, 36.8052955 ], [ -119.7371874, 36.8053204 ], [ -119.7371404, 36.8053351 ], [ -119.7370377, 36.805367 ], [ -119.7369771, 36.8053899 ], [ -119.7369209, 36.8054202 ], [ -119.7368627, 36.805459 ], [ -119.7368176, 36.8054947 ], [ -119.7367784, 36.8055323 ], [ -119.7367512, 36.805563 ], [ -119.736717, 36.8056088 ], [ -119.7363018, 36.8061637 ], [ -119.7362786, 36.8062019 ], [ -119.7362601, 36.806243 ], [ -119.7362504, 36.8062794 ], [ -119.7362449, 36.8063104 ], [ -119.7362437, 36.8063225 ], [ -119.7362431, 36.8064359 ], [ -119.7362389, 36.8071819 ], [ -119.7362375, 36.8074351 ], [ -119.7362369, 36.8075527 ], [ -119.7362401, 36.8079249 ], [ -119.7362439, 36.8083547 ], [ -119.7362145, 36.8083951 ] ] } },
{ "type": "Feature", "properties": { "name": null, "highway": "footway", "footway": "crossing", "osm_id": "way/1051742509" }, "geometry": { "type": "LineString", "coordinates": [ [ -119.7451523, 36.8087503 ], [ -119.7452625, 36.8087493 ] ] } },
{ "type": "Feature", "properties": { "name": null, "highway": "footway", "footway": "crossing", "osm_id": "way/1056785674" }, "geometry": { "type": "LineString", "coordinates": [ [ -119.7358555, 36.8123374 ], [ -119.735858, 36.8122826 ], [ -119.7358593, 36.8122669 ] ] } },
{ "type": "Feature", "properties": { "name": null, "highway": "footway", "footway": "crossing", "osm_id": "way/1056785675" }, "geometry": { "type": "LineString", "coordinates": [ [ -119.7358948, 36.8122395 ], [ -119.7358943, 36.8122184 ], [ -119.7358921, 36.8121704 ] ] } },
{ "type": "Feature", "properties": { "name": null, "highway": "footway", "footway": "traffic_island", "osm_id": "way/1056785676" }, "geometry": { "type": "LineString", "coordinates": [ [ -119.7358593, 36.8122669 ], [ -119.7358586, 36.8122573 ], [ -119.7358607, 36.8122547 ], [ -119.7358659, 36.8122533 ], [ -119.7358885, 36.8122525 ], [ -119.735893, 36.8122507 ], [ -119.7358945, 36.8122474 ], [ -119.7358948, 36.8122395 ] ] } },
{ "type": "Feature", "properties": { "name": null, "highway": "footway", "footway": "sidewalk", "osm_id": "way/1056785677" }, "geometry": { "type": "LineString", "coordinates": [ [ -119.7361187, 36.8125493 ], [ -119.7360857, 36.8124703 ], [ -119.7360239, 36.8123926 ], [ -119.7359448, 36.8123391 ], [ -119.7358555, 36.8123374 ], [ -119.735438, 36.8123345 ], [ -119.734755, 36.8123283 ] ] } },
{ "type": "Feature", "properties": { "name": null, "highway": "footway", "footway": "crossing", "osm_id": "way/1056785678" }, "geometry": { "type": "LineString", "coordinates": [ [ -119.734755, 36.8123283 ], [ -119.7347578, 36.8122369 ], [ -119.7347599, 36.812158 ] ] } },
{ "type": "Feature", "properties": { "name": null, "highway": "footway", "footway": "crossing", "osm_id": "way/1056785679" }, "geometry": { "type": "LineString", "coordinates": [ [ -119.7343101, 36.8123115 ], [ -119.7343076, 36.812231 ], [ -119.7343075, 36.8121499 ] ] } },
{ "type": "Feature", "properties": { "name": null, "highway": "footway", "footway": "sidewalk", "osm_id": "way/1056785680" }, "geometry": { "type": "LineString", "coordinates": [ [ -119.7330249, 36.812128 ], [ -119.7343075, 36.8121499 ], [ -119.7347599, 36.812158 ], [ -119.7347346, 36.8121412 ] ] } },
{ "type": "Feature", "properties": { "name": null, "highway": "footway", "footway": "sidewalk", "osm_id": "way/1056785681" }, "geometry": { "type": "LineString", "coordinates": [ [ -119.734755, 36.8123283 ], [ -119.7346461, 36.8123156 ], [ -119.7344107, 36.8123127 ], [ -119.7343101, 36.8123115 ], [ -119.733496, 36.8123009 ], [ -119.733032, 36.8122948 ] ] } },
{ "type": "Feature", "properties": { "name": null, "highway": "footway", "footway": "crossing", "osm_id": "way/1056785682" }, "geometry": { "type": "LineString", "coordinates": [ [ -119.733032, 36.8122948 ], [ -119.7330307, 36.8122143 ], [ -119.7330249, 36.812128 ] ] } },
{ "type": "Feature", "properties": { "name": null, "highway": "footway", "footway": "sidewalk", "osm_id": "way/1056785683" }, "geometry": { "type": "LineString", "coordinates": [ [ -119.733496, 36.8123009 ], [ -119.7334966, 36.8125446 ], [ -119.7335331, 36.8126216 ] ] } },
{ "type": "Feature", "properties": { "name": null, "highway": "footway", "footway": "sidewalk", "osm_id": "way/1056785684" }, "geometry": { "type": "LineString", "coordinates": [ [ -119.7344107, 36.8123127 ], [ -119.7344107, 36.8124369 ], [ -119.7346426, 36.8124398 ], [ -119.7346461, 36.8123156 ] ] } },
{ "type": "Feature", "properties": { "name": null, "highway": "footway", "footway": "sidewalk", "osm_id": "way/1056785685" }, "geometry": { "type": "LineString", "coordinates": [ [ -119.7344107, 36.8124369 ], [ -119.7343771, 36.8124426 ], [ -119.7343771, 36.8124922 ], [ -119.7343771, 36.8125007 ], [ -119.7343099, 36.8125021 ], [ -119.7343063, 36.8125503 ], [ -119.7334966, 36.8125446 ] ] } },
{ "type": "Feature", "properties": { "name": null, "highway": "footway", "footway": "sidewalk", "osm_id": "way/1056785686" }, "geometry": { "type": "LineString", "coordinates": [ [ -119.7346426, 36.8124398 ], [ -119.7346797, 36.8124454 ], [ -119.7346886, 36.8125007 ], [ -119.7347363, 36.8125021 ], [ -119.7347392, 36.8125572 ], [ -119.7347795, 36.8125577 ], [ -119.7351753, 36.8125625 ], [ -119.7354337, 36.8125657 ], [ -119.735438, 36.8123345 ] ] } },
{ "type": "Feature", "properties": { "name": null, "highway": "footway", "footway": "sidewalk", "osm_id": "way/1056785687" }, "geometry": { "type": "LineString", "coordinates": [ [ -119.7445135, 36.814117 ], [ -119.7443897, 36.814438 ] ] } },
{ "type": "Feature", "properties": { "name": null, "highway": "footway", "footway": "sidewalk", "osm_id": "way/1056785688" }, "geometry": { "type": "LineString", "coordinates": [ [ -119.747334, 36.8140656 ], [ -119.7473351, 36.8141485 ], [ -119.7473353, 36.8141621 ], [ -119.7473816, 36.8141621 ], [ -119.7474339, 36.8141621 ], [ -119.7474415, 36.814072 ] ] } },
{ "type": "Feature", "properties": { "name": null, "highway": "footway", "footway": "sidewalk", "osm_id": "way/1056785689" }, "geometry": { "type": "LineString", "coordinates": [ [ -119.7473351, 36.8141485 ], [ -119.7470173, 36.8141483 ], [ -119.7469177, 36.8141482 ], [ -119.7468053, 36.8142406 ], [ -119.7467769, 36.8142536 ] ] } },
{ "type": "Feature", "properties": { "name": null, "highway": "footway", "footway": "sidewalk", "osm_id": "way/1056785690" }, "geometry": { "type": "LineString", "coordinates": [ [ -119.7470151, 36.814068 ], [ -119.7470173, 36.8141483 ], [ -119.7470185, 36.8142401 ] ] } },
{ "type": "Feature", "properties": { "name": null, "highway": "footway", "footway": "sidewalk", "osm_id": "way/1056785691" }, "geometry": { "type": "LineString", "coordinates": [ [ -119.7473816, 36.8141621 ], [ -119.7473825, 36.8142532 ], [ -119.7473844, 36.8144373 ], [ -119.7473851, 36.8145018 ], [ -119.7473372, 36.8145037 ], [ -119.747336, 36.8146873 ] ] } },
{ "type": "Feature", "properties": { "name": null, "highway": "footway", "footway": "sidewalk", "osm_id": "way/1056785692" }, "geometry": { "type": "LineString", "coordinates": [ [ -119.7473844, 36.8144373 ], [ -119.747313, 36.8144429 ] ] } },
{ "type": "Feature", "properties": { "name": null, "highway": "footway", "footway": "sidewalk", "osm_id": "way/1056785693" }, "geometry": { "type": "LineString", "coordinates": [ [ -119.747313, 36.8144429 ], [ -119.746136, 36.8144429 ] ] } },
{ "type": "Feature", "properties": { "name": null, "highway": "footway", "footway": "sidewalk", "osm_id": "way/1056785694" }, "geometry": { "type": "LineString", "coordinates": [ [ -119.7470166, 36.8143536 ], [ -119.7470196, 36.8144325 ] ] } },
{ "type": "Feature", "properties": { "name": null, "highway": "footway", "footway": "sidewalk", "osm_id": "way/1056785696" }, "geometry": { "type": "LineString", "coordinates": [ [ -119.748047, 36.814258 ], [ -119.7473825, 36.8142532 ] ] } },
{ "type": "Feature", "properties": { "name": null, "highway": "footway", "footway": "sidewalk", "osm_id": "way/1056785698" }, "geometry": { "type": "LineString", "coordinates": [ [ -119.7501271, 36.8147505 ], [ -119.7500926, 36.8148157 ] ] } },
{ "type": "Feature", "properties": { "name": null, "highway": "footway", "footway": "sidewalk", "osm_id": "way/1056785699" }, "geometry": { "type": "LineString", "coordinates": [ [ -119.7502892, 36.8104452 ], [ -119.7505567, 36.8105155 ] ] } },
{ "type": "Feature", "properties": { "name": null, "highway": "footway", "footway": "sidewalk", "osm_id": "way/1056785700" }, "geometry": { "type": "LineString", "coordinates": [ [ -119.750138, 36.8100929 ], [ -119.750231, 36.8098725 ] ] } },
{ "type": "Feature", "properties": { "name": null, "highway": "footway", "footway": "sidewalk", "osm_id": "way/1056785701" }, "geometry": { "type": "LineString", "coordinates": [ [ -119.7480166, 36.816327 ], [ -119.7476906, 36.8163243 ], [ -119.7476953, 36.8162303 ] ] } },
{ "type": "Feature", "properties": { "name": null, "highway": "footway", "footway": "sidewalk", "osm_id": "way/1056785702" }, "geometry": { "type": "LineString", "coordinates": [ [ -119.7476906, 36.8163243 ], [ -119.7476893, 36.8163549 ], [ -119.7475772, 36.8163522 ] ] } },
{ "type": "Feature", "properties": { "name": null, "highway": "footway", "footway": "sidewalk", "osm_id": "way/1056785703" }, "geometry": { "type": "LineString", "coordinates": [ [ -119.7476343, 36.8161828 ], [ -119.7475444, 36.8161836 ] ] } },
{ "type": "Feature", "properties": { "name": null, "highway": "footway", "footway": "sidewalk", "osm_id": "way/1056785704" }, "geometry": { "type": "LineString", "coordinates": [ [ -119.7347346, 36.8121412 ], [ -119.7347419, 36.8118643 ], [ -119.7343117, 36.81186 ], [ -119.7343115, 36.8118669 ], [ -119.7343075, 36.8121499 ] ] } },
{ "type": "Feature", "properties": { "name": null, "highway": "footway", "footway": "sidewalk", "osm_id": "way/1056786989" }, "geometry": { "type": "LineString", "coordinates": [ [ -119.7433139, 36.8122449 ], [ -119.7433195, 36.8125884 ] ] } },
{ "type": "Feature", "properties": { "name": null, "highway": "footway", "footway": "sidewalk", "osm_id": "way/1056786990" }, "geometry": { "type": "LineString", "coordinates": [ [ -119.7433101, 36.8132699 ], [ -119.7433134, 36.8127826 ] ] } },
{ "type": "Feature", "properties": { "name": null, "highway": "footway", "footway": "sidewalk", "osm_id": "way/1056786991" }, "geometry": { "type": "LineString", "coordinates": [ [ -119.7433134, 36.8127826 ], [ -119.7433195, 36.8125884 ] ] } },
{ "type": "Feature", "properties": { "name": null, "highway": "footway", "footway": "sidewalk", "osm_id": "way/1057078307" }, "geometry": { "type": "LineString", "coordinates": [ [ -119.7501351, 36.813197 ], [ -119.7501478, 36.8131096 ] ] } },
{ "type": "Feature", "properties": { "name": null, "highway": "footway", "footway": "sidewalk", "osm_id": "way/1057078308" }, "geometry": { "type": "LineString", "coordinates": [ [ -119.7492412, 36.8133792 ], [ -119.7492438, 36.8133073 ], [ -119.7492544, 36.8132293 ] ] } },
{ "type": "Feature", "properties": { "name": null, "highway": "footway", "footway": "sidewalk", "osm_id": "way/1057078309" }, "geometry": { "type": "LineString", "coordinates": [ [ -119.7506047, 36.8134645 ], [ -119.7506038, 36.8135624 ] ] } },
{ "type": "Feature", "properties": { "name": null, "highway": "footway", "footway": "sidewalk", "osm_id": "way/1057078310" }, "geometry": { "type": "LineString", "coordinates": [ [ -119.749886, 36.8138403 ], [ -119.7499642, 36.8138395 ], [ -119.7500263, 36.8138389 ] ] } },
{ "type": "Feature", "properties": { "name": "Fresno State Free Speech Area", "highway": "pedestrian", "footway": null, "osm_id": "way/1057078313" }, "geometry": { "type": "Polygon", "coordinates": [ [ [ -119.748089, 36.8121089 ], [ -119.748033, 36.8121075 ], [ -119.7479695, 36.812106 ], [ -119.7479793, 36.8121759 ], [ -119.7479846, 36.8122137 ], [ -119.7479439, 36.8122179 ], [ -119.7479226, 36.8121889 ], [ -119.7478775, 36.8121712 ], [ -119.7478238, 36.8121669 ], [ -119.7477873, 36.8121754 ], [ -119.7477404, 36.8121932 ], [ -119.7477177, 36.8122186 ], [ -119.7477203, 36.81226 ], [ -119.74772, 36.8122852 ], [ -119.7477311, 36.8123153 ], [ -119.7477705, 36.8123334 ], [ -119.7478094, 36.8123455 ], [ -119.747835, 36.8123496 ], [ -119.7478987, 36.8123384 ], [ -119.7479271, 36.8123214 ], [ -119.7479465, 36.8122966 ], [ -119.7479793, 36.8123015 ], [ -119.7479545, 36.8123398 ], [ -119.7478979, 36.8123625 ], [ -119.7479087, 36.8123842 ], [ -119.7479238, 36.8124153 ], [ -119.7479758, 36.8124162 ], [ -119.7480406, 36.8124093 ], [ -119.748103, 36.8124027 ], [ -119.7481042, 36.8123536 ], [ -119.748323, 36.8123507 ], [ -119.7484686, 36.8123488 ], [ -119.7487452, 36.8123452 ], [ -119.7487579, 36.8125491 ], [ -119.7487637, 36.8126411 ], [ -119.7487728, 36.8127819 ], [ -119.748748, 36.8127833 ], [ -119.7487498, 36.8129038 ], [ -119.7487852, 36.8129066 ], [ -119.7487816, 36.812976 ], [ -119.7488861, 36.8129788 ], [ -119.748931, 36.81298 ], [ -119.7489303, 36.8128154 ], [ -119.7489299, 36.8127041 ], [ -119.7489295, 36.8125985 ], [ -119.7489283, 36.8122993 ], [ -119.7489281, 36.8122688 ], [ -119.7491405, 36.8123131 ], [ -119.7491517, 36.8122847 ], [ -119.7491604, 36.8122608 ], [ -119.7491723, 36.8122153 ], [ -119.7491366, 36.8121977 ], [ -119.7491115, 36.8121705 ], [ -119.7490975, 36.8121385 ], [ -119.7491042, 36.8121058 ], [ -119.7490016, 36.8120869 ], [ -119.7490004, 36.8121011 ], [ -119.7489281, 36.8120889 ], [ -119.7488763, 36.8120903 ], [ -119.7487553, 36.8120936 ], [ -119.7487494, 36.8121674 ], [ -119.7486216, 36.8121681 ], [ -119.7486213, 36.8121591 ], [ -119.7486216, 36.8121285 ], [ -119.7483081, 36.8121293 ], [ -119.7483085, 36.812234 ], [ -119.7480962, 36.8122345 ], [ -119.748089, 36.8121089 ] ] ] } },
{ "type": "Feature", "properties": { "name": null, "highway": "footway", "footway": "sidewalk", "osm_id": "way/1057078314" }, "geometry": { "type": "LineString", "coordinates": [ [ -119.7484687, 36.8124369 ], [ -119.7484695, 36.8124745 ], [ -119.7483247, 36.8124733 ], [ -119.7483231, 36.8124345 ] ] } },
{ "type": "Feature", "properties": { "name": null, "highway": "footway", "footway": "sidewalk", "osm_id": "way/1057078315" }, "geometry": { "type": "LineString", "coordinates": [ [ -119.7484679, 36.812258 ], [ -119.7484686, 36.8123488 ], [ -119.7484687, 36.8123561 ] ] } },
{ "type": "Feature", "properties": { "name": null, "highway": "footway", "footway": "sidewalk", "osm_id": "way/1057078316" }, "geometry": { "type": "LineString", "coordinates": [ [ -119.748323, 36.8123507 ], [ -119.7483208, 36.8122594 ] ] } },
{ "type": "Feature", "properties": { "name": null, "highway": "steps", "footway": null, "osm_id": "way/1057078317" }, "geometry": { "type": "LineString", "coordinates": [ [ -119.7483231, 36.8124345 ], [ -119.748323, 36.8123507 ] ] } },
{ "type": "Feature", "properties": { "name": null, "highway": "steps", "footway": null, "osm_id": "way/1057078318" }, "geometry": { "type": "LineString", "coordinates": [ [ -119.7484687, 36.8123561 ], [ -119.7484687, 36.8124369 ] ] } },
{ "type": "Feature", "properties": { "name": null, "highway": "footway", "footway": "sidewalk", "osm_id": "way/1057078319" }, "geometry": { "type": "LineString", "coordinates": [ [ -119.7484695, 36.8124745 ], [ -119.7484708, 36.8125467 ] ] } },
{ "type": "Feature", "properties": { "name": null, "highway": "footway", "footway": "sidewalk", "osm_id": "way/1057078320" }, "geometry": { "type": "LineString", "coordinates": [ [ -119.7483247, 36.8124733 ], [ -119.748326, 36.8125466 ] ] } },
{ "type": "Feature", "properties": { "name": null, "highway": "footway", "footway": "sidewalk", "osm_id": "way/1057078321" }, "geometry": { "type": "LineString", "coordinates": [ [ -119.7480381, 36.8123333 ], [ -119.7480406, 36.8124093 ], [ -119.7480454, 36.8125529 ], [ -119.7480458, 36.8125653 ] ] } },
{ "type": "Feature", "properties": { "name": null, "highway": "footway", "footway": "sidewalk", "osm_id": "way/1057078322" }, "geometry": { "type": "LineString", "coordinates": [ [ -119.74815, 36.8126495 ], [ -119.7480469, 36.8126497 ], [ -119.7479153, 36.8126501 ], [ -119.7479151, 36.8126012 ], [ -119.747706, 36.8126005 ], [ -119.7475317, 36.8126 ] ] } },
{ "type": "Feature", "properties": { "name": null, "highway": "steps", "footway": null, "osm_id": "way/1057078323" }, "geometry": { "type": "LineString", "coordinates": [ [ -119.747706, 36.8126005 ], [ -119.7477047, 36.8125495 ] ] } },
{ "type": "Feature", "properties": { "name": null, "highway": "footway", "footway": "sidewalk", "osm_id": "way/1057078324" }, "geometry": { "type": "LineString", "coordinates": [ [ -119.7477047, 36.8125495 ], [ -119.7476996, 36.8124706 ] ] } },
{ "type": "Feature", "properties": { "name": null, "highway": "steps", "footway": null, "osm_id": "way/1057078325" }, "geometry": { "type": "LineString", "coordinates": [ [ -119.7480458, 36.8125653 ], [ -119.7480467, 36.8126204 ] ] } },
{ "type": "Feature", "properties": { "name": null, "highway": "steps", "footway": null, "osm_id": "way/1057078326" }, "geometry": { "type": "LineString", "coordinates": [ [ -119.74815, 36.8125532 ], [ -119.7480958, 36.8125529 ] ] } },
{ "type": "Feature", "properties": { "name": null, "highway": "footway", "footway": "sidewalk", "osm_id": "way/1057078327" }, "geometry": { "type": "LineString", "coordinates": [ [ -119.7480958, 36.8125529 ], [ -119.7480454, 36.8125529 ] ] } },
{ "type": "Feature", "properties": { "name": null, "highway": "footway", "footway": "sidewalk", "osm_id": "way/1057078328" }, "geometry": { "type": "LineString", "coordinates": [ [ -119.7480467, 36.8126204 ], [ -119.7480469, 36.8126497 ] ] } },
{ "type": "Feature", "properties": { "name": null, "highway": "footway", "footway": "sidewalk", "osm_id": "way/1057078329" }, "geometry": { "type": "LineString", "coordinates": [ [ -119.7480444, 36.8128133 ], [ -119.7479531, 36.8128128 ], [ -119.747916, 36.8128132 ], [ -119.7479153, 36.8126501 ] ] } },
{ "type": "Feature", "properties": { "name": null, "highway": "footway", "footway": "sidewalk", "osm_id": "way/1057078330" }, "geometry": { "type": "LineString", "coordinates": [ [ -119.7479531, 36.8128128 ], [ -119.7479534, 36.8128458 ], [ -119.747847, 36.8128458 ], [ -119.7478465, 36.8128674 ], [ -119.7479537, 36.8128649 ], [ -119.747955, 36.8128935 ] ] } },
{ "type": "Feature", "properties": { "name": null, "highway": "footway", "footway": "sidewalk", "osm_id": "way/1057078332" }, "geometry": { "type": "LineString", "coordinates": [ [ -119.7465917, 36.8134241 ], [ -119.7467365, 36.8134286 ] ] } },
{ "type": "Feature", "properties": { "name": null, "highway": "footway", "footway": null, "osm_id": "way/1057078333" }, "geometry": { "type": "LineString", "coordinates": [ [ -119.7465917, 36.8134241 ], [ -119.7465922, 36.813465 ], [ -119.7465928, 36.8135125 ] ] } },
{ "type": "Feature", "properties": { "name": null, "highway": "footway", "footway": "sidewalk", "osm_id": "way/1057078334" }, "geometry": { "type": "LineString", "coordinates": [ [ -119.7467316, 36.813529 ], [ -119.7468573, 36.8135297 ] ] } },
{ "type": "Feature", "properties": { "name": null, "highway": "footway", "footway": null, "osm_id": "way/1057078335" }, "geometry": { "type": "LineString", "coordinates": [ [ -119.7467316, 36.813529 ], [ -119.7465918, 36.8135285 ], [ -119.7462755, 36.8135275 ], [ -119.7462756, 36.8135115 ] ] } },
{ "type": "Feature", "properties": { "name": null, "highway": "footway", "footway": null, "osm_id": "way/1057078336" }, "geometry": { "type": "LineString", "coordinates": [ [ -119.7462755, 36.8135275 ], [ -119.7462789, 36.8138804 ] ] } },
{ "type": "Feature", "properties": { "name": null, "highway": "footway", "footway": null, "osm_id": "way/1057078337" }, "geometry": { "type": "LineString", "coordinates": [ [ -119.7465928, 36.8135125 ], [ -119.7465918, 36.8135285 ] ] } },
{ "type": "Feature", "properties": { "name": null, "highway": "footway", "footway": "sidewalk", "osm_id": "way/1057078338" }, "geometry": { "type": "LineString", "coordinates": [ [ -119.746282, 36.8140287 ], [ -119.7462789, 36.8138804 ] ] } },
{ "type": "Feature", "properties": { "name": null, "highway": "footway", "footway": "sidewalk", "osm_id": "way/1057078339" }, "geometry": { "type": "LineString", "coordinates": [ [ -119.7468573, 36.8135297 ], [ -119.7470158, 36.8135297 ], [ -119.7471898, 36.81353 ] ] } },
{ "type": "Feature", "properties": { "name": null, "highway": "footway", "footway": "sidewalk", "osm_id": "way/1057078340" }, "geometry": { "type": "LineString", "coordinates": [ [ -119.7471898, 36.81353 ], [ -119.7472469, 36.8135309 ], [ -119.7472469, 36.8135512 ], [ -119.7478842, 36.8135541 ], [ -119.7485643, 36.8135572 ] ] } },
{ "type": "Feature", "properties": { "name": null, "highway": "footway", "footway": null, "osm_id": "way/1057078341" }, "geometry": { "type": "LineString", "coordinates": [ [ -119.7471481, 36.8132639 ], [ -119.7471711, 36.8132743 ] ] } },
{ "type": "Feature", "properties": { "name": null, "highway": "footway", "footway": null, "osm_id": "way/1057078342" }, "geometry": { "type": "LineString", "coordinates": [ [ -119.7471711, 36.8132743 ], [ -119.7478804, 36.8132791 ], [ -119.7481158, 36.8132807 ], [ -119.7485697, 36.8132837 ] ] } },
{ "type": "Feature", "properties": { "name": null, "highway": "footway", "footway": null, "osm_id": "way/1057078343" }, "geometry": { "type": "LineString", "coordinates": [ [ -119.7478854, 36.8136415 ], [ -119.7478842, 36.8135541 ], [ -119.7478804, 36.8132791 ], [ -119.7478788, 36.8131615 ], [ -119.7478778, 36.8130885 ] ] } },
{ "type": "Feature", "properties": { "name": null, "highway": "footway", "footway": "sidewalk", "osm_id": "way/1057078344" }, "geometry": { "type": "LineString", "coordinates": [ [ -119.748115, 36.8129825 ], [ -119.7481155, 36.8131661 ], [ -119.7481159, 36.8132658 ] ] } },
{ "type": "Feature", "properties": { "name": null, "highway": "footway", "footway": "sidewalk", "osm_id": "way/1057078345" }, "geometry": { "type": "LineString", "coordinates": [ [ -119.7485177, 36.8131682 ], [ -119.7481155, 36.8131661 ], [ -119.7479047, 36.813165 ] ] } },
{ "type": "Feature", "properties": { "name": null, "highway": "footway", "footway": null, "osm_id": "way/1057078346" }, "geometry": { "type": "LineString", "coordinates": [ [ -119.7479047, 36.813165 ], [ -119.7478788, 36.8131615 ] ] } },
{ "type": "Feature", "properties": { "name": null, "highway": "footway", "footway": null, "osm_id": "way/1057078347" }, "geometry": { "type": "LineString", "coordinates": [ [ -119.7481159, 36.8132658 ], [ -119.7481158, 36.8132807 ] ] } },
{ "type": "Feature", "properties": { "name": null, "highway": "steps", "footway": null, "osm_id": "way/1057078348" }, "geometry": { "type": "LineString", "coordinates": [ [ -119.7486371, 36.8125498 ], [ -119.7486883, 36.8125495 ] ] } },
{ "type": "Feature", "properties": { "name": null, "highway": "steps", "footway": null, "osm_id": "way/1057078349" }, "geometry": { "type": "LineString", "coordinates": [ [ -119.7483168, 36.8129109 ], [ -119.7483173, 36.8129822 ] ] } },
{ "type": "Feature", "properties": { "name": null, "highway": "footway", "footway": "sidewalk", "osm_id": "way/1057078350" }, "geometry": { "type": "LineString", "coordinates": [ [ -119.7480437, 36.8128937 ], [ -119.7480763, 36.8128937 ] ] } },
{ "type": "Feature", "properties": { "name": null, "highway": "steps", "footway": null, "osm_id": "way/1057078351" }, "geometry": { "type": "LineString", "coordinates": [ [ -119.7480763, 36.8128937 ], [ -119.7481506, 36.8128939 ] ] } },
{ "type": "Feature", "properties": { "name": null, "highway": "footway", "footway": "sidewalk", "osm_id": "way/1057078352" }, "geometry": { "type": "LineString", "coordinates": [ [ -119.7485959, 36.8132841 ], [ -119.7485963, 36.8132412 ], [ -119.7485982, 36.8130179 ] ] } },
{ "type": "Feature", "properties": { "name": null, "highway": "footway", "footway": "sidewalk", "osm_id": "way/1057078357" }, "geometry": { "type": "LineString", "coordinates": [ [ -119.7516964, 36.8138743 ], [ -119.7519154, 36.8138731 ], [ -119.7519987, 36.8138891 ], [ -119.7522595, 36.8139391 ], [ -119.7523128, 36.8137662 ], [ -119.752326, 36.8137232 ] ] } },
{ "type": "Feature", "properties": { "name": null, "highway": "footway", "footway": "sidewalk", "osm_id": "way/1057078358" }, "geometry": { "type": "LineString", "coordinates": [ [ -119.752326, 36.8137232 ], [ -119.7525537, 36.8137699 ], [ -119.7524941, 36.8139307 ] ] } },
{ "type": "Feature", "properties": { "name": null, "highway": "footway", "footway": "sidewalk", "osm_id": "way/1057078359" }, "geometry": { "type": "LineString", "coordinates": [ [ -119.7523128, 36.8137662 ], [ -119.7522123, 36.8137654 ] ] } },
{ "type": "Feature", "properties": { "name": null, "highway": "footway", "footway": "sidewalk", "osm_id": "way/1057078360" }, "geometry": { "type": "LineString", "coordinates": [ [ -119.7519862, 36.8137574 ], [ -119.7519118, 36.8137562 ], [ -119.7519104, 36.8135052 ], [ -119.75191, 36.8134711 ] ] } },
{ "type": "Feature", "properties": { "name": null, "highway": "footway", "footway": "sidewalk", "osm_id": "way/1057078361" }, "geometry": { "type": "LineString", "coordinates": [ [ -119.7519104, 36.8135052 ], [ -119.7516951, 36.813507 ], [ -119.7516944, 36.8136655 ] ] } },
{ "type": "Feature", "properties": { "name": null, "highway": "footway", "footway": "sidewalk", "osm_id": "way/1057078362" }, "geometry": { "type": "LineString", "coordinates": [ [ -119.7519154, 36.8138731 ], [ -119.7519152, 36.813853 ], [ -119.7519148, 36.8138377 ] ] } },
{ "type": "Feature", "properties": { "name": null, "highway": "footway", "footway": "sidewalk", "osm_id": "way/1057078363" }, "geometry": { "type": "LineString", "coordinates": [ [ -119.7519152, 36.813853 ], [ -119.7520159, 36.8138528 ], [ -119.7520159, 36.8138387 ], [ -119.7519621, 36.8138388 ], [ -119.7519619, 36.8137986 ], [ -119.7519121, 36.8137987 ], [ -119.751864, 36.8137981 ] ] } },
{ "type": "Feature", "properties": { "name": null, "highway": "footway", "footway": "sidewalk", "osm_id": "way/1057078364" }, "geometry": { "type": "LineString", "coordinates": [ [ -119.7519118, 36.8137562 ], [ -119.7519121, 36.8137987 ] ] } },
{ "type": "Feature", "properties": { "name": null, "highway": "steps", "footway": null, "osm_id": "way/1057078365" }, "geometry": { "type": "LineString", "coordinates": [ [ -119.7519121, 36.8137987 ], [ -119.7519148, 36.8138377 ] ] } },
{ "type": "Feature", "properties": { "name": null, "highway": "footway", "footway": "sidewalk", "osm_id": "way/1057078366" }, "geometry": { "type": "LineString", "coordinates": [ [ -119.7519987, 36.8138891 ], [ -119.7520009, 36.8141695 ], [ -119.7520062, 36.8142494 ] ] } },
{ "type": "Feature", "properties": { "name": null, "highway": "footway", "footway": "sidewalk", "osm_id": "way/1057078367" }, "geometry": { "type": "LineString", "coordinates": [ [ -119.7522067, 36.8142131 ], [ -119.7520009, 36.8141695 ], [ -119.7514415, 36.8141667 ] ] } },
{ "type": "Feature", "properties": { "name": null, "highway": "footway", "footway": "sidewalk", "osm_id": "way/1057078368" }, "geometry": { "type": "LineString", "coordinates": [ [ -119.7523632, 36.8134904 ], [ -119.752611, 36.8134833 ] ] } },
{ "type": "Feature", "properties": { "name": null, "highway": "steps", "footway": null, "osm_id": "way/1057078369" }, "geometry": { "type": "LineString", "coordinates": [ [ -119.7505852, 36.8113012 ], [ -119.7505036, 36.8112765 ] ] } },
{ "type": "Feature", "properties": { "name": null, "highway": "footway", "footway": "sidewalk", "osm_id": "way/1057078370" }, "geometry": { "type": "LineString", "coordinates": [ [ -119.7464963, 36.8098359 ], [ -119.7463295, 36.8097135 ] ] } },
{ "type": "Feature", "properties": { "name": null, "highway": "footway", "footway": "sidewalk", "osm_id": "way/1057078371" }, "geometry": { "type": "LineString", "coordinates": [ [ -119.7474247, 36.8096705 ], [ -119.7471723, 36.8096957 ] ] } },
{ "type": "Feature", "properties": { "name": null, "highway": "footway", "footway": null, "osm_id": "way/1057078372" }, "geometry": { "type": "LineString", "coordinates": [ [ -119.7474247, 36.8096705 ], [ -119.7471585, 36.8094973 ], [ -119.7471425, 36.8093783 ] ] } },
{ "type": "Feature", "properties": { "name": null, "highway": "footway", "footway": null, "osm_id": "way/1057078373" }, "geometry": { "type": "LineString", "coordinates": [ [ -119.7471425, 36.8093783 ], [ -119.7471441, 36.8093448 ], [ -119.7470094, 36.8093447 ], [ -119.7463721, 36.8093447 ], [ -119.746181, 36.8093447 ] ] } },
{ "type": "Feature", "properties": { "name": null, "highway": "footway", "footway": null, "osm_id": "way/1057078374" }, "geometry": { "type": "LineString", "coordinates": [ [ -119.7470094, 36.8093447 ], [ -119.7470067, 36.809266 ], [ -119.7470351, 36.809237 ], [ -119.7470492, 36.8092037 ], [ -119.747043, 36.809157 ], [ -119.7470041, 36.8091201 ], [ -119.7469306, 36.8091088 ], [ -119.7468882, 36.8091251 ], [ -119.7468457, 36.8091562 ], [ -119.7468405, 36.8091762 ], [ -119.7468634, 36.8092009 ], [ -119.7469085, 36.8092228 ], [ -119.746966, 36.8092363 ], [ -119.7470067, 36.809266 ] ] } },
{ "type": "Feature", "properties": { "name": null, "highway": "footway", "footway": null, "osm_id": "way/1057078375" }, "geometry": { "type": "LineString", "coordinates": [ [ -119.7468405, 36.8091762 ], [ -119.7467883, 36.8092226 ], [ -119.7467171, 36.8092531 ], [ -119.7466511, 36.8092519 ], [ -119.7466023, 36.8092523 ], [ -119.7465535, 36.80928 ], [ -119.7465057, 36.8092881 ], [ -119.7464534, 36.8092889 ], [ -119.7463721, 36.8093447 ] ] } },
{ "type": "Feature", "properties": { "name": null, "highway": "footway", "footway": "sidewalk", "osm_id": "way/1057078376" }, "geometry": { "type": "LineString", "coordinates": [ [ -119.7461819, 36.8093609 ], [ -119.7461842, 36.8094037 ], [ -119.7462682, 36.8094681 ] ] } },
{ "type": "Feature", "properties": { "name": null, "highway": "footway", "footway": "sidewalk", "osm_id": "way/1057078377" }, "geometry": { "type": "LineString", "coordinates": [ [ -119.7456962, 36.8099596 ], [ -119.7457016, 36.8098809 ] ] } },
{ "type": "Feature", "properties": { "name": null, "highway": "footway", "footway": "sidewalk", "osm_id": "way/1057078378" }, "geometry": { "type": "LineString", "coordinates": [ [ -119.7457497, 36.809783 ], [ -119.7457483, 36.8096994 ], [ -119.745919, 36.8097014 ], [ -119.7459183, 36.8095634 ], [ -119.746096, 36.809564 ], [ -119.7461108, 36.8095758 ], [ -119.7461276, 36.8095618 ], [ -119.7461165, 36.8095527 ] ] } },
{ "type": "Feature", "properties": { "name": null, "highway": "footway", "footway": "sidewalk", "osm_id": "way/1057078379" }, "geometry": { "type": "LineString", "coordinates": [ [ -119.7461108, 36.8095758 ], [ -119.7459318, 36.8097121 ], [ -119.7458446, 36.8097837 ] ] } },
{ "type": "Feature", "properties": { "name": null, "highway": "footway", "footway": "sidewalk", "osm_id": "way/1057078380" }, "geometry": { "type": "LineString", "coordinates": [ [ -119.745919, 36.8097014 ], [ -119.7459318, 36.8097121 ] ] } },
{ "type": "Feature", "properties": { "name": null, "highway": "footway", "footway": "sidewalk", "osm_id": "way/1057078381" }, "geometry": { "type": "LineString", "coordinates": [ [ -119.7459183, 36.8095634 ], [ -119.7456611, 36.8093688 ] ] } },
{ "type": "Feature", "properties": { "name": null, "highway": "footway", "footway": "sidewalk", "osm_id": "way/1057078382" }, "geometry": { "type": "LineString", "coordinates": [ [ -119.7457483, 36.8096994 ], [ -119.7457293, 36.8097105 ], [ -119.7456159, 36.8097771 ] ] } },
{ "type": "Feature", "properties": { "name": null, "highway": "footway", "footway": "sidewalk", "osm_id": "way/1057078383" }, "geometry": { "type": "LineString", "coordinates": [ [ -119.7457483, 36.8096994 ], [ -119.7459183, 36.8095634 ] ] } },
{ "type": "Feature", "properties": { "name": null, "highway": "footway", "footway": "crossing", "osm_id": "way/1095216405" }, "geometry": { "type": "LineString", "coordinates": [ [ -119.7361399, 36.808806 ], [ -119.7363253, 36.8087868 ], [ -119.736473, 36.8087717 ], [ -119.736531, 36.8087719 ] ] } },
{ "type": "Feature", "properties": { "name": null, "highway": "footway", "footway": "crossing", "osm_id": "way/1095216406" }, "geometry": { "type": "LineString", "coordinates": [ [ -119.7362145, 36.8083951 ], [ -119.7363254, 36.808394 ], [ -119.7364409, 36.8083928 ], [ -119.7364603, 36.8084708 ], [ -119.7365012, 36.808636 ], [ -119.7365191, 36.8087149 ], [ -119.7365315, 36.8087389 ] ] } },
{ "type": "Feature", "properties": { "name": null, "highway": "footway", "footway": "crossing", "osm_id": "way/1105601167" }, "geometry": { "type": "LineString", "coordinates": [ [ -119.734168, 36.8088454 ], [ -119.7342492, 36.8087842 ], [ -119.7342991, 36.8087467 ] ] } },
{ "type": "Feature", "properties": { "name": null, "highway": "footway", "footway": "crossing", "osm_id": "way/1105601168" }, "geometry": { "type": "LineString", "coordinates": [ [ -119.7348967, 36.8087559 ], [ -119.7347312, 36.8087514 ], [ -119.7346447, 36.8087491 ] ] } },
{ "type": "Feature", "properties": { "name": null, "highway": "footway", "footway": "sidewalk", "osm_id": "way/1105601169" }, "geometry": { "type": "LineString", "coordinates": [ [ -119.7346447, 36.8087491 ], [ -119.7346296, 36.8087591 ], [ -119.7346057, 36.8087422 ], [ -119.7345837, 36.8087384 ], [ -119.734316, 36.8087361 ], [ -119.7342991, 36.8087467 ] ] } },
{ "type": "Feature", "properties": { "name": null, "highway": "footway", "footway": "crossing", "osm_id": "way/1105601170" }, "geometry": { "type": "LineString", "coordinates": [ [ -119.7348901, 36.8083499 ], [ -119.7347798, 36.808365 ], [ -119.734637, 36.8083899 ] ] } },
{ "type": "Feature", "properties": { "name": null, "highway": "footway", "footway": "crossing", "osm_id": "way/1105601171" }, "geometry": { "type": "LineString", "coordinates": [ [ -119.7406428, 36.8087482 ], [ -119.7406588, 36.8086439 ], [ -119.7406822, 36.8084988 ], [ -119.7406963, 36.8084038 ], [ -119.7408023, 36.8084022 ], [ -119.7408868, 36.8084008 ], [ -119.7408996, 36.8084032 ], [ -119.7409044, 36.8084997 ], [ -119.7409117, 36.8086449 ], [ -119.7409132, 36.8087407 ] ] } },
{ "type": "Feature", "properties": { "name": null, "highway": "footway", "footway": "sidewalk", "osm_id": "way/1105601172" }, "geometry": { "type": "LineString", "coordinates": [ [ -119.7407164, 36.8080863 ], [ -119.7407089, 36.8083673 ], [ -119.740706, 36.8083794 ], [ -119.7406988, 36.808391 ], [ -119.7406899, 36.8083986 ], [ -119.7406773, 36.8084061 ], [ -119.740661, 36.8084136 ], [ -119.7406465, 36.808417 ], [ -119.7406325, 36.808418 ], [ -119.7403022, 36.8084184 ], [ -119.7399978, 36.8084186 ], [ -119.739875, 36.8084179 ], [ -119.739304, 36.8084151 ], [ -119.738806, 36.8084088 ], [ -119.7387616, 36.8083905 ], [ -119.7387065, 36.8081472 ] ] } },
{ "type": "Feature", "properties": { "name": null, "highway": "footway", "footway": "sidewalk", "osm_id": "way/1105601173" }, "geometry": { "type": "LineString", "coordinates": [ [ -119.7406963, 36.8084038 ], [ -119.7406899, 36.8083986 ] ] } },
{ "type": "Feature", "properties": { "name": null, "highway": "footway", "footway": "crossing", "osm_id": "way/1123542551" }, "geometry": { "type": "LineString", "coordinates": [ [ -119.7296452, 36.8261881 ], [ -119.7295008, 36.8261855 ], [ -119.7294302, 36.8261842 ], [ -119.7293617, 36.8261829 ], [ -119.72925, 36.8261809 ] ] } },
{ "type": "Feature", "properties": { "name": null, "highway": "cycleway", "footway": null, "osm_id": "way/1123542552" }, "geometry": { "type": "LineString", "coordinates": [ [ -119.7296452, 36.8261881 ], [ -119.729652, 36.8261626 ], [ -119.72965, 36.8258475 ], [ -119.7296398, 36.8257781 ], [ -119.7296423, 36.824335 ], [ -119.729627, 36.8241409 ], [ -119.7295939, 36.8239152 ], [ -119.7295811, 36.8236844 ], [ -119.729525, 36.8234587 ], [ -119.7295173, 36.8233422 ], [ -119.7294828, 36.8232585 ], [ -119.7294608, 36.8232205 ], [ -119.7294573, 36.8231727 ] ] } },
{ "type": "Feature", "properties": { "name": null, "highway": "footway", "footway": "crossing", "osm_id": "way/1123542553" }, "geometry": { "type": "LineString", "coordinates": [ [ -119.7294573, 36.8231727 ], [ -119.7294273, 36.8231062 ], [ -119.7293697, 36.822993 ], [ -119.729306, 36.822879 ] ] } },
{ "type": "Feature", "properties": { "name": null, "highway": "cycleway", "footway": null, "osm_id": "way/1123542554" }, "geometry": { "type": "LineString", "coordinates": [ [ -119.729306, 36.822879 ], [ -119.7291785, 36.8226021 ], [ -119.7290829, 36.8224964 ], [ -119.7288113, 36.8220579 ], [ -119.7284927, 36.8216547 ], [ -119.7281665, 36.8212891 ], [ -119.7279404, 36.8210049 ], [ -119.727778, 36.8207292 ], [ -119.7276263, 36.8204146 ], [ -119.7275383, 36.8201632 ], [ -119.7274655, 36.8198389 ], [ -119.7274321, 36.8195498 ], [ -119.727426, 36.8193445 ], [ -119.7274382, 36.8189352 ], [ -119.7275132, 36.8165911 ], [ -119.7275522, 36.8163 ], [ -119.7275666, 36.8159514 ], [ -119.7275484, 36.815895 ] ] } },
{ "type": "Feature", "properties": { "name": null, "highway": "footway", "footway": "crossing", "osm_id": "way/1123542555" }, "geometry": { "type": "LineString", "coordinates": [ [ -119.7275641, 36.8156719 ], [ -119.7274241, 36.8156742 ], [ -119.7272439, 36.8156706 ], [ -119.7271142, 36.8156665 ], [ -119.7271081, 36.8157784 ], [ -119.7270998, 36.8158924 ], [ -119.727235, 36.8158944 ], [ -119.7274163, 36.8158949 ], [ -119.7275484, 36.815895 ], [ -119.7275565, 36.8157805 ], [ -119.7275641, 36.8156719 ] ] } },
{ "type": "Feature", "properties": { "name": null, "highway": "footway", "footway": "crossing", "osm_id": "way/1131526232" }, "geometry": { "type": "LineString", "coordinates": [ [ -119.7495906, 36.8087701 ], [ -119.7495936, 36.8086668 ], [ -119.7495952, 36.8086145 ], [ -119.7496307, 36.8085227 ], [ -119.7496614, 36.8084431 ], [ -119.7497331, 36.8084415 ], [ -119.7498232, 36.8084394 ] ] } },
{ "type": "Feature", "properties": { "name": null, "highway": "footway", "footway": "crossing", "osm_id": "way/1131526233" }, "geometry": { "type": "LineString", "coordinates": [ [ -119.7451523, 36.8087503 ], [ -119.7452185, 36.8086511 ], [ -119.7452524, 36.8086006 ], [ -119.7453138, 36.808509 ], [ -119.7453743, 36.8084193 ] ] } },
{ "type": "Feature", "properties": { "name": null, "highway": "footway", "footway": "crossing", "osm_id": "way/1131526234" }, "geometry": { "type": "LineString", "coordinates": [ [ -119.7453919, 36.8087525 ], [ -119.7453032, 36.8086515 ], [ -119.7452524, 36.8086006 ], [ -119.7451844, 36.8085078 ], [ -119.7451119, 36.8084121 ] ] } },
{ "type": "Feature", "properties": { "name": null, "highway": "footway", "footway": "crossing", "osm_id": "way/1131526235" }, "geometry": { "type": "LineString", "coordinates": [ [ -119.7453919, 36.8087525 ], [ -119.7453859, 36.8086519 ], [ -119.7453807, 36.8085095 ], [ -119.7453743, 36.8084193 ] ] } },
{ "type": "Feature", "properties": { "name": null, "highway": "footway", "footway": "crossing", "osm_id": "way/1131526236" }, "geometry": { "type": "LineString", "coordinates": [ [ -119.7451523, 36.8087503 ], [ -119.7451468, 36.8087208 ], [ -119.7451347, 36.8086507 ], [ -119.7451148, 36.8085076 ], [ -119.7451022, 36.8084285 ], [ -119.7451119, 36.8084121 ], [ -119.7452503, 36.8084145 ], [ -119.7453743, 36.8084193 ] ] } },
{ "type": "Feature", "properties": { "name": null, "highway": "footway", "footway": "sidewalk", "osm_id": "way/1194160898" }, "geometry": { "type": "LineString", "coordinates": [ [ -119.7451119, 36.8084121 ], [ -119.7450577, 36.8084196 ], [ -119.7448499, 36.8084206 ], [ -119.7445212, 36.8083804 ], [ -119.744321, 36.8083785 ], [ -119.7441284, 36.8084154 ], [ -119.7440128, 36.808414 ], [ -119.7437927, 36.8083855 ], [ -119.7436602, 36.808386 ], [ -119.7434822, 36.8084122 ], [ -119.7433683, 36.808415 ], [ -119.7432317, 36.8083991 ], [ -119.7430992, 36.8083706 ], [ -119.7429556, 36.8083687 ], [ -119.7427303, 36.8084009 ], [ -119.7425972, 36.8084192 ], [ -119.7425067, 36.8084051 ] ] } },
{ "type": "Feature", "properties": { "name": null, "highway": "footway", "footway": "sidewalk", "osm_id": "way/1194160899" }, "geometry": { "type": "LineString", "coordinates": [ [ -119.7422236, 36.8084025 ], [ -119.7417869, 36.8084171 ], [ -119.7416924, 36.8084119 ], [ -119.7414892, 36.8083679 ], [ -119.7413587, 36.8083707 ], [ -119.7411121, 36.8084156 ], [ -119.7409604, 36.8084147 ], [ -119.7408996, 36.8084032 ], [ -119.7408868, 36.8084008 ] ] } },
{ "type": "Feature", "properties": { "name": null, "highway": "footway", "footway": "sidewalk", "osm_id": "way/1194160900" }, "geometry": { "type": "LineString", "coordinates": [ [ -119.7451214, 36.8049141 ], [ -119.745109, 36.8051088 ], [ -119.7451224, 36.8053375 ], [ -119.7450875, 36.8056027 ], [ -119.7451237, 36.8058669 ], [ -119.7450969, 36.8061514 ], [ -119.7451237, 36.8064037 ], [ -119.7450969, 36.8066561 ], [ -119.7451305, 36.80696 ], [ -119.7451264, 36.8072166 ], [ -119.7450473, 36.8074195 ], [ -119.7450446, 36.8075742 ], [ -119.7451237, 36.8078641 ], [ -119.745109, 36.8079253 ], [ -119.7450621, 36.8080305 ], [ -119.7450795, 36.8081475 ], [ -119.7451278, 36.8082903 ], [ -119.7451119, 36.8084121 ] ] } },
{ "type": "Feature", "properties": { "name": null, "highway": "footway", "footway": "sidewalk", "osm_id": "way/1194160901" }, "geometry": { "type": "LineString", "coordinates": [ [ -119.7453743, 36.8084193 ], [ -119.7453537, 36.8083721 ], [ -119.7453553, 36.8082978 ], [ -119.7453553, 36.8078677 ], [ -119.7453553, 36.8077813 ], [ -119.7453676, 36.8077456 ] ] } },
{ "type": "Feature", "properties": { "name": null, "highway": "footway", "footway": null, "osm_id": "way/1194160904" }, "geometry": { "type": "LineString", "coordinates": [ [ -119.7476571, 36.8101776 ], [ -119.74766, 36.8108113 ] ] } },
{ "type": "Feature", "properties": { "name": null, "highway": "footway", "footway": "sidewalk", "osm_id": "way/1233395268" }, "geometry": { "type": "LineString", "coordinates": [ [ -119.7354337, 36.8125657 ], [ -119.7354314, 36.8126771 ], [ -119.7361181, 36.8126857 ] ] } },
{ "type": "Feature", "properties": { "name": null, "highway": "footway", "footway": "sidewalk", "osm_id": "way/1233395269" }, "geometry": { "type": "LineString", "coordinates": [ [ -119.7347419, 36.8118643 ], [ -119.7347866, 36.811834 ], [ -119.7347912, 36.8115151 ], [ -119.7347638, 36.8114849 ], [ -119.734764, 36.811451 ] ] } },
{ "type": "Feature", "properties": { "name": null, "highway": "footway", "footway": "sidewalk", "osm_id": "way/1233395270" }, "geometry": { "type": "LineString", "coordinates": [ [ -119.7343115, 36.8118669 ], [ -119.7343117, 36.81186 ], [ -119.7343168, 36.8115991 ], [ -119.7341673, 36.8115965 ] ] } },
{ "type": "Feature", "properties": { "name": null, "highway": "footway", "footway": "sidewalk", "osm_id": "way/1240538619" }, "geometry": { "type": "LineString", "coordinates": [ [ -119.734637, 36.8083899 ], [ -119.7345814, 36.8083998 ], [ -119.734371, 36.808399 ], [ -119.7342242, 36.8083468 ], [ -119.7331566, 36.8083361 ], [ -119.7329918, 36.8083272 ], [ -119.7329018, 36.808309 ], [ -119.7328288, 36.8082785 ] ] } },
{ "type": "Feature", "properties": { "name": null, "highway": "steps", "footway": null, "osm_id": "way/1268188819" }, "geometry": { "type": "LineString", "coordinates": [ [ -119.7594604, 36.8137526 ], [ -119.7591595, 36.8138304 ], [ -119.7584961, 36.8139926 ] ] } },
{ "type": "Feature", "properties": { "name": null, "highway": "steps", "footway": null, "osm_id": "way/1268188820" }, "geometry": { "type": "LineString", "coordinates": [ [ -119.7594368, 36.8150746 ], [ -119.7591274, 36.8149958 ], [ -119.7584911, 36.8148346 ] ] } },
{ "type": "Feature", "properties": { "name": null, "highway": "steps", "footway": null, "osm_id": "way/1268188821" }, "geometry": { "type": "LineString", "coordinates": [ [ -119.7595669, 36.8144205 ], [ -119.7592535, 36.8144167 ] ] } },
{ "type": "Feature", "properties": { "name": null, "highway": "steps", "footway": null, "osm_id": "way/1268188822" }, "geometry": { "type": "LineString", "coordinates": [ [ -119.7576884, 36.8148333 ], [ -119.757168, 36.8149596 ] ] } },
{ "type": "Feature", "properties": { "name": null, "highway": "steps", "footway": null, "osm_id": "way/1268188823" }, "geometry": { "type": "LineString", "coordinates": [ [ -119.7576371, 36.8139796 ], [ -119.7570116, 36.8138234 ], [ -119.7567032, 36.8137448 ] ] } },
{ "type": "Feature", "properties": { "name": null, "highway": "footway", "footway": "sidewalk", "osm_id": "way/1268191747" }, "geometry": { "type": "LineString", "coordinates": [ [ -119.7543798, 36.8123199 ], [ -119.7544162, 36.8123148 ], [ -119.755388, 36.8123108 ], [ -119.7562918, 36.812307 ], [ -119.7563314, 36.8123124 ], [ -119.7564251, 36.8123101 ], [ -119.7565117, 36.8123081 ], [ -119.7580965, 36.8123065 ], [ -119.7586762, 36.8123053 ] ] } },
{ "type": "Feature", "properties": { "name": null, "highway": "footway", "footway": "crossing", "osm_id": "way/1268191748" }, "geometry": { "type": "LineString", "coordinates": [ [ -119.7540148, 36.8157688 ], [ -119.7540088, 36.8158759 ], [ -119.7540088, 36.8159736 ] ] } },
{ "type": "Feature", "properties": { "name": null, "highway": "footway", "footway": "crossing", "osm_id": "way/1268191749" }, "geometry": { "type": "LineString", "coordinates": [ [ -119.7611166, 36.8123204 ], [ -119.7609819, 36.8123184 ], [ -119.7608641, 36.8123166 ] ] } },
{ "type": "Feature", "properties": { "name": null, "highway": "footway", "footway": "crossing", "osm_id": "way/1268191750" }, "geometry": { "type": "LineString", "coordinates": [ [ -119.7540359, 36.8121797 ], [ -119.7541228, 36.8122148 ], [ -119.7541938, 36.8122432 ], [ -119.7542667, 36.8122734 ], [ -119.7543798, 36.8123199 ] ] } },
{ "type": "Feature", "properties": { "name": null, "highway": "footway", "footway": "crossing", "osm_id": "way/1268191751" }, "geometry": { "type": "LineString", "coordinates": [ [ -119.7543522, 36.8121711 ], [ -119.7542669, 36.8122101 ], [ -119.7541938, 36.8122432 ], [ -119.7541227, 36.8122759 ], [ -119.754035, 36.812316 ] ] } },
{ "type": "Feature", "properties": { "name": null, "highway": "footway", "footway": "sidewalk", "osm_id": "way/1268193827" }, "geometry": { "type": "LineString", "coordinates": [ [ -119.7622657, 36.8148407 ], [ -119.7622247, 36.8148363 ], [ -119.7620418, 36.8148166 ], [ -119.7619242, 36.8148039 ], [ -119.761624, 36.814859 ], [ -119.7613597, 36.8148195 ], [ -119.7612668, 36.8148287 ], [ -119.7611854, 36.814874 ], [ -119.7611093, 36.8148623 ] ] } },
{ "type": "Feature", "properties": { "name": null, "highway": "footway", "footway": "sidewalk", "osm_id": "way/1268193828" }, "geometry": { "type": "LineString", "coordinates": [ [ -119.7616301, 36.8147947 ], [ -119.7616293, 36.8148367 ], [ -119.761624, 36.814859 ], [ -119.7616049, 36.8149303 ] ] } },
{ "type": "Feature", "properties": { "name": null, "highway": "footway", "footway": "sidewalk", "osm_id": "way/1268193829" }, "geometry": { "type": "LineString", "coordinates": [ [ -119.7622247, 36.8148363 ], [ -119.7622012, 36.8149472 ], [ -119.7620091, 36.8149697 ], [ -119.7619511, 36.8149765 ], [ -119.7616757, 36.8149211 ], [ -119.7616049, 36.8149303 ], [ -119.7613106, 36.8149682 ], [ -119.7612844, 36.8149716 ], [ -119.7611091, 36.8149028 ] ] } },
{ "type": "Feature", "properties": { "name": null, "highway": "footway", "footway": "sidewalk", "osm_id": "way/1268193830" }, "geometry": { "type": "LineString", "coordinates": [ [ -119.7611119, 36.8140641 ], [ -119.7611093, 36.8148623 ], [ -119.7611091, 36.8149028 ], [ -119.7611075, 36.8153917 ], [ -119.7611065, 36.815709 ] ] } },
{ "type": "Feature", "properties": { "name": null, "highway": "footway", "footway": "crossing", "osm_id": "way/1268193831" }, "geometry": { "type": "LineString", "coordinates": [ [ -119.7611065, 36.815709 ], [ -119.7609817, 36.8157111 ], [ -119.7608278, 36.8157138 ] ] } },
{ "type": "Feature", "properties": { "name": null, "highway": "footway", "footway": "crossing", "osm_id": "way/1268193833" }, "geometry": { "type": "LineString", "coordinates": [ [ -119.7611119, 36.8140641 ], [ -119.7611127, 36.8140079 ], [ -119.7611135, 36.8139446 ] ] } },
{ "type": "Feature", "properties": { "name": null, "highway": "footway", "footway": "sidewalk", "osm_id": "way/1268193834" }, "geometry": { "type": "LineString", "coordinates": [ [ -119.7611135, 36.8139446 ], [ -119.7611143, 36.8135514 ], [ -119.7611151, 36.8131282 ], [ -119.761116, 36.812625 ], [ -119.7611164, 36.8124288 ], [ -119.7611166, 36.8123204 ], [ -119.7620526, 36.8123177 ], [ -119.7622332, 36.8123172 ], [ -119.7629916, 36.8123149 ], [ -119.763008, 36.8123149 ] ] } },
{ "type": "Feature", "properties": { "name": null, "highway": "footway", "footway": "sidewalk", "osm_id": "way/1268193836" }, "geometry": { "type": "LineString", "coordinates": [ [ -119.7623417, 36.8131134 ], [ -119.7622014, 36.8131181 ], [ -119.7621576, 36.8131475 ], [ -119.7619721, 36.8131739 ], [ -119.7619468, 36.8131722 ], [ -119.761735, 36.8131583 ], [ -119.7615218, 36.8131718 ], [ -119.7611151, 36.8131282 ], [ -119.7615081, 36.8130793 ], [ -119.7617408, 36.8130946 ], [ -119.7619717, 36.8130769 ], [ -119.7621532, 36.8130906 ], [ -119.7622014, 36.8131181 ] ] } },
{ "type": "Feature", "properties": { "name": null, "highway": "footway", "footway": "sidewalk", "osm_id": "way/1268193840" }, "geometry": { "type": "LineString", "coordinates": [ [ -119.761735, 36.8131583 ], [ -119.7617408, 36.8130946 ] ] } },
{ "type": "Feature", "properties": { "name": null, "highway": "footway", "footway": "sidewalk", "osm_id": "way/1268193841" }, "geometry": { "type": "LineString", "coordinates": [ [ -119.7613106, 36.8149682 ], [ -119.7613108, 36.8150327 ] ] } },
{ "type": "Feature", "properties": { "name": null, "highway": "footway", "footway": "sidewalk", "osm_id": "way/1268195961" }, "geometry": { "type": "LineString", "coordinates": [ [ -119.754357, 36.8160081 ], [ -119.75434, 36.8160383 ], [ -119.7543423, 36.8164762 ], [ -119.7543438, 36.816755 ], [ -119.7543439, 36.8167781 ], [ -119.7543412, 36.8174389 ], [ -119.7543416, 36.8175388 ], [ -119.7543411, 36.8175876 ], [ -119.7543438, 36.8177995 ], [ -119.7543429, 36.8178489 ], [ -119.7543429, 36.8178811 ], [ -119.7543429, 36.8181065 ], [ -119.7543411, 36.818186 ], [ -119.7543438, 36.8184637 ], [ -119.7543354, 36.8188682 ], [ -119.7543348, 36.8188953 ], [ -119.754334, 36.8192528 ], [ -119.7543339, 36.8192875 ], [ -119.754337, 36.8196407 ], [ -119.7543375, 36.8196947 ], [ -119.7543357, 36.8203389 ] ] } },
{ "type": "Feature", "properties": { "name": null, "highway": "path", "footway": null, "osm_id": "way/1268195962" }, "geometry": { "type": "LineString", "coordinates": [ [ -119.7540088, 36.8159736 ], [ -119.751675, 36.8159532 ] ] } },
{ "type": "Feature", "properties": { "name": null, "highway": "footway", "footway": "sidewalk", "osm_id": "way/1268195963" }, "geometry": { "type": "LineString", "coordinates": [ [ -119.754357, 36.8160081 ], [ -119.754412, 36.8159961 ], [ -119.754719, 36.8159967 ], [ -119.7549528, 36.8159972 ], [ -119.7552742, 36.8159979 ], [ -119.7553139, 36.815998 ], [ -119.7554385, 36.8159975 ], [ -119.7563141, 36.8159944 ], [ -119.7568133, 36.8159926 ], [ -119.7568283, 36.8160014 ], [ -119.7568505, 36.8160121 ], [ -119.7568681, 36.8160167 ], [ -119.757173, 36.8160142 ], [ -119.757192, 36.8160071 ], [ -119.7572163, 36.8159922 ], [ -119.7574703, 36.8159887 ], [ -119.7575324, 36.815999 ] ] } },
{ "type": "Feature", "properties": { "name": null, "highway": "footway", "footway": "sidewalk", "osm_id": "way/1268195964" }, "geometry": { "type": "LineString", "coordinates": [ [ -119.7543522, 36.8121711 ], [ -119.7543487, 36.8121398 ], [ -119.7543499, 36.8112232 ], [ -119.7543501, 36.8110184 ], [ -119.754351, 36.8104007 ], [ -119.7543536, 36.8100958 ], [ -119.7543709, 36.809479 ], [ -119.7543759, 36.809192 ], [ -119.7543771, 36.8088323 ], [ -119.7543971, 36.8087798 ] ] } },
{ "type": "Feature", "properties": { "name": null, "highway": "footway", "footway": "crossing", "osm_id": "way/1268195965" }, "geometry": { "type": "LineString", "coordinates": [ [ -119.7543971, 36.8087798 ], [ -119.7542858, 36.8087817 ], [ -119.7541268, 36.8087847 ], [ -119.7540163, 36.8087867 ], [ -119.7540142, 36.808685 ], [ -119.7540101, 36.8085375 ], [ -119.7540093, 36.8084394 ], [ -119.7541301, 36.8084405 ], [ -119.7542928, 36.8084419 ], [ -119.7543982, 36.8084429 ], [ -119.754398, 36.8085362 ], [ -119.7544005, 36.8086916 ], [ -119.7543971, 36.8087798 ] ] } },
{ "type": "Feature", "properties": { "name": null, "highway": "steps", "footway": null, "osm_id": "way/1327382804" }, "geometry": { "type": "LineString", "coordinates": [ [ -119.7576188, 36.8141492 ], [ -119.7569062, 36.8141452 ] ] } },
{ "type": "Feature", "properties": { "name": null, "highway": "steps", "footway": null, "osm_id": "way/1327382805" }, "geometry": { "type": "LineString", "coordinates": [ [ -119.7576148, 36.8146732 ], [ -119.7569061, 36.8146706 ] ] } },
{ "type": "Feature", "properties": { "name": null, "highway": "steps", "footway": null, "osm_id": "way/1327382806" }, "geometry": { "type": "LineString", "coordinates": [ [ -119.7580797, 36.8150241 ], [ -119.7580783, 36.8151705 ] ] } },
{ "type": "Feature", "properties": { "name": null, "highway": "footway", "footway": null, "osm_id": "way/1327382807" }, "geometry": { "type": "LineString", "coordinates": [ [ -119.7580783, 36.8151705 ], [ -119.7580751, 36.8155126 ] ] } },
{ "type": "Feature", "properties": { "name": null, "highway": "steps", "footway": null, "osm_id": "way/1327382810" }, "geometry": { "type": "LineString", "coordinates": [ [ -119.7575221, 36.813395 ], [ -119.7577988, 36.81379 ] ] } },
{ "type": "Feature", "properties": { "name": null, "highway": "steps", "footway": null, "osm_id": "way/1327382811" }, "geometry": { "type": "LineString", "coordinates": [ [ -119.7577087, 36.8138338 ], [ -119.7573168, 36.8135075 ] ] } },
{ "type": "Feature", "properties": { "name": null, "highway": "steps", "footway": null, "osm_id": "way/1327382812" }, "geometry": { "type": "LineString", "coordinates": [ [ -119.7576323, 36.8138901 ], [ -119.7571367, 36.8136601 ] ] } },
{ "type": "Feature", "properties": { "name": null, "highway": "steps", "footway": null, "osm_id": "way/1327382813" }, "geometry": { "type": "LineString", "coordinates": [ [ -119.7568869, 36.8144073 ], [ -119.7566014, 36.8144091 ] ] } },
{ "type": "Feature", "properties": { "name": null, "highway": "steps", "footway": null, "osm_id": "way/1327382814" }, "geometry": { "type": "LineString", "coordinates": [ [ -119.7576779, 36.8149109 ], [ -119.7572797, 36.8150892 ] ] } },
{ "type": "Feature", "properties": { "name": null, "highway": "footway", "footway": null, "osm_id": "way/1327382815" }, "geometry": { "type": "LineString", "coordinates": [ [ -119.7576255, 36.815247 ], [ -119.7575762, 36.8152372 ], [ -119.7574876, 36.81521 ], [ -119.7574473, 36.8151929 ], [ -119.7574191, 36.815181 ], [ -119.757369, 36.815157 ], [ -119.7573244, 36.8151268 ], [ -119.7572797, 36.8150892 ], [ -119.7572335, 36.8150429 ], [ -119.757168, 36.8149596 ] ] } },
{ "type": "Feature", "properties": { "name": null, "highway": "steps", "footway": null, "osm_id": "way/1327382816" }, "geometry": { "type": "LineString", "coordinates": [ [ -119.7570218, 36.8149951 ], [ -119.7567302, 36.8150695 ] ] } },
{ "type": "Feature", "properties": { "name": null, "highway": "footway", "footway": null, "osm_id": "way/1327382818" }, "geometry": { "type": "LineString", "coordinates": [ [ -119.757168, 36.8149596 ], [ -119.7570218, 36.8149951 ] ] } },
{ "type": "Feature", "properties": { "name": null, "highway": "steps", "footway": null, "osm_id": "way/1327382819" }, "geometry": { "type": "LineString", "coordinates": [ [ -119.7577164, 36.8149786 ], [ -119.7574473, 36.8151929 ] ] } },
{ "type": "Feature", "properties": { "name": null, "highway": "steps", "footway": null, "osm_id": "way/1327382820" }, "geometry": { "type": "LineString", "coordinates": [ [ -119.7578031, 36.8150168 ], [ -119.7576255, 36.815247 ] ] } },
{ "type": "Feature", "properties": { "name": null, "highway": "steps", "footway": null, "osm_id": "way/1327382821" }, "geometry": { "type": "LineString", "coordinates": [ [ -119.7578921, 36.8150398 ], [ -119.7578173, 36.8152309 ] ] } },
{ "type": "Feature", "properties": { "name": null, "highway": "footway", "footway": null, "osm_id": "way/1327382822" }, "geometry": { "type": "LineString", "coordinates": [ [ -119.7578173, 36.8152309 ], [ -119.7578443, 36.8152858 ], [ -119.7577724, 36.8154834 ] ] } },
{ "type": "Feature", "properties": { "name": null, "highway": "footway", "footway": null, "osm_id": "way/1327382823" }, "geometry": { "type": "LineString", "coordinates": [ [ -119.7583741, 36.814987 ], [ -119.7582963, 36.8150098 ], [ -119.7582145, 36.8150251 ], [ -119.7580797, 36.8150241 ], [ -119.7579409, 36.815023 ], [ -119.7578668, 36.8150109 ], [ -119.7577967, 36.8149902 ] ] } },
{ "type": "Feature", "properties": { "name": null, "highway": "steps", "footway": null, "osm_id": "way/1327382824" }, "geometry": { "type": "LineString", "coordinates": [ [ -119.7577967, 36.8149902 ], [ -119.7577303, 36.814972 ] ] } },
{ "type": "Feature", "properties": { "name": null, "highway": "footway", "footway": null, "osm_id": "way/1327382825" }, "geometry": { "type": "LineString", "coordinates": [ [ -119.7577303, 36.814972 ], [ -119.7577164, 36.8149786 ], [ -119.7576968, 36.8149575 ], [ -119.7576881, 36.8149414 ], [ -119.7576807, 36.8149253 ], [ -119.7576779, 36.8149109 ], [ -119.757679, 36.8148562 ] ] } },
{ "type": "Feature", "properties": { "name": null, "highway": "steps", "footway": null, "osm_id": "way/1327383852" }, "geometry": { "type": "LineString", "coordinates": [ [ -119.757622, 36.814056 ], [ -119.7569265, 36.8140493 ] ] } },
{ "type": "Feature", "properties": { "name": null, "highway": "steps", "footway": null, "osm_id": "way/1327383853" }, "geometry": { "type": "LineString", "coordinates": [ [ -119.7576238, 36.8147679 ], [ -119.75693, 36.8147687 ] ] } },
{ "type": "Feature", "properties": { "name": null, "highway": "steps", "footway": null, "osm_id": "way/1327383854" }, "geometry": { "type": "LineString", "coordinates": [ [ -119.7586647, 36.8134049 ], [ -119.758374, 36.8138013 ] ] } },
{ "type": "Feature", "properties": { "name": null, "highway": "steps", "footway": null, "osm_id": "way/1327383855" }, "geometry": { "type": "LineString", "coordinates": [ [ -119.7588661, 36.8135211 ], [ -119.7584545, 36.8138432 ] ] } },
{ "type": "Feature", "properties": { "name": null, "highway": "steps", "footway": null, "osm_id": "way/1327383856" }, "geometry": { "type": "LineString", "coordinates": [ [ -119.7578874, 36.8137628 ], [ -119.7577458, 36.8133221 ] ] } },
{ "type": "Feature", "properties": { "name": null, "highway": "steps", "footway": null, "osm_id": "way/1327383857" }, "geometry": { "type": "LineString", "coordinates": [ [ -119.7582865, 36.8137607 ], [ -119.7584499, 36.8133321 ] ] } },
{ "type": "Feature", "properties": { "name": null, "highway": "steps", "footway": null, "osm_id": "way/1327383858" }, "geometry": { "type": "LineString", "coordinates": [ [ -119.7584932, 36.8139174 ], [ -119.759027, 36.8136576 ] ] } },
{ "type": "Feature", "properties": { "name": null, "highway": "steps", "footway": null, "osm_id": "way/1327383859" }, "geometry": { "type": "LineString", "coordinates": [ [ -119.7588701, 36.8150969 ], [ -119.7584804, 36.8149082 ] ] } },
{ "type": "Feature", "properties": { "name": null, "highway": "steps", "footway": null, "osm_id": "way/1327383860" }, "geometry": { "type": "LineString", "coordinates": [ [ -119.7584426, 36.8149816 ], [ -119.7587091, 36.8151968 ] ] } },
{ "type": "Feature", "properties": { "name": null, "highway": "steps", "footway": null, "osm_id": "way/1327383861" }, "geometry": { "type": "LineString", "coordinates": [ [ -119.7583702, 36.8150235 ], [ -119.7585081, 36.815243 ] ] } },
{ "type": "Feature", "properties": { "name": null, "highway": "steps", "footway": null, "osm_id": "way/1327383862" }, "geometry": { "type": "LineString", "coordinates": [ [ -119.7582755, 36.8150475 ], [ -119.7583286, 36.8152443 ] ] } },
{ "type": "Feature", "properties": { "name": null, "highway": "steps", "footway": null, "osm_id": "way/1327383863" }, "geometry": { "type": "LineString", "coordinates": [ [ -119.7584945, 36.8147718 ], [ -119.7589909, 36.8147711 ] ] } },
{ "type": "Feature", "properties": { "name": null, "highway": "steps", "footway": null, "osm_id": "way/1327383864" }, "geometry": { "type": "LineString", "coordinates": [ [ -119.7584929, 36.8140575 ], [ -119.7590066, 36.8140607 ] ] } },
{ "type": "Feature", "properties": { "name": null, "highway": "footway", "footway": "sidewalk", "osm_id": "way/1327387019" }, "geometry": { "type": "LineString", "coordinates": [ [ -119.7508836, 36.8142616 ], [ -119.750844, 36.8142611 ] ] } },
{ "type": "Feature", "properties": { "name": null, "highway": "footway", "footway": "sidewalk", "osm_id": "way/1327387020" }, "geometry": { "type": "LineString", "coordinates": [ [ -119.750844, 36.8142611 ], [ -119.7507966, 36.8142696 ] ] } },
{ "type": "Feature", "properties": { "name": null, "highway": "footway", "footway": "sidewalk", "osm_id": "way/1327387021" }, "geometry": { "type": "LineString", "coordinates": [ [ -119.7453563, 36.8140284 ], [ -119.745306, 36.8140213 ] ] } },
{ "type": "Feature", "properties": { "name": null, "highway": "footway", "footway": "crossing", "osm_id": "way/1327388281" }, "geometry": { "type": "LineString", "coordinates": [ [ -119.7361053, 36.8107195 ], [ -119.736104, 36.8107774 ], [ -119.736104, 36.8108334 ], [ -119.736081, 36.8108657 ], [ -119.7360631, 36.8108908 ] ] } },
{ "type": "Feature", "properties": { "name": null, "highway": "footway", "footway": "sidewalk", "osm_id": "way/1327388282" }, "geometry": { "type": "LineString", "coordinates": [ [ -119.7361446, 36.8119312 ], [ -119.7361158, 36.8117734 ], [ -119.7361275, 36.8113612 ], [ -119.7361378, 36.8109978 ], [ -119.7361345, 36.8109661 ], [ -119.7361234, 36.8109456 ], [ -119.7361035, 36.8109222 ], [ -119.736086, 36.8109082 ], [ -119.7360631, 36.8108908 ], [ -119.7360271, 36.8108778 ], [ -119.7359839, 36.8108708 ], [ -119.7359564, 36.8108689 ], [ -119.7353644, 36.8108585 ], [ -119.7348872, 36.8108501 ], [ -119.7342813, 36.8108395 ], [ -119.7336878, 36.8108291 ], [ -119.7330363, 36.8108176 ] ] } },
{ "type": "Feature", "properties": { "name": null, "highway": "footway", "footway": "sidewalk", "osm_id": "way/1327586792" }, "geometry": { "type": "LineString", "coordinates": [ [ -119.7488786, 36.8116903 ], [ -119.7488093, 36.811652 ], [ -119.748136, 36.811652 ], [ -119.748044, 36.811652 ] ] } },
{ "type": "Feature", "properties": { "name": null, "highway": "footway", "footway": "traffic_island", "osm_id": "way/1363396739" }, "geometry": { "type": "LineString", "coordinates": [ [ -119.7377922, 36.8108245 ], [ -119.7377922, 36.8108423 ], [ -119.7378706, 36.8108414 ], [ -119.7378706, 36.8108568 ] ] } },
{ "type": "Feature", "properties": { "name": null, "highway": "footway", "footway": "crossing", "osm_id": "way/1363396740" }, "geometry": { "type": "LineString", "coordinates": [ [ -119.7377915, 36.8107606 ], [ -119.7377922, 36.8107928 ], [ -119.7377922, 36.8108245 ] ] } },
{ "type": "Feature", "properties": { "name": null, "highway": "footway", "footway": "crossing", "osm_id": "way/1363396741" }, "geometry": { "type": "LineString", "coordinates": [ [ -119.7393721, 36.8108281 ], [ -119.739373, 36.8107985 ], [ -119.7393818, 36.8107715 ] ] } },
{ "type": "Feature", "properties": { "name": null, "highway": "footway", "footway": "traffic_island", "osm_id": "way/1363396742" }, "geometry": { "type": "LineString", "coordinates": [ [ -119.7392975, 36.8108611 ], [ -119.7392976, 36.8108475 ], [ -119.7393717, 36.810844 ], [ -119.7393721, 36.8108281 ] ] } },
{ "type": "Feature", "properties": { "name": null, "highway": "footway", "footway": "sidewalk", "osm_id": "way/1416790811" }, "geometry": { "type": "LineString", "coordinates": [ [ -119.7543971, 36.8087798 ], [ -119.754452, 36.8087688 ], [ -119.7545867, 36.8087682 ], [ -119.7549494, 36.8087665 ], [ -119.7556436, 36.8087633 ] ] } },
{ "type": "Feature", "properties": { "name": null, "highway": "footway", "footway": "sidewalk", "osm_id": "way/1416792441" }, "geometry": { "type": "LineString", "coordinates": [ [ -119.7586465, 36.808967 ], [ -119.7586472, 36.8090292 ], [ -119.7586365, 36.8090501 ], [ -119.7586224, 36.8090818 ], [ -119.758617, 36.809128 ], [ -119.7586257, 36.8091962 ], [ -119.7586425, 36.8092311 ], [ -119.7586453, 36.809346 ], [ -119.7586481, 36.8094616 ], [ -119.7586269, 36.8095055 ], [ -119.7586216, 36.8095579 ], [ -119.7586216, 36.8096274 ], [ -119.7586357, 36.8096996 ], [ -119.7586428, 36.8097634 ], [ -119.758634, 36.8098385 ], [ -119.7586251, 36.8099022 ], [ -119.7586304, 36.8099589 ], [ -119.7586375, 36.8099986 ], [ -119.7586322, 36.810051 ], [ -119.7586198, 36.8101048 ], [ -119.7586198, 36.8101388 ], [ -119.7586198, 36.8102054 ], [ -119.7586357, 36.8102649 ], [ -119.7586453, 36.8103019 ], [ -119.7586419, 36.8104 ], [ -119.7586349, 36.8106035 ], [ -119.758633, 36.8106584 ], [ -119.7586339, 36.8112855 ], [ -119.7586351, 36.8121545 ], [ -119.7566348, 36.8121614 ], [ -119.7563803, 36.8121623 ], [ -119.7552207, 36.8121663 ], [ -119.7544738, 36.8121689 ], [ -119.7543522, 36.8121711 ] ] } },
{ "type": "Feature", "properties": { "name": null, "highway": "footway", "footway": "sidewalk", "osm_id": "way/1416792442" }, "geometry": { "type": "LineString", "coordinates": [ [ -119.7588186, 36.8123046 ], [ -119.7597169, 36.8122984 ], [ -119.7608149, 36.8123039 ], [ -119.7608641, 36.8123166 ], [ -119.7608604, 36.8140084 ], [ -119.7608583, 36.8149335 ], [ -119.7608567, 36.8156356 ], [ -119.760855, 36.8156581 ], [ -119.7608451, 36.8156856 ], [ -119.7608278, 36.8157138 ], [ -119.7607835, 36.8157187 ], [ -119.760742, 36.8157159 ], [ -119.7606721, 36.8156989 ], [ -119.7605968, 36.8156854 ], [ -119.7605314, 36.8156748 ], [ -119.7604668, 36.8156734 ], [ -119.7604279, 36.815679 ], [ -119.7603925, 36.815689 ], [ -119.7603491, 36.8157031 ], [ -119.7603252, 36.8157116 ], [ -119.760296, 36.8157169 ], [ -119.7602668, 36.8157152 ], [ -119.7602111, 36.8157088 ], [ -119.7601465, 36.8156861 ], [ -119.7600492, 36.8156543 ], [ -119.7600005, 36.8156458 ], [ -119.7599731, 36.8156465 ], [ -119.7599483, 36.81565 ], [ -119.7599173, 36.8156606 ], [ -119.7598899, 36.8156741 ], [ -119.7598616, 36.8156826 ], [ -119.7598306, 36.8156826 ], [ -119.7597864, 36.8156741 ], [ -119.7597492, 36.8156705 ], [ -119.7594734, 36.8156674 ], [ -119.7592458, 36.8156649 ], [ -119.7592104, 36.8156677 ], [ -119.7591644, 36.8156776 ], [ -119.7590918, 36.815701 ], [ -119.7590405, 36.8157187 ], [ -119.7590104, 36.8157251 ], [ -119.758983, 36.8157272 ], [ -119.7589538, 36.8157258 ], [ -119.7589246, 36.8157187 ], [ -119.758883, 36.8157017 ], [ -119.7588281, 36.8156769 ], [ -119.7587706, 36.8156642 ], [ -119.7587184, 36.8156578 ], [ -119.7586538, 36.815655 ], [ -119.7585981, 36.8156557 ], [ -119.7585335, 36.8156613 ], [ -119.7584813, 36.8156691 ], [ -119.7584432, 36.8156783 ], [ -119.7584123, 36.8156918 ], [ -119.7583875, 36.8157081 ], [ -119.7583574, 36.8157251 ], [ -119.7583203, 36.8157308 ], [ -119.7582796, 36.81573 ], [ -119.7582521, 36.8157251 ], [ -119.7582194, 36.815718 ], [ -119.7582008, 36.8157109 ], [ -119.7581539, 36.8156989 ], [ -119.7580982, 36.815689 ], [ -119.7580141, 36.8156812 ], [ -119.7579451, 36.8156769 ], [ -119.7578549, 36.8156741 ], [ -119.7577693, 36.8156716 ], [ -119.7576951, 36.8156727 ], [ -119.7576173, 36.8156786 ], [ -119.7575355, 36.8156925 ], [ -119.7574758, 36.8157076 ], [ -119.7574262, 36.815714 ], [ -119.7573886, 36.8157151 ], [ -119.757345, 36.8157108 ], [ -119.7572967, 36.8156952 ], [ -119.7572518, 36.815677 ], [ -119.7572109, 36.8156657 ], [ -119.75717, 36.8156603 ], [ -119.7571258, 36.8156593 ] ] } },
{ "type": "Feature", "properties": { "name": null, "highway": "footway", "footway": "crossing", "osm_id": "way/1416792443" }, "geometry": { "type": "LineString", "coordinates": [ [ -119.7588186, 36.8123046 ], [ -119.7588164, 36.812242 ], [ -119.7588139, 36.8121562 ], [ -119.7587381, 36.8121555 ], [ -119.7586351, 36.8121545 ], [ -119.7586568, 36.8122421 ], [ -119.7586762, 36.8123053 ], [ -119.7587359, 36.8123052 ], [ -119.7588186, 36.8123046 ] ] } },
{ "type": "Feature", "properties": { "name": null, "highway": "footway", "footway": "sidewalk", "osm_id": "way/1416792444" }, "geometry": { "type": "LineString", "coordinates": [ [ -119.7588139, 36.8121562 ], [ -119.758861, 36.8121496 ], [ -119.7599981, 36.8121507 ], [ -119.7608718, 36.8121582 ], [ -119.7617885, 36.8121711 ], [ -119.762128, 36.8121691 ], [ -119.7629079, 36.8121646 ], [ -119.762938, 36.8121794 ], [ -119.762946, 36.8121553 ], [ -119.7629566, 36.8121419 ], [ -119.7629566, 36.8121192 ], [ -119.7629612, 36.8120757 ], [ -119.7629683, 36.8120247 ], [ -119.7629886, 36.8119758 ], [ -119.7630612, 36.8118242 ], [ -119.763093, 36.8117407 ], [ -119.7631099, 36.8116826 ], [ -119.7631276, 36.8116046 ], [ -119.7631302, 36.8115033 ], [ -119.7631305, 36.8114234 ], [ -119.7631323, 36.810831 ], [ -119.7631346, 36.8101287 ], [ -119.7631368, 36.8094448 ], [ -119.7631376, 36.8091845 ], [ -119.7631384, 36.8089274 ], [ -119.7631388, 36.8087983 ], [ -119.7631255, 36.8087588 ] ] } },
{ "type": "Feature", "properties": { "name": null, "highway": "footway", "footway": "sidewalk", "osm_id": "way/1416795326" }, "geometry": { "type": "LineString", "coordinates": [ [ -119.7611065, 36.815709 ], [ -119.7632627, 36.8156968 ], [ -119.7633895, 36.8156961 ], [ -119.7653536, 36.8156849 ], [ -119.7653677, 36.81568 ], [ -119.7653801, 36.8156651 ], [ -119.7653822, 36.8152028 ], [ -119.7653853, 36.8144908 ], [ -119.765385, 36.8141201 ], [ -119.7631707, 36.8141301 ], [ -119.7631708, 36.8145027 ], [ -119.7631709, 36.81518 ], [ -119.7631662, 36.8151955 ], [ -119.7631467, 36.8152138 ], [ -119.763132, 36.8152315 ], [ -119.7631052, 36.81526 ], [ -119.763073, 36.8152787 ], [ -119.7630361, 36.8152879 ], [ -119.7630006, 36.8152932 ], [ -119.7629536, 36.8152868 ], [ -119.7629161, 36.8152669 ], [ -119.7628799, 36.8152369 ], [ -119.7628705, 36.8152079 ], [ -119.7628651, 36.8151724 ], [ -119.7628772, 36.8151349 ], [ -119.7629, 36.8151112 ], [ -119.7629275, 36.8150882 ], [ -119.7629543, 36.8150747 ], [ -119.7629791, 36.8150613 ], [ -119.7629965, 36.8150441 ], [ -119.7630066, 36.8150275 ], [ -119.7630106, 36.8149974 ], [ -119.7630093, 36.8149642 ], [ -119.76298, 36.8149407 ], [ -119.7629821, 36.8144683 ], [ -119.7629864, 36.8134862 ], [ -119.7629884, 36.8130353 ], [ -119.7629916, 36.8123149 ] ] } },
{ "type": "Feature", "properties": { "name": null, "highway": "footway", "footway": "sidewalk", "osm_id": "way/1416798402" }, "geometry": { "type": "LineString", "coordinates": [ [ -119.7540317, 36.8165504 ], [ -119.7540313, 36.8160633 ], [ -119.7540088, 36.8159736 ] ] } },
{ "type": "Feature", "properties": { "name": null, "highway": "footway", "footway": "traffic_island", "osm_id": "way/1449581323" }, "geometry": { "type": "LineString", "coordinates": [ [ -119.736624, 36.8122817 ], [ -119.7366219, 36.8122759 ], [ -119.7366228, 36.8122708 ], [ -119.7366268, 36.8122679 ], [ -119.7366672, 36.81226 ], [ -119.7366712, 36.812258 ], [ -119.7366722, 36.8122519 ] ] } },
{ "type": "Feature", "properties": { "name": null, "highway": "footway", "footway": "crossing", "osm_id": "way/1449581324" }, "geometry": { "type": "LineString", "coordinates": [ [ -119.7366315, 36.812304 ], [ -119.736624, 36.8122817 ] ] } },
{ "type": "Feature", "properties": { "name": null, "highway": "footway", "footway": "sidewalk", "osm_id": "way/1449581325" }, "geometry": { "type": "LineString", "coordinates": [ [ -119.7361181, 36.8126857 ], [ -119.7361187, 36.8125493 ] ] } },
{ "type": "Feature", "properties": { "name": null, "highway": "footway", "footway": "sidewalk", "osm_id": "way/1449581326" }, "geometry": { "type": "LineString", "coordinates": [ [ -119.7361181, 36.8126857 ], [ -119.7361165, 36.8127359 ], [ -119.7361041, 36.8127656 ], [ -119.7360983, 36.8130792 ], [ -119.7360916, 36.8134475 ], [ -119.7360907, 36.8134935 ], [ -119.7360831, 36.8139047 ] ] } },
{ "type": "Feature", "properties": { "name": null, "highway": "footway", "footway": "sidewalk", "osm_id": "way/1449590755" }, "geometry": { "type": "LineString", "coordinates": [ [ -119.7363798, 36.8125681 ], [ -119.7364015, 36.8126272 ], [ -119.7364139, 36.8126756 ], [ -119.7364221, 36.8127405 ], [ -119.7364152, 36.8131904 ], [ -119.736387, 36.8148845 ], [ -119.7363767, 36.8153305 ] ] } },
{ "type": "Feature", "properties": { "name": null, "highway": "footway", "footway": "sidewalk", "osm_id": "way/1449590756" }, "geometry": { "type": "LineString", "coordinates": [ [ -119.7360596, 36.8150277 ], [ -119.7360585, 36.8150596 ], [ -119.7360424, 36.8152559 ], [ -119.7360504, 36.8153353 ], [ -119.7360692, 36.8154441 ], [ -119.7360701, 36.815505 ], [ -119.7360451, 36.8155815 ], [ -119.7359977, 36.8156474 ], [ -119.7359422, 36.8156853 ], [ -119.7358747, 36.8157101 ], [ -119.7358142, 36.8157128 ], [ -119.7354854, 36.8157218 ], [ -119.7354185, 36.8157195 ], [ -119.7352984, 36.8157199 ], [ -119.73526, 36.8157212 ] ] } },
{ "type": "Feature", "properties": { "name": null, "highway": "footway", "footway": "sidewalk", "osm_id": "way/1449590757" }, "geometry": { "type": "LineString", "coordinates": [ [ -119.7363767, 36.8153305 ], [ -119.736374, 36.8153536 ], [ -119.7363616, 36.8153642 ], [ -119.7363237, 36.8153676 ], [ -119.7363141, 36.8153724 ], [ -119.7363105, 36.8153811 ], [ -119.736314, 36.8154966 ], [ -119.7363155, 36.815509 ], [ -119.7363189, 36.8155212 ], [ -119.7363079, 36.8155238 ] ] } },
{ "type": "Feature", "properties": { "name": null, "highway": "footway", "footway": "sidewalk", "osm_id": "way/1449590758" }, "geometry": { "type": "LineString", "coordinates": [ [ -119.7360886, 36.8155057 ], [ -119.7360701, 36.815505 ] ] } },
{ "type": "Feature", "properties": { "name": null, "highway": "footway", "footway": "crossing", "osm_id": "way/1449590759" }, "geometry": { "type": "LineString", "coordinates": [ [ -119.736176, 36.8155056 ], [ -119.7361254, 36.8155057 ], [ -119.7360886, 36.8155057 ] ] } },
{ "type": "Feature", "properties": { "name": null, "highway": "footway", "footway": "traffic_island", "osm_id": "way/1449590760" }, "geometry": { "type": "LineString", "coordinates": [ [ -119.7362138, 36.8155359 ], [ -119.7362028, 36.8155372 ], [ -119.736198, 36.8155355 ], [ -119.7361956, 36.8155314 ], [ -119.7361958, 36.8155131 ], [ -119.7361918, 36.8155074 ], [ -119.736185, 36.8155057 ], [ -119.736176, 36.8155056 ] ] } },
{ "type": "Feature", "properties": { "name": null, "highway": "footway", "footway": "crossing", "osm_id": "way/1449590761" }, "geometry": { "type": "LineString", "coordinates": [ [ -119.7363079, 36.8155238 ], [ -119.7362489, 36.8155314 ], [ -119.7362138, 36.8155359 ] ] } },
{ "type": "Feature", "properties": { "name": null, "highway": "footway", "footway": "sidewalk", "osm_id": "way/1449596804" }, "geometry": { "type": "LineString", "coordinates": [ [ -119.7571258, 36.8156593 ], [ -119.7570688, 36.8156641 ], [ -119.7570017, 36.8156764 ], [ -119.756938, 36.8156952 ], [ -119.756873, 36.8157194 ], [ -119.7568341, 36.8157339 ], [ -119.7568005, 36.8157387 ], [ -119.7567529, 36.8157392 ], [ -119.7567194, 36.8157349 ], [ -119.756643, 36.8157221 ], [ -119.7565692, 36.8157103 ], [ -119.7565062, 36.8157033 ], [ -119.7564552, 36.8156984 ], [ -119.7564042, 36.8156942 ], [ -119.7563043, 36.8156947 ], [ -119.7562373, 36.8156915 ], [ -119.7561595, 36.8156813 ], [ -119.7561152, 36.8156738 ], [ -119.7560428, 36.8156678 ], [ -119.7559838, 36.8156673 ], [ -119.7559308, 36.8156678 ], [ -119.7558678, 36.8156743 ], [ -119.7558175, 36.8156845 ], [ -119.75579, 36.8156963 ], [ -119.7557464, 36.8157172 ], [ -119.7557082, 36.8157307 ], [ -119.755666, 36.8157392 ], [ -119.7556224, 36.8157425 ], [ -119.7555741, 36.8157398 ], [ -119.7555258, 36.8157301 ], [ -119.7554675, 36.8157119 ], [ -119.7554252, 36.8157017 ], [ -119.7553609, 36.8156947 ], [ -119.7552516, 36.8156882 ], [ -119.7552046, 36.8156873 ], [ -119.7550672, 36.8156845 ], [ -119.7549699, 36.8156764 ], [ -119.7548895, 36.8156705 ], [ -119.7548197, 36.8156705 ], [ -119.7547728, 36.815677 ], [ -119.7547312, 36.8156872 ], [ -119.7546829, 36.8157038 ], [ -119.754638, 36.8157253 ], [ -119.7545917, 36.8157403 ], [ -119.7545388, 36.8157468 ], [ -119.754355, 36.8157403 ] ] } },
{ "type": "Feature", "properties": { "name": null, "highway": "footway", "footway": "crossing", "osm_id": "way/1449596805" }, "geometry": { "type": "LineString", "coordinates": [ [ -119.754357, 36.8160081 ], [ -119.7543564, 36.8159273 ], [ -119.7543556, 36.8158156 ], [ -119.754355, 36.8157403 ] ] } },
{ "type": "Feature", "properties": { "name": null, "highway": "footway", "footway": "sidewalk", "osm_id": "way/1449596806" }, "geometry": { "type": "LineString", "coordinates": [ [ -119.7540148, 36.8157688 ], [ -119.7540214, 36.8157548 ], [ -119.7540326, 36.8126809 ], [ -119.754035, 36.812316 ], [ -119.7540359, 36.8121797 ], [ -119.7540429, 36.8111293 ] ] } },
{ "type": "Feature", "properties": { "name": null, "highway": "footway", "footway": "crossing", "osm_id": "way/1449596807" }, "geometry": { "type": "LineString", "coordinates": [ [ -119.754355, 36.8157403 ], [ -119.7542542, 36.8157481 ], [ -119.7541169, 36.8157597 ], [ -119.7540148, 36.8157688 ] ] } },
{ "type": "Feature", "properties": { "name": null, "highway": "footway", "footway": "crossing", "osm_id": "way/1449596808" }, "geometry": { "type": "LineString", "coordinates": [ [ -119.7540088, 36.8159736 ], [ -119.7541158, 36.815985 ] ] } },
{ "type": "Feature", "properties": { "name": null, "highway": "footway", "footway": "crossing", "osm_id": "way/1449596809" }, "geometry": { "type": "LineString", "coordinates": [ [ -119.7541158, 36.815985 ], [ -119.7542455, 36.8159979 ], [ -119.754357, 36.8160081 ] ] } },
{ "type": "Feature", "properties": { "name": null, "highway": "footway", "footway": "crossing", "osm_id": "way/1449599342" }, "geometry": { "type": "LineString", "coordinates": [ [ -119.7575324, 36.815999 ], [ -119.7576089, 36.8159933 ], [ -119.7576853, 36.8159879 ] ] } },
{ "type": "Feature", "properties": { "name": null, "highway": "footway", "footway": "sidewalk", "osm_id": "way/1449599343" }, "geometry": { "type": "LineString", "coordinates": [ [ -119.7577271, 36.8161011 ], [ -119.7577314, 36.8161139 ] ] } },
{ "type": "Feature", "properties": { "name": null, "highway": "footway", "footway": "crossing", "osm_id": "way/1449599344" }, "geometry": { "type": "LineString", "coordinates": [ [ -119.7577148, 36.8160135 ], [ -119.757721, 36.8160576 ], [ -119.7577271, 36.8161011 ] ] } },
{ "type": "Feature", "properties": { "name": null, "highway": "footway", "footway": "traffic_island", "osm_id": "way/1449599345" }, "geometry": { "type": "LineString", "coordinates": [ [ -119.7576853, 36.8159879 ], [ -119.7577014, 36.815989 ], [ -119.7577124, 36.815998 ], [ -119.7577148, 36.8160135 ] ] } },
{ "type": "Feature", "properties": { "name": null, "highway": "footway", "footway": "sidewalk", "osm_id": "way/1449599346" }, "geometry": { "type": "LineString", "coordinates": [ [ -119.7587793, 36.8160809 ], [ -119.7588215, 36.8160746 ], [ -119.7589778, 36.8160715 ], [ -119.7590313, 36.8160704 ], [ -119.7600818, 36.8160715 ], [ -119.7608116, 36.8160723 ] ] } },
{ "type": "Feature", "properties": { "name": null, "highway": "footway", "footway": "sidewalk", "osm_id": "way/1449599347" }, "geometry": { "type": "LineString", "coordinates": [ [ -119.7577314, 36.8161139 ], [ -119.7577469, 36.8161201 ], [ -119.7577729, 36.8161196 ], [ -119.7581667, 36.8160959 ], [ -119.7582082, 36.8160934 ], [ -119.7586382, 36.8160925 ] ] } },
{ "type": "Feature", "properties": { "name": null, "highway": "footway", "footway": "crossing", "osm_id": "way/1449599348" }, "geometry": { "type": "LineString", "coordinates": [ [ -119.7586382, 36.8160925 ], [ -119.7587053, 36.816087 ], [ -119.7587793, 36.8160809 ] ] } },
{ "type": "Feature", "properties": { "name": null, "highway": "footway", "footway": "sidewalk", "osm_id": "way/1449602456" }, "geometry": { "type": "LineString", "coordinates": [ [ -119.754355, 36.8157403 ], [ -119.7543402, 36.8156091 ], [ -119.7543409, 36.8150321 ], [ -119.7543422, 36.8139148 ], [ -119.7543431, 36.8132169 ], [ -119.7543441, 36.8123763 ], [ -119.7543502, 36.8123539 ], [ -119.7543634, 36.8123356 ], [ -119.7543798, 36.8123199 ] ] } },
{ "type": "Feature", "properties": { "name": null, "highway": "footway", "footway": "crossing", "osm_id": "way/1449602457" }, "geometry": { "type": "LineString", "coordinates": [ [ -119.754035, 36.812316 ], [ -119.7541226, 36.812317 ], [ -119.7542665, 36.8123186 ], [ -119.7543798, 36.8123199 ] ] } },
{ "type": "Feature", "properties": { "name": null, "highway": "footway", "footway": "crossing", "osm_id": "way/1449602458" }, "geometry": { "type": "LineString", "coordinates": [ [ -119.7543798, 36.8123199 ], [ -119.7543658, 36.8122431 ], [ -119.7543522, 36.8121711 ], [ -119.754267, 36.8121734 ], [ -119.7541229, 36.8121774 ] ] } },
{ "type": "Feature", "properties": { "name": null, "highway": "footway", "footway": "crossing", "osm_id": "way/1449602459" }, "geometry": { "type": "LineString", "coordinates": [ [ -119.7541229, 36.8121774 ], [ -119.7540359, 36.8121797 ] ] } },
{ "type": "Feature", "properties": { "name": null, "highway": "footway", "footway": "sidewalk", "osm_id": "way/1449602460" }, "geometry": { "type": "LineString", "coordinates": [ [ -119.7543368, 36.8229699 ], [ -119.7543315, 36.822294 ], [ -119.7543315, 36.8222594 ], [ -119.7543325, 36.821464 ], [ -119.7543323, 36.8214172 ], [ -119.7543304, 36.8209619 ], [ -119.7543347, 36.8204953 ] ] } },
{ "type": "Feature", "properties": { "name": null, "highway": "footway", "footway": "crossing", "osm_id": "way/1449602461" }, "geometry": { "type": "LineString", "coordinates": [ [ -119.7543347, 36.8204953 ], [ -119.7543352, 36.8204179 ], [ -119.7543357, 36.8203389 ] ] } },
{ "type": "Feature", "properties": { "name": null, "highway": "footway", "footway": "crossing", "osm_id": "way/1449602462" }, "geometry": { "type": "LineString", "coordinates": [ [ -119.754333, 36.8232635 ], [ -119.754329, 36.8231834 ], [ -119.7543239, 36.8230821 ], [ -119.7543196, 36.8229959 ], [ -119.7542417, 36.8229954 ], [ -119.7541062, 36.8229944 ], [ -119.7540049, 36.8229937 ] ] } },
{ "type": "Feature", "properties": { "name": null, "highway": "footway", "footway": "sidewalk", "osm_id": "way/1449602463" }, "geometry": { "type": "LineString", "coordinates": [ [ -119.7543368, 36.8229699 ], [ -119.7543313, 36.8229838 ], [ -119.7543196, 36.8229959 ] ] } },
{ "type": "Feature", "properties": { "name": null, "highway": "footway", "footway": "crossing", "osm_id": "way/1449602464" }, "geometry": { "type": "LineString", "coordinates": [ [ -119.7540049, 36.8229937 ], [ -119.7540025, 36.8230834 ], [ -119.7539998, 36.8231836 ], [ -119.7539978, 36.8232607 ] ] } },
{ "type": "Feature", "properties": { "name": null, "highway": "footway", "footway": "crossing", "osm_id": "way/1449602465" }, "geometry": { "type": "LineString", "coordinates": [ [ -119.7539978, 36.8232607 ], [ -119.754106, 36.8232616 ], [ -119.7542447, 36.8232628 ], [ -119.754333, 36.8232635 ] ] } },
{ "type": "Feature", "properties": { "name": null, "highway": "footway", "footway": "sidewalk", "osm_id": "way/1453754907" }, "geometry": { "type": "LineString", "coordinates": [ [ -119.7543982, 36.8084429 ], [ -119.7544139, 36.808433 ], [ -119.7544326, 36.8084498 ], [ -119.7544686, 36.808461 ], [ -119.7545093, 36.8084623 ], [ -119.7550419, 36.8084531 ], [ -119.7550961, 36.8084527 ], [ -119.7552073, 36.808452 ], [ -119.7552395, 36.8084518 ], [ -119.7559955, 36.8084501 ], [ -119.7560541, 36.8084504 ], [ -119.7561294, 36.8084508 ], [ -119.756398, 36.8084521 ], [ -119.7566184, 36.8084533 ], [ -119.7568845, 36.8084546 ] ] } },
{ "type": "Feature", "properties": { "name": null, "highway": "footway", "footway": "sidewalk", "osm_id": "way/1453767991" }, "geometry": { "type": "LineString", "coordinates": [ [ -119.7453676, 36.8099509 ], [ -119.7453691, 36.8099031 ] ] } },
{ "type": "Feature", "properties": { "name": null, "highway": "footway", "footway": "crossing", "osm_id": "way/1453767992" }, "geometry": { "type": "LineString", "coordinates": [ [ -119.7429882, 36.8096637 ], [ -119.7429891, 36.8096132 ], [ -119.7429898, 36.8095676 ] ] } },
{ "type": "Feature", "properties": { "name": null, "highway": "footway", "footway": "traffic_island", "osm_id": "way/1453767993" }, "geometry": { "type": "LineString", "coordinates": [ [ -119.7429898, 36.8095676 ], [ -119.7429904, 36.8095361 ] ] } },
{ "type": "Feature", "properties": { "name": null, "highway": "footway", "footway": "sidewalk", "osm_id": "way/1453767994" }, "geometry": { "type": "LineString", "coordinates": [ [ -119.7453689, 36.8101547 ], [ -119.7453851, 36.8101613 ] ] } },
{ "type": "Feature", "properties": { "name": null, "highway": "footway", "footway": "sidewalk", "osm_id": "way/1456980149" }, "geometry": { "type": "LineString", "coordinates": [ [ -119.7322941, 36.8087324 ], [ -119.7323356, 36.8087236 ], [ -119.7325435, 36.8087214 ], [ -119.7325949, 36.8087346 ], [ -119.7326505, 36.8087608 ], [ -119.7327107, 36.8087774 ], [ -119.7333402, 36.8087795 ], [ -119.7338883, 36.8087898 ], [ -119.7340179, 36.8087997 ], [ -119.7340923, 36.8088141 ], [ -119.734168, 36.8088454 ] ] } },
{ "type": "Feature", "properties": { "name": null, "highway": "footway", "footway": "sidewalk", "osm_id": "way/1456980150" }, "geometry": { "type": "LineString", "coordinates": [ [ -119.7361399, 36.808806 ], [ -119.7360705, 36.8087774 ], [ -119.7353456, 36.8087705 ], [ -119.7352987, 36.8087689 ], [ -119.7352537, 36.8087593 ], [ -119.7351713, 36.8087383 ], [ -119.7351277, 36.8087351 ], [ -119.7349654, 36.8087362 ], [ -119.7348967, 36.8087559 ] ] } },
{ "type": "Feature", "properties": { "name": null, "highway": "footway", "footway": "sidewalk", "osm_id": "way/1456980151" }, "geometry": { "type": "LineString", "coordinates": [ [ -119.7362145, 36.8083951 ], [ -119.7361762, 36.8084043 ], [ -119.7360878, 36.8084046 ], [ -119.7357576, 36.8084057 ], [ -119.7356248, 36.8084061 ], [ -119.735478, 36.8084067 ], [ -119.7354078, 36.8083864 ], [ -119.7353316, 36.8083717 ], [ -119.7349586, 36.8083709 ], [ -119.7348901, 36.8083499 ] ] } },
{ "type": "Feature", "properties": { "name": null, "highway": "footway", "footway": "crossing", "osm_id": "way/1456980162" }, "geometry": { "type": "LineString", "coordinates": [ [ -119.7425067, 36.8084051 ], [ -119.7424239, 36.8084043 ], [ -119.7423172, 36.8084034 ], [ -119.7422236, 36.8084025 ] ] } },
{ "type": "Feature", "properties": { "name": null, "highway": "footway", "footway": "crossing", "osm_id": "way/1457844705" }, "geometry": { "type": "LineString", "coordinates": [ [ -119.7409826, 36.8110753 ], [ -119.740961, 36.811037 ] ] } },
{ "type": "Feature", "properties": { "name": null, "highway": "footway", "footway": "sidewalk", "osm_id": "way/1457844708" }, "geometry": { "type": "LineString", "coordinates": [ [ -119.7441214, 36.810684 ], [ -119.7441155, 36.8106466 ], [ -119.7441215, 36.8106177 ], [ -119.7441664, 36.8106091 ], [ -119.7441839, 36.8106172 ], [ -119.744212, 36.8106414 ], [ -119.7442221, 36.8106746 ] ] } },
{ "type": "Feature", "properties": { "name": null, "highway": "footway", "footway": null, "osm_id": "way/1457844709" }, "geometry": { "type": "LineString", "coordinates": [ [ -119.7449012, 36.8106811 ], [ -119.7449018, 36.8108373 ], [ -119.7449039, 36.8114043 ] ] } },
{ "type": "Feature", "properties": { "name": null, "highway": "footway", "footway": null, "osm_id": "way/1457844710" }, "geometry": { "type": "LineString", "coordinates": [ [ -119.7453702, 36.8109363 ], [ -119.7451498, 36.8109333 ] ] } },
{ "type": "Feature", "properties": { "name": null, "highway": "footway", "footway": "sidewalk", "osm_id": "way/1457844711" }, "geometry": { "type": "LineString", "coordinates": [ [ -119.7475713, 36.8115572 ], [ -119.747445, 36.8113218 ], [ -119.7471246, 36.8112873 ], [ -119.7470661, 36.8112429 ], [ -119.7470661, 36.8111023 ], [ -119.7467513, 36.8111023 ] ] } },
{ "type": "Feature", "properties": { "name": null, "highway": "footway", "footway": "crossing", "osm_id": "way/1457844712" }, "geometry": { "type": "LineString", "coordinates": [ [ -119.7481882, 36.8115808 ], [ -119.748136, 36.811652 ] ] } },
{ "type": "Feature", "properties": { "name": null, "highway": "footway", "footway": "sidewalk", "osm_id": "way/1457844713" }, "geometry": { "type": "LineString", "coordinates": [ [ -119.7483173, 36.8129822 ], [ -119.7485177, 36.8131682 ], [ -119.7485963, 36.8132412 ] ] } },
{ "type": "Feature", "properties": { "name": null, "highway": "footway", "footway": "sidewalk", "osm_id": "way/1457844716" }, "geometry": { "type": "LineString", "coordinates": [ [ -119.7410411, 36.8154072 ], [ -119.7410386, 36.8157083 ] ] } },
{ "type": "Feature", "properties": { "name": null, "highway": "footway", "footway": "sidewalk", "osm_id": "way/1457844717" }, "geometry": { "type": "LineString", "coordinates": [ [ -119.7413459, 36.816154 ], [ -119.7410817, 36.8161507 ], [ -119.7410574, 36.8161922 ], [ -119.7410299, 36.8162159 ], [ -119.7409937, 36.8162293 ], [ -119.7409521, 36.8162368 ], [ -119.7409327, 36.8162502 ], [ -119.7409112, 36.8162695 ], [ -119.7408918, 36.8162803 ], [ -119.7408663, 36.8162808 ], [ -119.7408314, 36.8162717 ], [ -119.7407804, 36.8162567 ], [ -119.7407496, 36.8162491 ], [ -119.7407127, 36.816247 ], [ -119.7406499, 36.8162465 ] ] } },
{ "type": "Feature", "properties": { "name": null, "highway": "footway", "footway": "sidewalk", "osm_id": "way/1457848283" }, "geometry": { "type": "LineString", "coordinates": [ [ -119.7351753, 36.8125625 ], [ -119.7351741, 36.8126754 ], [ -119.7354314, 36.8126771 ] ] } },
{ "type": "Feature", "properties": { "name": null, "highway": "footway", "footway": "sidewalk", "osm_id": "way/1457848884" }, "geometry": { "type": "LineString", "coordinates": [ [ -119.7396605, 36.8094951 ], [ -119.7393873, 36.8094958 ] ] } },
{ "type": "Feature", "properties": { "name": null, "highway": "footway", "footway": "sidewalk", "osm_id": "way/1457848885" }, "geometry": { "type": "LineString", "coordinates": [ [ -119.7375419, 36.8090988 ], [ -119.7375409, 36.8092015 ], [ -119.7376372, 36.8092739 ], [ -119.7376847, 36.8092739 ] ] } },
{ "type": "Feature", "properties": { "name": null, "highway": "footway", "footway": "sidewalk", "osm_id": "way/1457852131" }, "geometry": { "type": "LineString", "coordinates": [ [ -119.753163, 36.8111273 ], [ -119.7531572, 36.8113883 ], [ -119.7532062, 36.8115239 ], [ -119.7531934, 36.8117604 ], [ -119.7531467, 36.8118669 ], [ -119.7531537, 36.8120202 ], [ -119.7531727, 36.8121004 ], [ -119.7532143, 36.81222 ] ] } },
{ "type": "Feature", "properties": { "name": null, "highway": "footway", "footway": null, "osm_id": "way/1460598077" }, "geometry": { "type": "LineString", "coordinates": [ [ -119.7458382, 36.8106874 ], [ -119.745374, 36.8106887 ] ] } },
{ "type": "Feature", "properties": { "name": null, "highway": "footway", "footway": null, "osm_id": "way/1460598082" }, "geometry": { "type": "LineString", "coordinates": [ [ -119.7441214, 36.810684 ], [ -119.7440984, 36.8112943 ], [ -119.744178, 36.8113581 ], [ -119.7441856, 36.8113984 ] ] } },
{ "type": "Feature", "properties": { "name": null, "highway": "footway", "footway": null, "osm_id": "way/1460598084" }, "geometry": { "type": "LineString", "coordinates": [ [ -119.7449018, 36.8108373 ], [ -119.7449449, 36.8108641 ], [ -119.74501, 36.8108781 ], [ -119.7450522, 36.8108781 ], [ -119.7451059, 36.8108588 ], [ -119.7451515, 36.8108378 ] ] } },
{ "type": "Feature", "properties": { "name": null, "highway": "footway", "footway": null, "osm_id": "way/1460598085" }, "geometry": { "type": "LineString", "coordinates": [ [ -119.7462894, 36.8132727 ], [ -119.7462887, 36.8135001 ] ] } },
{ "type": "Feature", "properties": { "name": null, "highway": "steps", "footway": null, "osm_id": "way/1460598600" }, "geometry": { "type": "LineString", "coordinates": [ [ -119.7429883, 36.8098157 ], [ -119.7429887, 36.8098486 ] ] } },
{ "type": "Feature", "properties": { "name": null, "highway": "footway", "footway": "sidewalk", "osm_id": "way/1460869703" }, "geometry": { "type": "LineString", "coordinates": [ [ -119.7271142, 36.8156665 ], [ -119.7270574, 36.8156772 ], [ -119.7267096, 36.8156762 ], [ -119.7263672, 36.8156752 ] ] } },
{ "type": "Feature", "properties": { "name": null, "highway": "footway", "footway": "sidewalk", "osm_id": "way/1460870484" }, "geometry": { "type": "LineString", "coordinates": [ [ -119.7367309, 36.8157474 ], [ -119.7366295, 36.8157478 ], [ -119.7365667, 36.8157464 ], [ -119.7365163, 36.8157301 ], [ -119.7364366, 36.8156926 ], [ -119.7363844, 36.81566 ], [ -119.7363517, 36.8156203 ], [ -119.7363305, 36.8155693 ], [ -119.7363189, 36.8155212 ] ] } },
{ "type": "Feature", "properties": { "name": null, "highway": "footway", "footway": "crossing", "osm_id": "way/1460870835" }, "geometry": { "type": "LineString", "coordinates": [ [ -119.7362579, 36.8232264 ], [ -119.7360522, 36.8232246 ], [ -119.7358757, 36.8232231 ], [ -119.7358794, 36.823139 ], [ -119.7358843, 36.8230287 ], [ -119.7358891, 36.8229215 ], [ -119.7360535, 36.8229175 ], [ -119.7362458, 36.8229129 ], [ -119.7362504, 36.8230312 ], [ -119.7362546, 36.8231404 ], [ -119.7362579, 36.8232264 ] ] } },
{ "type": "Feature", "properties": { "name": null, "highway": "footway", "footway": "sidewalk", "osm_id": "way/1465737683" }, "geometry": { "type": "LineString", "coordinates": [ [ -119.754333, 36.8232635 ], [ -119.7543381, 36.823899 ], [ -119.7543255, 36.8240346 ], [ -119.7543169, 36.8241277 ], [ -119.754328, 36.8256238 ] ] } },
{ "type": "Feature", "properties": { "name": null, "highway": "footway", "footway": "sidewalk", "osm_id": "way/1465737684" }, "geometry": { "type": "LineString", "coordinates": [ [ -119.7544582, 36.8260651 ], [ -119.7544744, 36.826083 ], [ -119.7544748, 36.8264615 ], [ -119.7544934, 36.8267045 ] ] } },
{ "type": "Feature", "properties": { "name": null, "highway": "footway", "footway": "crossing", "osm_id": "way/1465737685" }, "geometry": { "type": "LineString", "coordinates": [ [ -119.7544934, 36.8267045 ], [ -119.7544937, 36.8267594 ], [ -119.7544941, 36.8268308 ] ] } },
{ "type": "Feature", "properties": { "name": null, "highway": "footway", "footway": "sidewalk", "osm_id": "way/1465737686" }, "geometry": { "type": "LineString", "coordinates": [ [ -119.7544941, 36.8268308 ], [ -119.7544836, 36.8270051 ], [ -119.7544782, 36.8271161 ], [ -119.7544818, 36.8274829 ] ] } },
{ "type": "Feature", "properties": { "name": null, "highway": "footway", "footway": "crossing", "osm_id": "way/1465737687" }, "geometry": { "type": "LineString", "coordinates": [ [ -119.7544818, 36.8274829 ], [ -119.7544818, 36.8275392 ], [ -119.7544818, 36.8276167 ] ] } },
{ "type": "Feature", "properties": { "name": null, "highway": "footway", "footway": "sidewalk", "osm_id": "way/1465737688" }, "geometry": { "type": "LineString", "coordinates": [ [ -119.7544818, 36.8276167 ], [ -119.7544914, 36.8301147 ] ] } },
{ "type": "Feature", "properties": { "name": null, "highway": "footway", "footway": "crossing", "osm_id": "way/1465737689" }, "geometry": { "type": "LineString", "coordinates": [ [ -119.7544914, 36.8301147 ], [ -119.7544125, 36.8301774 ], [ -119.7543452, 36.830228 ] ] } },
{ "type": "Feature", "properties": { "name": null, "highway": "footway", "footway": "crossing", "osm_id": "way/1465737690" }, "geometry": { "type": "LineString", "coordinates": [ [ -119.7543452, 36.830228 ], [ -119.754263, 36.830224 ], [ -119.7541291, 36.8302174 ], [ -119.7540276, 36.8302124 ], [ -119.7540288, 36.83029 ], [ -119.7540303, 36.8303803 ], [ -119.754129, 36.8303792 ], [ -119.754263, 36.8303777 ], [ -119.7543541, 36.8303767 ], [ -119.7543489, 36.8302891 ], [ -119.7543452, 36.830228 ] ] } },
{ "type": "Feature", "properties": { "name": null, "highway": "footway", "footway": "sidewalk", "osm_id": "way/1465737691" }, "geometry": { "type": "LineString", "coordinates": [ [ -119.7540303, 36.8303803 ], [ -119.754037, 36.8304122 ], [ -119.7540366, 36.8314828 ], [ -119.7539842, 36.8315015 ], [ -119.7521251, 36.8316037 ] ] } },
{ "type": "Feature", "properties": { "name": null, "highway": "footway", "footway": "sidewalk", "osm_id": "way/1465737692" }, "geometry": { "type": "LineString", "coordinates": [ [ -119.7544933, 36.8310905 ], [ -119.7544926, 36.8313749 ], [ -119.7545071, 36.8315713 ], [ -119.7545172, 36.8315865 ] ] } },
{ "type": "Feature", "properties": { "name": null, "highway": "footway", "footway": "sidewalk", "osm_id": "way/1465737702" }, "geometry": { "type": "LineString", "coordinates": [ [ -119.754333, 36.8232635 ], [ -119.7549757, 36.8232603 ], [ -119.755223, 36.8232591 ], [ -119.7559257, 36.8232556 ], [ -119.7565421, 36.8232525 ], [ -119.7566285, 36.8232521 ], [ -119.7566466, 36.8232547 ], [ -119.7566587, 36.8232633 ], [ -119.7566654, 36.8232794 ], [ -119.7566795, 36.8233218 ], [ -119.7566949, 36.8233379 ], [ -119.756717, 36.8233514 ], [ -119.7567418, 36.8233578 ], [ -119.7567747, 36.823361 ], [ -119.7571677, 36.8233576 ] ] } },
{ "type": "Feature", "properties": { "name": null, "highway": "footway", "footway": "crossing", "osm_id": "way/1466889485" }, "geometry": { "type": "LineString", "coordinates": [ [ -119.7186787, 36.8231601 ], [ -119.7185282, 36.823148 ], [ -119.7184452, 36.8231414 ] ] } },
{ "type": "Feature", "properties": { "name": null, "highway": "footway", "footway": "sidewalk", "osm_id": "way/1466889486" }, "geometry": { "type": "LineString", "coordinates": [ [ -119.7184452, 36.8231414 ], [ -119.7183997, 36.823133 ], [ -119.7180389, 36.823132 ] ] } },
{ "type": "Feature", "properties": { "name": null, "highway": "footway", "footway": "crossing", "osm_id": "way/1466889487" }, "geometry": { "type": "LineString", "coordinates": [ [ -119.7180389, 36.823132 ], [ -119.7179992, 36.8231867 ], [ -119.7179595, 36.8232414 ] ] } },
{ "type": "Feature", "properties": { "name": null, "highway": "footway", "footway": "crossing", "osm_id": "way/1466889494" }, "geometry": { "type": "LineString", "coordinates": [ [ -119.7294608, 36.8232205 ], [ -119.7294164, 36.823229 ], [ -119.7292833, 36.8232148 ], [ -119.7290711, 36.8231922 ], [ -119.7289761, 36.8231821 ] ] } },
{ "type": "Feature", "properties": { "name": null, "highway": "footway", "footway": "sidewalk", "osm_id": "way/1466889495" }, "geometry": { "type": "LineString", "coordinates": [ [ -119.7289761, 36.8231821 ], [ -119.7289141, 36.8231616 ], [ -119.7285413, 36.8231613 ], [ -119.7285272, 36.8231763 ], [ -119.7285319, 36.8232219 ] ] } },
{ "type": "Feature", "properties": { "name": null, "highway": "footway", "footway": "crossing", "osm_id": "way/1466889496" }, "geometry": { "type": "LineString", "coordinates": [ [ -119.7285319, 36.8232219 ], [ -119.7284781, 36.82325 ], [ -119.7284121, 36.8232893 ] ] } },
{ "type": "Feature", "properties": { "name": null, "highway": "footway", "footway": "sidewalk", "osm_id": "way/1466889497" }, "geometry": { "type": "LineString", "coordinates": [ [ -119.7284121, 36.8232893 ], [ -119.7283704, 36.8232779 ], [ -119.7280716, 36.8232771 ], [ -119.7277636, 36.8233015 ], [ -119.727727, 36.8233202 ] ] } },
{ "type": "Feature", "properties": { "name": null, "highway": "footway", "footway": "crossing", "osm_id": "way/1466889498" }, "geometry": { "type": "LineString", "coordinates": [ [ -119.727727, 36.8233202 ], [ -119.7276166, 36.8233223 ], [ -119.727558, 36.8233234 ] ] } },
{ "type": "Feature", "properties": { "name": null, "highway": "footway", "footway": "sidewalk", "osm_id": "way/1466889499" }, "geometry": { "type": "LineString", "coordinates": [ [ -119.727558, 36.8233234 ], [ -119.7275556, 36.823202 ], [ -119.7275495, 36.8231744 ], [ -119.7275252, 36.8231606 ], [ -119.7274195, 36.8231695 ], [ -119.7273658, 36.8231751 ], [ -119.7273115, 36.8231737 ], [ -119.7272794, 36.8231616 ], [ -119.7272263, 36.8231597 ], [ -119.7271527, 36.8231704 ], [ -119.7270833, 36.8231718 ], [ -119.7269916, 36.8231686 ], [ -119.7268399, 36.8231672 ], [ -119.7267827, 36.823176 ], [ -119.7267315, 36.8231793 ], [ -119.7266787, 36.8231746 ], [ -119.7266256, 36.8231695 ], [ -119.726426, 36.8231667 ], [ -119.7263985, 36.8231887 ] ] } },
{ "type": "Feature", "properties": { "name": null, "highway": "footway", "footway": "crossing", "osm_id": "way/1466889500" }, "geometry": { "type": "LineString", "coordinates": [ [ -119.7263985, 36.8231887 ], [ -119.7263337, 36.8231815 ], [ -119.7262226, 36.8231692 ] ] } },
{ "type": "Feature", "properties": { "name": null, "highway": "footway", "footway": "sidewalk", "osm_id": "way/1466889501" }, "geometry": { "type": "LineString", "coordinates": [ [ -119.7262226, 36.8231692 ], [ -119.7261828, 36.8231526 ], [ -119.7248399, 36.8231488 ], [ -119.7247923, 36.8231638 ] ] } },
{ "type": "Feature", "properties": { "name": null, "highway": "footway", "footway": "crossing", "osm_id": "way/1466889502" }, "geometry": { "type": "LineString", "coordinates": [ [ -119.7247923, 36.8231638 ], [ -119.724704, 36.8231643 ], [ -119.7246133, 36.8231649 ] ] } },
{ "type": "Feature", "properties": { "name": null, "highway": "footway", "footway": "sidewalk", "osm_id": "way/1466889503" }, "geometry": { "type": "LineString", "coordinates": [ [ -119.7246133, 36.8231649 ], [ -119.7245844, 36.8231488 ], [ -119.7232159, 36.8231438 ], [ -119.7225764, 36.8231415 ], [ -119.7225296, 36.8231562 ] ] } },
{ "type": "Feature", "properties": { "name": null, "highway": "footway", "footway": "crossing", "osm_id": "way/1466889504" }, "geometry": { "type": "LineString", "coordinates": [ [ -119.7225296, 36.8231562 ], [ -119.7224358, 36.8231555 ], [ -119.7223701, 36.823155 ] ] } },
{ "type": "Feature", "properties": { "name": null, "highway": "footway", "footway": "sidewalk", "osm_id": "way/1466889505" }, "geometry": { "type": "LineString", "coordinates": [ [ -119.7223701, 36.823155 ], [ -119.7223385, 36.823142 ], [ -119.7196186, 36.8231339 ], [ -119.7188916, 36.8231317 ] ] } },
{ "type": "Feature", "properties": { "name": null, "highway": "footway", "footway": "sidewalk", "osm_id": "way/1468579835" }, "geometry": { "type": "LineString", "coordinates": [ [ -119.7364409, 36.8083928 ], [ -119.736496, 36.8084069 ], [ -119.7368609, 36.8084071 ], [ -119.7374542, 36.8084075 ], [ -119.7374843, 36.8083989 ], [ -119.7374966, 36.8083748 ], [ -119.7375112, 36.808315 ], [ -119.7375413, 36.8082755 ], [ -119.7375759, 36.8082545 ], [ -119.737626, 36.8082404 ], [ -119.7376691, 36.8082397 ], [ -119.7377146, 36.8082465 ], [ -119.7378621, 36.8082768 ], [ -119.7379757, 36.8083002 ], [ -119.7380379, 36.8083 ], [ -119.7385141, 36.8082989 ], [ -119.7385403, 36.8082848 ], [ -119.7385449, 36.8082564 ], [ -119.7385226, 36.8081464 ], [ -119.7384886, 36.8079787 ], [ -119.7384885, 36.8054845 ], [ -119.7380444, 36.8054833 ], [ -119.738001, 36.8054832 ], [ -119.7379258, 36.8054938 ], [ -119.7375056, 36.8054922 ], [ -119.7374016, 36.8054918 ], [ -119.7372783, 36.8054913 ], [ -119.7371696, 36.8055068 ], [ -119.7370832, 36.805532 ], [ -119.7370181, 36.8055662 ], [ -119.736946, 36.805624 ], [ -119.7364703, 36.8062628 ], [ -119.7364358, 36.8063336 ], [ -119.7364246, 36.8063954 ], [ -119.7364253, 36.8067676 ], [ -119.7364273, 36.8077491 ], [ -119.7364277, 36.8079481 ], [ -119.7364285, 36.808359 ], [ -119.7364409, 36.8083928 ] ] } },
{ "type": "Feature", "properties": { "name": null, "highway": "footway", "footway": "crossing", "osm_id": "way/1468579836" }, "geometry": { "type": "LineString", "coordinates": [ [ -119.7387616, 36.8083905 ], [ -119.7386321, 36.8083286 ], [ -119.7385403, 36.8082848 ] ] } },
{ "type": "Feature", "properties": { "name": null, "highway": "footway", "footway": "sidewalk", "osm_id": "way/1468580629" }, "geometry": { "type": "LineString", "coordinates": [ [ -119.7453743, 36.8084193 ], [ -119.7454305, 36.8084334 ], [ -119.7456272, 36.8084337 ], [ -119.746084, 36.8084345 ], [ -119.7469924, 36.8084361 ], [ -119.7470317, 36.8084362 ], [ -119.7474325, 36.8084369 ] ] } },
{ "type": "Feature", "properties": { "name": null, "highway": "footway", "footway": "crossing", "osm_id": "way/1468580630" }, "geometry": { "type": "LineString", "coordinates": [ [ -119.7474325, 36.8084369 ], [ -119.7474984, 36.8084376 ], [ -119.7475775, 36.8084385 ] ] } },
{ "type": "Feature", "properties": { "name": null, "highway": "footway", "footway": "sidewalk", "osm_id": "way/1468580631" }, "geometry": { "type": "LineString", "coordinates": [ [ -119.7475775, 36.8084385 ], [ -119.7496614, 36.8084431 ] ] } },
{ "type": "Feature", "properties": { "name": null, "highway": "footway", "footway": "sidewalk", "osm_id": "way/1468580632" }, "geometry": { "type": "LineString", "coordinates": [ [ -119.7498232, 36.8084394 ], [ -119.7518587, 36.8084537 ], [ -119.7518932, 36.8084388 ] ] } },
{ "type": "Feature", "properties": { "name": null, "highway": "footway", "footway": "sidewalk", "osm_id": "way/1468580633" }, "geometry": { "type": "LineString", "coordinates": [ [ -119.7540093, 36.8084394 ], [ -119.754001, 36.8084332 ], [ -119.7539779, 36.8084505 ], [ -119.753968, 36.8084554 ], [ -119.7539566, 36.8084586 ], [ -119.7537951, 36.8084603 ], [ -119.7536106, 36.8084575 ], [ -119.7535071, 36.8084571 ], [ -119.7534819, 36.8084532 ], [ -119.7533279, 36.8084554 ], [ -119.7532957, 36.8084594 ], [ -119.7532667, 36.8084609 ], [ -119.7530187, 36.80846 ], [ -119.7521044, 36.8084566 ], [ -119.7520449, 36.8084524 ] ] } },
{ "type": "Feature", "properties": { "name": null, "highway": "footway", "footway": "crossing", "osm_id": "way/1468580634" }, "geometry": { "type": "LineString", "coordinates": [ [ -119.7520449, 36.8084524 ], [ -119.7519624, 36.808445 ], [ -119.7518932, 36.8084388 ] ] } },
{ "type": "Feature", "properties": { "name": null, "highway": "footway", "footway": "crossing", "osm_id": "way/1468580635" }, "geometry": { "type": "LineString", "coordinates": [ [ -119.7522036, 36.8109417 ], [ -119.7522273, 36.8110346 ], [ -119.7522504, 36.8111251 ] ] } },
{ "type": "Feature", "properties": { "name": null, "highway": "footway", "footway": "crossing", "osm_id": "way/1469539641" }, "geometry": { "type": "LineString", "coordinates": [ [ -119.72925, 36.8261809 ], [ -119.7292518, 36.8262771 ], [ -119.7292531, 36.8263484 ] ] } },
{ "type": "Feature", "properties": { "name": null, "highway": "footway", "footway": "sidewalk", "osm_id": "way/1469539642" }, "geometry": { "type": "LineString", "coordinates": [ [ -119.7296452, 36.8261881 ], [ -119.7297048, 36.8261994 ], [ -119.7297729, 36.8262169 ], [ -119.729806, 36.8262401 ], [ -119.729838, 36.8262747 ], [ -119.7298497, 36.8263023 ], [ -119.7298593, 36.8263511 ], [ -119.7298583, 36.8264146 ], [ -119.7298436, 36.8264868 ], [ -119.7297928, 36.8266752 ], [ -119.7297947, 36.8267754 ], [ -119.7297585, 36.8269962 ], [ -119.7297593, 36.8270524 ] ] } },
{ "type": "Feature", "properties": { "name": null, "highway": "footway", "footway": "crossing", "osm_id": "way/1469539643" }, "geometry": { "type": "LineString", "coordinates": [ [ -119.7297593, 36.8270524 ], [ -119.7297606, 36.8271238 ], [ -119.729762, 36.8271959 ] ] } },
{ "type": "Feature", "properties": { "name": null, "highway": "footway", "footway": "sidewalk", "osm_id": "way/1469539644" }, "geometry": { "type": "LineString", "coordinates": [ [ -119.729762, 36.8271959 ], [ -119.7297749, 36.827889 ] ] } },
{ "type": "Feature", "properties": { "name": null, "highway": "footway", "footway": "sidewalk", "osm_id": "way/1469942903" }, "geometry": { "type": "LineString", "coordinates": [ [ -119.7270998, 36.8158924 ], [ -119.727038, 36.815874 ], [ -119.726468, 36.8158715 ], [ -119.7264149, 36.8158839 ] ] } },
{ "type": "Feature", "properties": { "name": null, "highway": "footway", "footway": "sidewalk", "osm_id": "way/1469942911" }, "geometry": { "type": "LineString", "coordinates": [ [ -119.7271526, 36.8139341 ], [ -119.72711, 36.8126159 ] ] } },
{ "type": "Feature", "properties": { "name": null, "highway": "footway", "footway": "sidewalk", "osm_id": "way/1469942912" }, "geometry": { "type": "LineString", "coordinates": [ [ -119.7271142, 36.8156665 ], [ -119.7271268, 36.8156344 ], [ -119.7271314, 36.8155064 ], [ -119.7271467, 36.8150915 ] ] } },
{ "type": "Feature", "properties": { "name": null, "highway": "footway", "footway": "sidewalk", "osm_id": "way/1469942913" }, "geometry": { "type": "LineString", "coordinates": [ [ -119.7271467, 36.8150915 ], [ -119.7271526, 36.8139341 ] ] } },
{ "type": "Feature", "properties": { "name": null, "highway": "footway", "footway": "sidewalk", "osm_id": "way/1480825143" }, "geometry": { "type": "LineString", "coordinates": [ [ -119.7544934, 36.8267045 ], [ -119.7545221, 36.826692 ], [ -119.7577865, 36.826678 ], [ -119.7579206, 36.8266876 ], [ -119.7580319, 36.8267102 ], [ -119.7581303, 36.8267409 ], [ -119.7582347, 36.8267883 ], [ -119.758317, 36.8268308 ], [ -119.7583276, 36.8268358 ], [ -119.7584338, 36.8267678 ], [ -119.7585258, 36.8267154 ], [ -119.7586143, 36.8266828 ], [ -119.7587107, 36.8266509 ], [ -119.7588629, 36.8266268 ], [ -119.7590186, 36.826619 ], [ -119.7591106, 36.8266212 ] ] } },
{ "type": "Feature", "properties": { "name": null, "highway": "footway", "footway": "sidewalk", "osm_id": "way/1480825149" }, "geometry": { "type": "LineString", "coordinates": [ [ -119.7575555, 36.8303678 ], [ -119.7543868, 36.8303752 ], [ -119.7543541, 36.8303767 ] ] } },
{ "type": "Feature", "properties": { "name": null, "highway": "footway", "footway": "sidewalk", "osm_id": "way/1501275922" }, "geometry": { "type": "LineString", "coordinates": [ [ -119.7358155, 36.8157262 ], [ -119.7358142, 36.8157128 ] ] } },
{ "type": "Feature", "properties": { "name": null, "highway": "footway", "footway": "crossing", "osm_id": "way/1501275923" }, "geometry": { "type": "LineString", "coordinates": [ [ -119.7358155, 36.8157262 ], [ -119.7358182, 36.8157694 ], [ -119.7358198, 36.8157943 ] ] } },
{ "type": "Feature", "properties": { "name": null, "highway": "footway", "footway": "crossing", "osm_id": "way/1501275924" }, "geometry": { "type": "LineString", "coordinates": [ [ -119.7357881, 36.815827 ], [ -119.7357812, 36.8158672 ], [ -119.7357759, 36.8158976 ] ] } },
{ "type": "Feature", "properties": { "name": null, "highway": "footway", "footway": "traffic_island", "osm_id": "way/1501275925" }, "geometry": { "type": "LineString", "coordinates": [ [ -119.7358198, 36.8157943 ], [ -119.7358214, 36.8158066 ], [ -119.7358198, 36.8158098 ], [ -119.7358169, 36.8158106 ], [ -119.7357918, 36.81581 ], [ -119.7357881, 36.8158115 ], [ -119.7357869, 36.8158148 ], [ -119.7357881, 36.815827 ] ] } },
{ "type": "Feature", "properties": { "name": null, "highway": "footway", "footway": "sidewalk", "osm_id": "way/1501275926" }, "geometry": { "type": "LineString", "coordinates": [ [ -119.7360819, 36.8139636 ], [ -119.7360797, 36.8140627 ] ] } },
{ "type": "Feature", "properties": { "name": null, "highway": "footway", "footway": "crossing", "osm_id": "way/1501275927" }, "geometry": { "type": "LineString", "coordinates": [ [ -119.7360831, 36.8139047 ], [ -119.7360827, 36.8139289 ], [ -119.7360819, 36.8139636 ] ] } },
{ "type": "Feature", "properties": { "name": null, "highway": "footway", "footway": "sidewalk", "osm_id": "way/1501278885" }, "geometry": { "type": "LineString", "coordinates": [ [ -119.754001, 36.8084332 ], [ -119.7540158, 36.8084186 ], [ -119.7540291, 36.8083988 ], [ -119.7540348, 36.8083799 ], [ -119.7540392, 36.8083568 ], [ -119.7540412, 36.808264 ], [ -119.7540465, 36.8080903 ], [ -119.7540563, 36.8077658 ] ] } },
{ "type": "Feature", "properties": { "name": null, "highway": "footway", "footway": "sidewalk", "osm_id": "way/1501278887" }, "geometry": { "type": "LineString", "coordinates": [ [ -119.7544139, 36.808433 ], [ -119.7543934, 36.8083748 ], [ -119.7543802, 36.8082794 ], [ -119.7543747, 36.8081498 ], [ -119.754378, 36.8079102 ], [ -119.754369, 36.8075869 ], [ -119.7543664, 36.8074916 ], [ -119.7543685, 36.8071124 ], [ -119.7543698, 36.8068792 ], [ -119.7543696, 36.806816 ], [ -119.7543694, 36.8067191 ], [ -119.7543703, 36.806683 ], [ -119.7543884, 36.8059836 ], [ -119.7543891, 36.8059508 ], [ -119.7543902, 36.8059009 ], [ -119.7544025, 36.8058177 ], [ -119.7544118, 36.8057835 ], [ -119.754424, 36.8057383 ], [ -119.7544292, 36.8057095 ], [ -119.7544282, 36.8056754 ], [ -119.7544146, 36.8056344 ], [ -119.7543982, 36.8055827 ], [ -119.754388, 36.8055452 ], [ -119.754388, 36.8055126 ], [ -119.7543947, 36.8054916 ], [ -119.7544126, 36.8054594 ], [ -119.7544296, 36.8054282 ], [ -119.754433, 36.8053992 ], [ -119.7544235, 36.8053634 ], [ -119.7543973, 36.8053201 ], [ -119.7543878, 36.8052866 ], [ -119.7543932, 36.8052542 ], [ -119.7544066, 36.8052287 ], [ -119.7544261, 36.8052001 ], [ -119.7544366, 36.8051767 ], [ -119.7544355, 36.8051579 ], [ -119.7544232, 36.8051271 ], [ -119.7543998, 36.8050958 ], [ -119.7543892, 36.8050627 ], [ -119.7543903, 36.8050185 ], [ -119.7543903, 36.8049749 ], [ -119.7543904, 36.8049278 ], [ -119.7543915, 36.8046637 ], [ -119.7544025, 36.8043841 ], [ -119.7544042, 36.8043205 ], [ -119.7544049, 36.8042688 ], [ -119.7544158, 36.8042208 ], [ -119.7544384, 36.8041816 ], [ -119.754447, 36.8041435 ], [ -119.7544392, 36.8041118 ], [ -119.7544223, 36.8040904 ], [ -119.7543929, 36.8040102 ], [ -119.7543846, 36.8039373 ], [ -119.7543874, 36.8037891 ], [ -119.7543943, 36.803705 ], [ -119.7544015, 36.803617 ], [ -119.7544507, 36.8035117 ], [ -119.7544581, 36.8034476 ], [ -119.7544581, 36.8033799 ], [ -119.7544523, 36.8032605 ], [ -119.7544307, 36.8032312 ] ] } },
{ "type": "Feature", "properties": { "name": null, "highway": "footway", "footway": "sidewalk", "osm_id": "way/1509300448" }, "geometry": { "type": "LineString", "coordinates": [ [ -119.7540303, 36.8303803 ], [ -119.7539775, 36.8303666 ], [ -119.7531776, 36.8303652 ], [ -119.7524964, 36.830364 ], [ -119.7524649, 36.8303668 ], [ -119.7523897, 36.8303735 ], [ -119.7502272, 36.8303766 ] ] } }
]
}
